stock,config,trade_count,win%,protrades%,total_pnl,pnl_per_share
ADANIPORTS,Extreme-1,5087,37.55,41.4,1252.0514,0.246128
ADANIPORTS,Extreme-2,5087,34.01,39.26,1331.3143,0.261709
ADANIPORTS,Extreme-3,5087,36.88,43.09,1219.6968,0.239767
ADANIPORTS,Extreme-4,5087,33.75,41.18,1115.9886,0.21938
ASHOKLEY,Extreme-1,5410,38.47,41.66,162.2393,0.029989
ASHOKLEY,Extreme-2,5410,35.34,39.52,191.1211,0.035327
ASHOKLEY,Extreme-3,5410,38.45,43.11,219.7846,0.040626
ASHOKLEY,Extreme-4,5410,35.14,41.09,246.5543,0.045574
AXISBANK,Extreme-1,5776,36.18,40.27,91.6604,0.015869
AXISBANK,Extreme-2,5776,32.79,38.23,222.3714,0.038499
AXISBANK,Extreme-3,5776,36.15,42.88,528.9082,0.09157
AXISBANK,Extreme-4,5776,32.81,40.96,404.0364,0.069951
BANDHANBNK,Extreme-1,5206,37.9,40.86,361.2846,0.069398
BANDHANBNK,Extreme-2,5206,34.46,38.65,359.0239,0.068963
BANDHANBNK,Extreme-3,5206,37.74,42.51,277.1793,0.053242
BANDHANBNK,Extreme-4,5206,34.79,40.49,295.1379,0.056692
BHARTIARTL,Extreme-1,5847,41.27,43.9,4440.7,0.759483
BHARTIARTL,Extreme-2,5847,37.93,41.66,4470.9393,0.764655
BHARTIARTL,Extreme-3,5847,41.8,46.5,5739.0321,0.981534
BHARTIARTL,Extreme-4,5847,37.88,44.55,5484.2357,0.937957
CIPLA,Extreme-1,5905,37.49,40.44,-409.2929,-0.069313
CIPLA,Extreme-2,5905,34.02,38.15,-332.8625,-0.05637
CIPLA,Extreme-3,5905,37.09,42.39,-498.3679,-0.084398
CIPLA,Extreme-4,5905,33.46,40.66,-557.5893,-0.094427
COALINDIA,Extreme-1,5695,37.63,41.46,609.5536,0.107033
COALINDIA,Extreme-2,5695,33.89,39.12,676.3607,0.118764
COALINDIA,Extreme-3,5695,37.35,43.3,799.3679,0.140363
COALINDIA,Extreme-4,5695,34.75,42.18,1083.0393,0.190174
DABUR,Extreme-1,5891,37.12,40.45,80.9407,0.01374
DABUR,Extreme-2,5891,33.9,38.23,112.4704,0.019092
DABUR,Extreme-3,5891,36.85,41.96,-66.3386,-0.011261
DABUR,Extreme-4,5891,33.07,39.62,-272.2429,-0.046213
DIVISLAB,Extreme-1,5603,37.41,40.84,4286.6093,0.765056
DIVISLAB,Extreme-2,5603,34.48,38.59,5431.1546,0.96933
DIVISLAB,Extreme-3,5603,37.71,42.66,6143.6618,1.096495
DIVISLAB,Extreme-4,5603,34.73,40.55,6487.8321,1.157921
HDFCBANK,Extreme-1,5957,37.52,40.88,677.9571,0.113808
HDFCBANK,Extreme-2,5957,34.06,38.44,653.425,0.10969
HDFCBANK,Extreme-3,5957,37.3,42.55,656.3161,0.110176
HDFCBANK,Extreme-4,5957,34.14,40.93,877.3714,0.147284
HINDALCO,Extreme-1,5117,39.36,42.25,856.2282,0.16733
HINDALCO,Extreme-2,5117,36.66,40.39,1249.5146,0.244189
HINDALCO,Extreme-3,5117,40.38,44.87,1805.9643,0.352934
HINDALCO,Extreme-4,5117,37.42,43.4,2123.6971,0.415028
ICICIBANK,Extreme-1,6292,36.57,40.61,239.0332,0.03799
ICICIBANK,Extreme-2,6292,33.63,38.6,547.6246,0.087035
ICICIBANK,Extreme-3,6292,37.17,42.99,1063.9436,0.169095
ICICIBANK,Extreme-4,6292,33.8,41.24,1152.4707,0.183164
INDUSINDBK,Extreme-1,5385,36.38,39.29,-326.2429,-0.060584
INDUSINDBK,Extreme-2,5385,33.63,37.47,91.3714,0.016968
INDUSINDBK,Extreme-3,5385,36.12,40.54,-1001.7589,-0.186028
INDUSINDBK,Extreme-4,5385,33.3,38.85,-656.9929,-0.122004
INFY,Extreme-1,5628,35.79,38.15,137.9875,0.024518
INFY,Extreme-2,5628,32.94,36.02,361.4589,0.064225
INFY,Extreme-3,5628,35.36,39.39,-900.1196,-0.159936
INFY,Extreme-4,5628,33.07,37.94,-238.6179,-0.042398
ITC,Extreme-1,6192,35.84,39.84,-178.7696,-0.028871
ITC,Extreme-2,6192,31.9,37.16,-359.3679,-0.058037
ITC,Extreme-3,6192,35.21,41.49,-340.7357,-0.055028
ITC,Extreme-4,6192,31.52,39.29,-432.4214,-0.069836
JSWSTEEL,Extreme-1,5484,35.56,39.24,-651.8382,-0.118862
JSWSTEEL,Extreme-2,5484,32.28,36.98,-732.5068,-0.133572
JSWSTEEL,Extreme-3,5484,35.47,41.43,-615.3979,-0.112217
JSWSTEEL,Extreme-4,5484,32.4,39.53,-658.8636,-0.120143
NATIONALUM,Extreme-1,5243,36.93,40.19,79.3571,0.015136
NATIONALUM,Extreme-2,5243,34.22,38.49,232.6682,0.044377
NATIONALUM,Extreme-3,5243,37.33,42.23,228.4025,0.043563
NATIONALUM,Extreme-4,5243,33.87,40.0,215.5421,0.04111
NTPC,Extreme-1,5936,37.3,40.82,233.8018,0.039387
NTPC,Extreme-2,5936,34.28,38.78,307.3304,0.051774
NTPC,Extreme-3,5936,37.01,42.76,161.1107,0.027141
NTPC,Extreme-4,5936,33.96,41.09,234.5929,0.03952
ONGC,Extreme-1,5691,37.99,40.63,200.1821,0.035175
ONGC,Extreme-2,5691,35.09,38.94,283.7793,0.049865
ONGC,Extreme-3,5691,38.76,43.33,421.3464,0.074037
ONGC,Extreme-4,5691,35.64,41.63,452.3021,0.079477
PNB,Extreme-1,5559,37.43,41.64,85.7818,0.015431
PNB,Extreme-2,5559,34.41,39.94,107.9882,0.019426
PNB,Extreme-3,5559,37.04,43.23,75.7621,0.013629
PNB,Extreme-4,5559,34.65,42.06,140.76,0.025321
POWERGRID,Extreme-1,5919,38.4,41.32,194.0036,0.032776
POWERGRID,Extreme-2,5919,35.28,39.21,251.8346,0.042547
POWERGRID,Extreme-3,5919,38.25,43.27,191.3332,0.032325
POWERGRID,Extreme-4,5919,35.61,41.61,249.9357,0.042226
RELIANCE,Extreme-1,5395,37.48,40.61,1403.7075,0.260187
RELIANCE,Extreme-2,5395,34.4,38.81,1805.9971,0.334754
RELIANCE,Extreme-3,5395,37.5,42.78,1737.1225,0.321987
RELIANCE,Extreme-4,5395,34.24,41.2,2041.5314,0.378412
SBIN,Extreme-1,5357,38.73,43.74,1765.6161,0.32959
SBIN,Extreme-2,5357,35.13,41.31,1770.7411,0.330547
SBIN,Extreme-3,5357,37.71,45.04,1605.4286,0.299688
SBIN,Extreme-4,5357,33.75,43.23,1500.875,0.280171
SUNPHARMA,Extreme-1,6236,39.62,43.14,2588.7857,0.415136
SUNPHARMA,Extreme-2,6236,36.29,40.86,2879.4089,0.46174
SUNPHARMA,Extreme-3,6236,40.19,46.12,4113.6089,0.659655
SUNPHARMA,Extreme-4,6236,36.53,43.99,4070.0036,0.652663
TATAMOTORS,Extreme-1,4766,38.42,41.52,932.4079,0.195637
TATAMOTORS,Extreme-2,4766,35.27,39.51,1038.3557,0.217867
TATAMOTORS,Extreme-3,4766,38.12,42.74,539.1804,0.113131
TATAMOTORS,Extreme-4,4766,34.89,40.6,418.2179,0.08775
TATASTEEL,Extreme-1,5146,38.26,41.51,142.085,0.027611
TATASTEEL,Extreme-2,5146,35.39,39.37,183.2411,0.035608
TATASTEEL,Extreme-3,5146,38.15,42.71,92.0275,0.017883
TATASTEEL,Extreme-4,5146,35.04,40.87,128.2821,0.024929
TECHM,Extreme-1,5700,34.86,37.6,-1703.8711,-0.298925
TECHM,Extreme-2,5700,31.88,35.44,-1526.9721,-0.26789
TECHM,Extreme-3,5700,34.67,38.72,-2286.2096,-0.401089
TECHM,Extreme-4,5700,31.18,36.75,-2456.1207,-0.430898
VEDL,Extreme-1,4883,39.73,42.78,619.4696,0.126863
VEDL,Extreme-2,4883,37.05,41.06,833.3393,0.170661
VEDL,Extreme-3,4883,40.82,45.42,985.9821,0.201921
VEDL,Extreme-4,4883,37.7,43.44,1184.2214,0.242519
VI,Extreme-1,7391,25.44,34.84,-130.2104,-0.017617
VI,Extreme-2,7391,21.84,33.16,-146.8032,-0.019862
VI,Extreme-3,7391,23.83,36.38,-140.2089,-0.01897
VI,Extreme-4,7391,21.24,35.39,-137.5264,-0.018607
WIPRO,Extreme-1,5384,36.72,39.17,-162.2539,-0.030136
WIPRO,Extreme-2,5384,33.95,37.05,-161.1668,-0.029934
WIPRO,Extreme-3,5384,36.79,40.43,-319.0768,-0.059264
WIPRO,Extreme-4,5384,33.71,38.73,-300.7014,-0.055851
