datetime,date,open,high,low,close,volume,MA20,MA50,MA100,MA200
2025-12-18 15:15:00,2025-12-18,11.28,11.32,11.28,11.29,19380000.0,,,,
2025-12-18 15:20:00,2025-12-18,11.29,11.31,11.29,11.3,13406000.0,,,,
2025-12-18 15:25:00,2025-12-18,11.29,11.35,11.29,11.33,18404000.0,,,,
2025-12-19 09:15:00,2025-12-19,11.42,11.48,11.25,11.35,53102000.0,,,,
2025-12-19 09:20:00,2025-12-19,11.35,11.46,11.28,11.44,34141000.0,,,,
2025-12-19 09:25:00,2025-12-19,11.43,11.5,11.43,11.49,25149000.0,,,,
2025-12-19 09:30:00,2025-12-19,11.49,11.53,11.47,11.51,20916000.0,,,,
2025-12-19 09:35:00,2025-12-19,11.51,11.52,11.44,11.45,11738000.0,,,,
2025-12-19 09:40:00,2025-12-19,11.46,11.49,11.44,11.47,12483000.0,,,,
2025-12-19 09:45:00,2025-12-19,11.47,11.66,11.46,11.64,47849000.0,,,,
2025-12-19 09:50:00,2025-12-19,11.64,11.7,11.63,11.64,45130000.0,,,,
2025-12-19 09:55:00,2025-12-19,11.64,11.64,11.58,11.61,17459000.0,,,,
2025-12-19 10:00:00,2025-12-19,11.61,11.68,11.6,11.65,18085000.0,,,,
2025-12-19 10:05:00,2025-12-19,11.64,11.65,11.6,11.62,9344000.0,,,,
2025-12-19 10:10:00,2025-12-19,11.62,11.64,11.6,11.62,5329000.0,,,,
2025-12-19 10:15:00,2025-12-19,11.62,11.63,11.58,11.58,16268999.999999998,,,,
2025-12-19 10:20:00,2025-12-19,11.59,11.63,11.57,11.6,10155000.0,,,,
2025-12-19 10:25:00,2025-12-19,11.61,11.63,11.58,11.6,8799000.0,,,,
2025-12-19 10:30:00,2025-12-19,11.6,11.63,11.59,11.61,4615000.0,,,,
2025-12-19 10:35:00,2025-12-19,11.62,11.66,11.6,11.65,17648000.0,11.522499999999999,,,
2025-12-19 10:40:00,2025-12-19,11.66,11.67,11.63,11.66,10035000.0,11.541,,,
2025-12-19 10:45:00,2025-12-19,11.66,11.72,11.65,11.71,24219000.0,11.561499999999999,,,
2025-12-19 10:50:00,2025-12-19,11.7,11.71,11.67,11.69,14672000.0,11.5795,,,
2025-12-19 10:55:00,2025-12-19,11.69,11.72,11.66,11.7,14281000.0,11.597,,,
2025-12-19 11:00:00,2025-12-19,11.7,11.7,11.66,11.69,8242000.000000001,11.6095,,,
2025-12-19 11:05:00,2025-12-19,11.69,11.73,11.68,11.72,14274000.0,11.621,,,
2025-12-19 11:10:00,2025-12-19,11.73,11.74,11.68,11.71,14160000.0,11.631,,,
2025-12-19 11:15:00,2025-12-19,11.71,11.73,11.69,11.71,7621000.0,11.644,,,
2025-12-19 11:20:00,2025-12-19,11.71,11.72,11.66,11.66,8079000.000000001,11.6535,,,
2025-12-19 11:25:00,2025-12-19,11.67,11.73,11.67,11.69,10587000.0,11.655999999999999,,,
2025-12-19 11:30:00,2025-12-19,11.69,11.71,11.68,11.7,3976000.0,11.659,,,
2025-12-19 11:35:00,2025-12-19,11.71,11.72,11.69,11.71,7361000.0,11.664,,,
2025-12-19 11:40:00,2025-12-19,11.72,11.72,11.68,11.69,7109000.0,11.666,,,
2025-12-19 11:45:00,2025-12-19,11.69,11.7,11.67,11.69,6186000.0,11.669500000000001,,,
2025-12-19 11:50:00,2025-12-19,11.68,11.69,11.67,11.67,2270000.0,11.672,,,
2025-12-19 11:55:00,2025-12-19,11.67,11.69,11.64,11.65,8675000.0,11.6755,,,
2025-12-19 12:00:00,2025-12-19,11.65,11.67,11.63,11.67,12232000.0,11.678999999999998,,,
2025-12-19 12:05:00,2025-12-19,11.67,11.67,11.63,11.66,8301000.0,11.681999999999999,,,
2025-12-19 12:10:00,2025-12-19,11.66,11.66,11.62,11.64,5355000.0,11.683499999999999,,,
2025-12-19 12:15:00,2025-12-19,11.64,11.65,11.63,11.63,4421000.0,11.682500000000001,,,
2025-12-19 12:20:00,2025-12-19,11.64,11.66,11.63,11.65,5552000.0,11.682,,,
2025-12-19 12:25:00,2025-12-19,11.65,11.67,11.63,11.66,3957000.0,11.6795,,,
2025-12-19 12:30:00,2025-12-19,11.65,11.67,11.59,11.61,16135000.000000002,11.675500000000001,,,
2025-12-19 12:35:00,2025-12-19,11.61,11.61,11.59,11.61,4249000.0,11.671,,,
2025-12-19 12:40:00,2025-12-19,11.61,11.64,11.6,11.64,4083000.0,11.6685,,,
2025-12-19 12:45:00,2025-12-19,11.64,11.64,11.62,11.64,6804000.0,11.6645,,,
2025-12-19 12:50:00,2025-12-19,11.64,11.64,11.6,11.62,3327000.0,11.66,,,
2025-12-19 12:55:00,2025-12-19,11.61,11.63,11.61,11.63,2325000.0,11.656,,,
2025-12-19 13:00:00,2025-12-19,11.62,11.63,11.6,11.61,4399000.0,11.653500000000001,,,
2025-12-19 13:05:00,2025-12-19,11.61,11.62,11.6,11.61,3551000.0,11.6495,,,
2025-12-19 13:10:00,2025-12-19,11.62,11.62,11.6,11.6,1791000.0,11.644499999999999,,,
2025-12-19 13:15:00,2025-12-19,11.61,11.62,11.59,11.6,6855000.0,11.639,,,
2025-12-19 13:20:00,2025-12-19,11.59,11.64,11.59,11.64,4450000.0,11.6365,,,
2025-12-19 13:25:00,2025-12-19,11.63,11.64,11.53,11.54,15410000.0,11.629,,,
2025-12-19 13:30:00,2025-12-19,11.54,11.68,11.53,11.67,22079000.0,11.629000000000001,,,
2025-12-19 13:35:00,2025-12-19,11.67,11.68,11.61,11.61,11513000.0,11.626999999999999,,,
2025-12-19 13:40:00,2025-12-19,11.62,11.64,11.6,11.61,5207000.0,11.624,,,
2025-12-19 13:45:00,2025-12-19,11.61,11.62,11.59,11.59,3899000.0,11.6205,,,
2025-12-19 13:50:00,2025-12-19,11.6,11.6,11.58,11.58,3449000.0,11.6175,,,
2025-12-19 13:55:00,2025-12-19,11.58,11.6,11.56,11.57,10340000.0,11.6145,,,
2025-12-19 14:00:00,2025-12-19,11.57,11.58,11.53,11.54,14167000.0,11.609,,,
2025-12-19 14:05:00,2025-12-19,11.53,11.6,11.53,11.57,8057000.0,11.6045,,,
2025-12-19 14:10:00,2025-12-19,11.58,11.58,11.56,11.56,3364000.0,11.602,,,
2025-12-19 14:15:00,2025-12-19,11.57,11.59,11.56,11.59,2856000.0,11.601,,,
2025-12-19 14:20:00,2025-12-19,11.59,11.63,11.58,11.61,6056000.0,11.599499999999999,,,
2025-12-19 14:25:00,2025-12-19,11.62,11.68,11.61,11.64,16886000.0,11.5995,,,
2025-12-19 14:30:00,2025-12-19,11.63,11.66,11.63,11.64,7945000.0,11.6005,,,
2025-12-19 14:35:00,2025-12-19,11.63,11.69,11.63,11.68,9823000.0,11.603,,,
2025-12-19 14:40:00,2025-12-19,11.68,11.8,11.68,11.75,62495000.0,11.61,,,
2025-12-19 14:45:00,2025-12-19,11.76,11.84,11.74,11.82,32384000.0,11.6205,,,
2025-12-19 14:50:00,2025-12-19,11.82,11.97,11.82,11.96,64236000.00000001,11.6385,,,
2025-12-19 14:55:00,2025-12-19,11.95,11.98,11.88,11.89,54996000.0,11.653,,,
2025-12-19 15:00:00,2025-12-19,11.9,11.95,11.89,11.94,25824000.0,11.668000000000001,,,
2025-12-19 15:05:00,2025-12-19,11.94,11.98,11.93,11.97,31548000.0,11.6895,,,
2025-12-19 15:10:00,2025-12-19,11.97,11.99,11.95,11.97,29781000.0,11.7045,,,
2025-12-19 15:15:00,2025-12-19,11.97,11.99,11.95,11.98,65458000.0,11.723,,,
2025-12-19 15:20:00,2025-12-19,11.97,12.0,11.94,11.97,63396000.0,11.741,,,
2025-12-19 15:25:00,2025-12-19,11.97,11.99,11.93,11.95,51782000.0,11.758999999999999,,,
2025-12-22 09:15:00,2025-12-22,12.05,12.11,11.92,11.99,99717000.0,11.7795,,,
2025-12-22 09:20:00,2025-12-22,11.98,12.0,11.75,11.82,80098000.0,11.792,,,
2025-12-22 09:25:00,2025-12-22,11.82,11.86,11.67,11.68,58778000.0,11.799,,,
2025-12-22 09:30:00,2025-12-22,11.68,11.73,11.66,11.69,31740000.0,11.805,,,
2025-12-22 09:35:00,2025-12-22,11.69,11.7,11.61,11.63,38793000.0,11.808499999999999,,,
2025-12-22 09:40:00,2025-12-22,11.63,11.65,11.58,11.62,35638000.0,11.809999999999999,,,
2025-12-22 09:45:00,2025-12-22,11.61,11.69,11.61,11.68,28633000.0,11.813500000000001,,,
2025-12-22 09:50:00,2025-12-22,11.68,11.68,11.63,11.66,10207000.0,11.814499999999999,,,
2025-12-22 09:55:00,2025-12-22,11.65,11.68,11.64,11.65,8525000.0,11.815000000000001,,,
2025-12-22 10:00:00,2025-12-22,11.66,11.68,11.65,11.66,6619000.0,11.814,,,
2025-12-22 10:05:00,2025-12-22,11.66,11.67,11.64,11.66,8774000.0,11.8095,,,
2025-12-22 10:10:00,2025-12-22,11.65,11.7,11.65,11.65,12908000.0,11.801,,,
2025-12-22 10:15:00,2025-12-22,11.66,11.67,11.63,11.66,6138000.0,11.786,,,
2025-12-22 10:20:00,2025-12-22,11.66,11.67,11.64,11.66,3098000.0,11.7745,,,
2025-12-22 10:25:00,2025-12-22,11.66,11.78,11.65,11.76,23568000.0,11.7655,,,
2025-12-22 10:30:00,2025-12-22,11.76,11.85,11.75,11.83,22300000.0,11.7585,,,
2025-12-22 10:35:00,2025-12-22,11.82,11.85,11.77,11.78,17171000.0,11.748999999999999,,,
2025-12-22 10:40:00,2025-12-22,11.78,11.85,11.78,11.85,12425000.0,11.7425,,,
2025-12-22 10:45:00,2025-12-22,11.84,11.86,11.82,11.85,11622000.0,11.7365,,,
2025-12-22 10:50:00,2025-12-22,11.85,11.86,11.82,11.84,9425000.0,11.731,,,
2025-12-22 10:55:00,2025-12-22,11.83,11.87,11.82,11.86,14487000.0,11.7245,,,
2025-12-22 11:00:00,2025-12-22,11.87,11.96,11.86,11.92,20269000.0,11.7295,,,
2025-12-22 11:05:00,2025-12-22,11.93,12.02,11.91,12.01,27635000.0,11.746,,,
2025-12-22 11:10:00,2025-12-22,12.02,12.02,11.95,11.96,24347000.0,11.7595,,,
2025-12-22 11:15:00,2025-12-22,11.95,11.97,11.91,11.92,16414000.000000002,11.774000000000001,,,
2025-12-22 11:20:00,2025-12-22,11.91,11.95,11.9,11.94,12172000.0,11.790000000000001,,,
2025-12-22 11:25:00,2025-12-22,11.93,11.98,11.93,11.97,6966000.0,11.8045,,,
2025-12-22 11:30:00,2025-12-22,11.97,12.03,11.96,12.02,17830000.0,11.8225,,,
2025-12-22 11:35:00,2025-12-22,12.02,12.03,11.97,11.97,12930000.0,11.8385,,,
2025-12-22 11:40:00,2025-12-22,11.98,11.98,11.85,11.91,21257000.0,11.851,,,
2025-12-22 11:45:00,2025-12-22,11.91,11.92,11.88,11.91,7954000.0,11.8635,,,
2025-12-22 11:50:00,2025-12-22,11.92,11.95,11.91,11.93,6274000.0,11.877500000000001,,,
2025-12-22 11:55:00,2025-12-22,11.92,11.93,11.9,11.9,2510000.0,11.8895,,,
2025-12-22 12:00:00,2025-12-22,11.9,11.91,11.88,11.89,4758000.0,11.901,,,
2025-12-22 12:05:00,2025-12-22,11.89,11.93,11.87,11.91,7264000.0,11.9085,,,
2025-12-22 12:10:00,2025-12-22,11.92,11.93,11.91,11.92,3772000.0,11.913,,,
2025-12-22 12:15:00,2025-12-22,11.92,11.94,11.92,11.92,3892000.0,11.92,,,
2025-12-22 12:20:00,2025-12-22,11.93,11.93,11.89,11.9,3635000.0,11.922500000000001,,,
2025-12-22 12:25:00,2025-12-22,11.91,11.92,11.9,11.9,3521000.0,11.925,,,
2025-12-22 12:30:00,2025-12-22,11.91,11.92,11.89,11.91,3037000.0,11.928500000000001,,,
2025-12-22 12:35:00,2025-12-22,11.92,11.96,11.91,11.95,7789000.0,11.933,,,
2025-12-22 12:40:00,2025-12-22,11.95,11.96,11.93,11.96,5764000.0,11.935,,,
2025-12-22 12:45:00,2025-12-22,11.95,11.96,11.91,11.92,4845000.0,11.930499999999999,,,
2025-12-22 12:50:00,2025-12-22,11.92,11.93,11.91,11.92,1321000.0,11.928500000000001,,,
2025-12-22 12:55:00,2025-12-22,11.93,11.93,11.91,11.91,3395000.0,11.928,,,
2025-12-22 13:00:00,2025-12-22,11.91,11.92,11.91,11.91,821389.0,11.9265,,,
2025-12-22 13:05:00,2025-12-22,11.92,11.92,11.89,11.9,4450000.0,11.923,,,
2025-12-22 13:10:00,2025-12-22,11.89,11.94,11.89,11.91,3488000.0,11.9175,,,
2025-12-22 13:15:00,2025-12-22,11.91,11.95,11.9,11.92,5983000.0,11.915,,,
2025-12-22 13:20:00,2025-12-22,11.93,12.0,11.91,11.99,12643000.0,11.919,,,
2025-12-22 13:25:00,2025-12-22,11.99,12.01,11.96,11.97,14633000.0,11.922,,,
2025-12-22 13:30:00,2025-12-22,11.96,11.99,11.96,11.98,4256000.0,11.924499999999998,,,
2025-12-22 13:35:00,2025-12-22,11.97,11.98,11.96,11.98,3556000.0,11.928500000000001,,,
2025-12-22 13:40:00,2025-12-22,11.97,11.98,11.94,11.95,5895000.0,11.9315,,,
2025-12-22 13:45:00,2025-12-22,11.95,11.95,11.92,11.94,4625000.0,11.933,,,
2025-12-22 13:50:00,2025-12-22,11.93,11.94,11.92,11.93,2349000.0,11.9335,,,
2025-12-22 13:55:00,2025-12-22,11.92,11.94,11.92,11.94,2714000.0,11.9345,,,
2025-12-22 14:00:00,2025-12-22,11.94,11.94,11.93,11.94,2421000.0,11.936499999999999,,,
2025-12-22 14:05:00,2025-12-22,11.93,11.94,11.92,11.94,4046000.0000000005,11.938500000000001,,,
2025-12-22 14:10:00,2025-12-22,11.94,11.94,11.92,11.94,2077000.0,11.94,,,
2025-12-22 14:15:00,2025-12-22,11.93,11.94,11.93,11.94,1223000.0,11.939499999999999,,,
2025-12-22 14:20:00,2025-12-22,11.93,11.95,11.92,11.95,7771000.0,11.939,,,
2025-12-22 14:25:00,2025-12-22,11.94,11.95,11.94,11.95,7440000.0,11.9405,,,
2025-12-22 14:30:00,2025-12-22,11.94,11.97,11.94,11.96,5467000.0,11.942499999999999,,,
2025-12-22 14:35:00,2025-12-22,11.97,11.97,11.89,11.91,13958000.0,11.942499999999999,,,
2025-12-22 14:40:00,2025-12-22,11.91,11.92,11.87,11.87,12709000.0,11.9405,,,
2025-12-22 14:45:00,2025-12-22,11.88,11.94,11.86,11.93,11477000.0,11.941999999999998,,,
2025-12-22 14:50:00,2025-12-22,11.92,11.94,11.91,11.93,3249000.0,11.943,,,
2025-12-22 14:55:00,2025-12-22,11.94,11.94,11.88,11.89,22532000.0,11.941500000000001,,,
2025-12-22 15:00:00,2025-12-22,11.89,11.9,11.86,11.87,14848000.0,11.9355,,,
2025-12-22 15:05:00,2025-12-22,11.86,11.9,11.84,11.9,14975000.0,11.931999999999999,,,
2025-12-22 15:10:00,2025-12-22,11.89,11.9,11.87,11.87,10352000.0,11.9265,,,
2025-12-22 15:15:00,2025-12-22,11.87,11.88,11.85,11.85,23989000.0,11.919999999999998,,,
2025-12-22 15:20:00,2025-12-22,11.85,11.86,11.81,11.83,30299000.0,11.914,,,
2025-12-22 15:25:00,2025-12-22,11.82,11.84,11.81,11.82,17811000.0,11.908,,,
2025-12-23 09:15:00,2025-12-23,11.89,11.93,11.81,11.9,35459000.0,11.9065,,,
2025-12-23 09:20:00,2025-12-23,11.89,11.91,11.87,11.88,10683000.0,11.9035,,,
2025-12-23 09:25:00,2025-12-23,11.87,12.01,11.86,11.94,38789000.0,11.9035,,,
2025-12-23 09:30:00,2025-12-23,11.95,11.95,11.91,11.94,13126000.0,11.9035,,,
2025-12-23 09:35:00,2025-12-23,11.94,11.94,11.88,11.89,9072000.0,11.901,,,
2025-12-23 09:40:00,2025-12-23,11.88,11.92,11.87,11.87,15294000.0,11.897499999999999,,,
2025-12-23 09:45:00,2025-12-23,11.88,11.91,11.86,11.9,7498000.0,11.895,,,
2025-12-23 09:50:00,2025-12-23,11.89,11.92,11.88,11.91,5912000.0,11.892999999999999,,,
2025-12-23 09:55:00,2025-12-23,11.91,12.01,11.9,11.99,19030000.0,11.894499999999999,,,
2025-12-23 10:00:00,2025-12-23,11.99,12.01,11.98,11.99,27767000.0,11.8985,,,
2025-12-23 10:05:00,2025-12-23,11.98,12.0,11.94,11.97,13879000.0,11.9035,,,
2025-12-23 10:10:00,2025-12-23,11.96,11.98,11.95,11.98,4766000.0,11.906,,,
2025-12-23 10:15:00,2025-12-23,11.98,12.0,11.96,11.97,8311999.999999999,11.908,,,
2025-12-23 10:20:00,2025-12-23,11.97,11.98,11.96,11.98,4136000.0,11.9125,,,
2025-12-23 10:25:00,2025-12-23,11.98,11.98,11.94,11.96,7843000.0,11.917,,,
2025-12-23 10:30:00,2025-12-23,11.96,11.98,11.95,11.98,4497000.0,11.921000000000001,,,
2025-12-23 10:35:00,2025-12-23,11.98,11.98,11.96,11.98,3310000.0,11.9265,,,
2025-12-23 10:40:00,2025-12-23,11.98,11.99,11.97,11.99,3404000.0,11.9335,,,
2025-12-23 10:45:00,2025-12-23,11.99,12.01,11.97,12.01,40358000.0,11.942499999999999,,,
2025-12-23 10:50:00,2025-12-23,12.0,12.01,11.98,11.99,13515000.0,11.951,,,
2025-12-23 10:55:00,2025-12-23,11.99,12.07,11.98,12.04,52392000.0,11.958,,,
2025-12-23 11:00:00,2025-12-23,12.05,12.11,12.04,12.1,37679000.0,11.969,,,
2025-12-23 11:05:00,2025-12-23,12.1,12.17,12.09,12.17,32392000.000000004,11.980500000000001,,,
2025-12-23 11:10:00,2025-12-23,12.16,12.18,12.07,12.1,32177999.999999996,11.9885,,,
2025-12-23 11:15:00,2025-12-23,12.11,12.11,12.0,12.06,31574000.0,11.997,,,
2025-12-23 11:20:00,2025-12-23,12.06,12.09,12.05,12.09,8148999.999999999,12.008,,,
2025-12-23 11:25:00,2025-12-23,12.08,12.16,12.08,12.15,28449000.0,12.020500000000002,,,
2025-12-23 11:30:00,2025-12-23,12.16,12.2,12.15,12.17,25883000.0,12.0335,,,
2025-12-23 11:35:00,2025-12-23,12.17,12.18,12.09,12.1,16744000.0,12.039,,,
2025-12-23 11:40:00,2025-12-23,12.09,12.12,12.09,12.09,10318000.0,12.044,,,
2025-12-23 11:45:00,2025-12-23,12.1,12.1,12.07,12.07,9329000.0,12.049,,,
2025-12-23 11:50:00,2025-12-23,12.07,12.15,12.07,12.14,12231000.0,12.057,,,
2025-12-23 11:55:00,2025-12-23,12.14,12.15,12.11,12.12,7428000.0,12.0645,,,
2025-12-23 12:00:00,2025-12-23,12.13,12.14,12.05,12.08,16295000.000000002,12.0695,,,
2025-12-23 12:05:00,2025-12-23,12.08,12.09,12.04,12.06,17678000.0,12.0745,,,
2025-12-23 12:10:00,2025-12-23,12.06,12.09,12.06,12.08,4379000.0,12.0795,,,
2025-12-23 12:15:00,2025-12-23,12.08,12.08,12.07,12.07,2415000.0,12.084,,,
2025-12-23 12:20:00,2025-12-23,12.08,12.1,12.06,12.1,7204000.0,12.0895,,,
2025-12-23 12:25:00,2025-12-23,12.1,12.12,12.09,12.1,6691000.0,12.094,,,
2025-12-23 12:30:00,2025-12-23,12.1,12.12,12.09,12.09,4916000.0,12.099,,,
2025-12-23 12:35:00,2025-12-23,12.09,12.1,12.08,12.09,2905000.0,12.1015,,,
2025-12-23 12:40:00,2025-12-23,12.09,12.11,12.07,12.1,3728000.0,12.1015,,,
2025-12-23 12:45:00,2025-12-23,12.1,12.12,12.1,12.1,4481000.0,12.097999999999999,,,
2025-12-23 12:50:00,2025-12-23,12.11,12.11,12.1,12.1,1457000.0,12.098,,,
2025-12-23 12:55:00,2025-12-23,12.11,12.11,12.09,12.1,2202000.0,12.1,,,
2025-12-23 13:00:00,2025-12-23,12.09,12.1,12.09,12.09,1989000.0,12.1,,,
2025-12-23 13:05:00,2025-12-23,12.1,12.11,12.09,12.09,2370000.0,12.097,,,
2025-12-23 13:10:00,2025-12-23,12.1,12.11,12.09,12.11,2724000.0,12.094,,,
2025-12-23 13:15:00,2025-12-23,12.11,12.13,12.1,12.11,4695000.0,12.0945,,,
2025-12-23 13:20:00,2025-12-23,12.12,12.13,12.08,12.09,6096000.0,12.0945,,,
2025-12-23 13:25:00,2025-12-23,12.09,12.09,12.08,12.09,2021000.0,12.0955,,,
2025-12-23 13:30:00,2025-12-23,12.09,12.09,12.05,12.07,8425000.0,12.092,,,
2025-12-23 13:35:00,2025-12-23,12.07,12.07,12.06,12.06,2629000.0,12.088999999999999,,,
2025-12-23 13:40:00,2025-12-23,12.07,12.1,12.06,12.1,5095000.0,12.09,,,
2025-12-23 13:45:00,2025-12-23,12.1,12.11,12.09,12.1,5498000.0,12.092,,,
2025-12-23 13:50:00,2025-12-23,12.09,12.1,12.06,12.07,3939000.0,12.0915,,,
2025-12-23 13:55:00,2025-12-23,12.08,12.08,12.05,12.05,6861000.0,12.0905,,,
2025-12-23 14:00:00,2025-12-23,12.06,12.08,12.05,12.07,3060000.0,12.089,,,
2025-12-23 14:05:00,2025-12-23,12.08,12.08,12.06,12.07,2904000.0,12.0875,,,
2025-12-23 14:10:00,2025-12-23,12.06,12.08,12.06,12.07,2468000.0,12.086500000000001,,,
2025-12-23 14:15:00,2025-12-23,12.07,12.09,12.07,12.09,3333000.0,12.0865,,,
2025-12-23 14:20:00,2025-12-23,12.09,12.09,12.07,12.09,2156000.0,12.086,,,
2025-12-23 14:25:00,2025-12-23,12.08,12.09,12.07,12.07,2110000.0,12.0845,,,
2025-12-23 14:30:00,2025-12-23,12.08,12.08,12.03,12.05,12491000.0,12.081999999999999,,,
2025-12-23 14:35:00,2025-12-23,12.05,12.05,11.96,12.02,55612000.0,12.078,,,
2025-12-23 14:40:00,2025-12-23,12.01,12.02,11.94,11.96,39121000.0,12.0715,,,
2025-12-23 14:45:00,2025-12-23,11.97,12.0,11.93,11.99,26745000.0,12.0665,,,
2025-12-23 14:50:00,2025-12-23,11.99,12.01,11.98,11.99,13005000.0,12.060500000000001,,,
2025-12-23 14:55:00,2025-12-23,12.0,12.03,11.99,12.01,10934000.0,12.055499999999999,,,
2025-12-23 15:00:00,2025-12-23,12.01,12.03,11.99,11.99,10972000.0,12.050500000000001,,,
2025-12-23 15:05:00,2025-12-23,11.99,12.02,11.99,12.0,9471000.0,12.046000000000001,,,
2025-12-23 15:10:00,2025-12-23,12.0,12.02,11.99,12.01,22819000.0,12.043,,,
2025-12-23 15:15:00,2025-12-23,12.0,12.04,11.99,11.99,27026000.0,12.0395,,,
2025-12-23 15:20:00,2025-12-23,11.99,12.03,11.99,12.02,23671000.0,12.035499999999999,,,
2025-12-23 15:25:00,2025-12-23,12.02,12.04,12.01,12.02,19290000.0,12.0315,,,
2025-12-24 09:15:00,2025-12-24,12.02,12.15,11.99,12.12,45746000.0,12.034,,,
2025-12-24 09:20:00,2025-12-24,12.13,12.17,12.11,12.14,25621000.0,12.038499999999999,,,
2025-12-24 09:25:00,2025-12-24,12.13,12.16,12.12,12.15,10601000.0,12.0425,,,
2025-12-24 09:30:00,2025-12-24,12.15,12.16,12.11,12.15,13546000.0,12.0465,,,
2025-12-24 09:35:00,2025-12-24,12.15,12.16,12.12,12.12,9080000.0,12.049000000000001,,,
2025-12-24 09:40:00,2025-12-24,12.13,12.18,12.12,12.17,15837000.0,12.053,,,
2025-12-24 09:45:00,2025-12-24,12.17,12.22,12.17,12.19,23977000.0,12.058,,,
2025-12-24 09:50:00,2025-12-24,12.18,12.19,12.08,12.1,17201000.0,12.0595,,,
2025-12-24 09:55:00,2025-12-24,12.09,12.15,12.09,12.13,13757000.0,12.063500000000001,,,
2025-12-24 10:00:00,2025-12-24,12.12,12.15,12.12,12.13,3973000.0,12.068999999999999,,,
2025-12-24 10:05:00,2025-12-24,12.14,12.15,12.11,12.12,6546000.0,12.077000000000002,,,
2025-12-24 10:10:00,2025-12-24,12.13,12.13,12.1,12.11,6776000.0,12.083,,,
2025-12-24 10:15:00,2025-12-24,12.11,12.15,12.1,12.15,7560000.0,12.091,,,
2025-12-24 10:20:00,2025-12-24,12.15,12.15,12.12,12.13,3630000.0,12.097,,,
2025-12-24 10:25:00,2025-12-24,12.14,12.16,12.13,12.15,6489000.0,12.105,,,
2025-12-24 10:30:00,2025-12-24,12.16,12.17,12.15,12.16,5813000.0,12.113,,,
2025-12-24 10:35:00,2025-12-24,12.16,12.21,12.15,12.17,13738000.0,12.121,,,
2025-12-24 10:40:00,2025-12-24,12.18,12.18,12.16,12.17,5546000.0,12.129999999999999,,,
2025-12-24 10:45:00,2025-12-24,12.16,12.17,12.12,12.12,12084000.0,12.135,,,
2025-12-24 10:50:00,2025-12-24,12.13,12.15,12.12,12.15,3631000.0,12.1415,,,
2025-12-24 10:55:00,2025-12-24,12.15,12.16,12.13,12.14,3389000.0,12.1425,,,
2025-12-24 11:00:00,2025-12-24,12.15,12.15,12.12,12.13,4207000.0,12.142,,,
2025-12-24 11:05:00,2025-12-24,12.13,12.13,12.12,12.13,2431000.0,12.141000000000002,,,
2025-12-24 11:10:00,2025-12-24,12.13,12.13,12.1,12.12,10595000.0,12.1395,,,
2025-12-24 11:15:00,2025-12-24,12.12,12.13,12.1,12.11,4046999.9999999995,12.139,,,
2025-12-24 11:20:00,2025-12-24,12.1,12.12,12.1,12.12,2057999.9999999998,12.136500000000002,,,
2025-12-24 11:25:00,2025-12-24,12.12,12.12,12.08,12.09,9421000.0,12.1315,,,
2025-12-24 11:30:00,2025-12-24,12.1,12.11,12.09,12.1,3585000.0,12.131499999999999,,,
2025-12-24 11:35:00,2025-12-24,12.1,12.13,12.09,12.13,4526000.0,12.131499999999999,,,
2025-12-24 11:40:00,2025-12-24,12.13,12.13,12.1,12.1,3644000.0,12.129999999999999,,,
2025-12-24 11:45:00,2025-12-24,12.11,12.12,12.09,12.11,4067000.0,12.1295,,,
2025-12-24 11:50:00,2025-12-24,12.11,12.13,12.1,12.13,3163000.0,12.130500000000001,,,
2025-12-24 11:55:00,2025-12-24,12.13,12.13,12.11,12.12,1572000.0,12.129000000000001,,,
2025-12-24 12:00:00,2025-12-24,12.13,12.13,12.11,12.13,1172000.0,12.129000000000001,,,
2025-12-24 12:05:00,2025-12-24,12.13,12.13,12.1,12.11,1475000.0,12.126999999999999,,,
2025-12-24 12:10:00,2025-12-24,12.11,12.11,12.09,12.1,3686000.0,12.124,,,
2025-12-24 12:15:00,2025-12-24,12.1,12.11,12.09,12.11,1854000.0,12.120999999999999,,,
2025-12-24 12:20:00,2025-12-24,12.11,12.11,12.09,12.1,1743000.0,12.1175,,,
2025-12-24 12:25:00,2025-12-24,12.1,12.1,12.09,12.1,1791000.0,12.116499999999998,,,
2025-12-24 12:30:00,2025-12-24,12.1,12.11,12.08,12.09,4083000.0,12.113499999999998,,,
2025-12-24 12:35:00,2025-12-24,12.09,12.1,12.08,12.08,1685000.0,12.1105,,,
2025-12-24 12:40:00,2025-12-24,12.09,12.1,12.06,12.07,6689000.0,12.1075,,,
2025-12-24 12:45:00,2025-12-24,12.07,12.1,12.06,12.08,5303000.0,12.105,,,
2025-12-24 12:50:00,2025-12-24,12.07,12.08,12.06,12.07,4131999.9999999995,12.102500000000001,,,
2025-12-24 12:55:00,2025-12-24,12.07,12.08,12.06,12.08,2941000.0,12.100999999999999,,,
2025-12-24 13:00:00,2025-12-24,12.08,12.08,12.06,12.08,2634000.0,12.099,,,
2025-12-24 13:05:00,2025-12-24,12.08,12.08,12.04,12.04,7498000.0,12.096499999999999,,,
2025-12-24 13:10:00,2025-12-24,12.04,12.08,12.04,12.08,5091000.0,12.0955,,,
2025-12-24 13:15:00,2025-12-24,12.08,12.08,12.06,12.07,2642000.0,12.0925,,,
2025-12-24 13:20:00,2025-12-24,12.08,12.08,12.07,12.07,1337000.0,12.091,,,
2025-12-24 13:25:00,2025-12-24,12.08,12.09,12.07,12.08,2004000.0,12.0895,,,
2025-12-24 13:30:00,2025-12-24,12.09,12.14,12.08,12.13,11732000.0,12.0895,,,
2025-12-24 13:35:00,2025-12-24,12.12,12.15,12.12,12.14,8000999.999999999,12.0905,,,
2025-12-24 13:40:00,2025-12-24,12.14,12.18,12.13,12.17,21454000.0,12.0925,,,
2025-12-24 13:45:00,2025-12-24,12.17,12.19,12.15,12.19,14138000.0,12.0965,,,
2025-12-24 13:50:00,2025-12-24,12.18,12.19,12.13,12.13,11213000.0,12.097999999999999,,,
2025-12-24 13:55:00,2025-12-24,12.14,12.14,12.11,12.12,7798000.0,12.0985,,,
2025-12-24 14:00:00,2025-12-24,12.13,12.13,12.11,12.13,4846000.0,12.1,,,
2025-12-24 14:05:00,2025-12-24,12.13,12.14,12.12,12.14,2259000.0,12.102,,,
2025-12-24 14:10:00,2025-12-24,12.14,12.15,12.13,12.14,2849000.0,12.1045,,,
2025-12-24 14:15:00,2025-12-24,12.14,12.15,12.13,12.14,2686000.0,12.1075,,,
2025-12-24 14:20:00,2025-12-24,12.14,12.14,12.12,12.13,1668000.0,12.1105,,,
2025-12-24 14:25:00,2025-12-24,12.14,12.14,12.12,12.13,1770000.0,12.113,,,
2025-12-24 14:30:00,2025-12-24,12.13,12.14,12.12,12.13,3548000.0,12.116,,,
2025-12-24 14:35:00,2025-12-24,12.12,12.13,12.1,12.1,4563000.0,12.117,,,
2025-12-24 14:40:00,2025-12-24,12.11,12.12,12.1,12.1,2587000.0,12.118,,,
2025-12-24 14:45:00,2025-12-24,12.11,12.12,12.1,12.12,3160000.0,12.122,,,
2025-12-24 14:50:00,2025-12-24,12.11,12.12,12.1,12.12,2257000.0,12.123999999999999,,,
2025-12-24 14:55:00,2025-12-24,12.12,12.14,12.11,12.13,5352000.0,12.127,,,
2025-12-24 15:00:00,2025-12-24,12.14,12.14,12.11,12.12,4346000.0,12.1295,,,
2025-12-24 15:05:00,2025-12-24,12.11,12.12,11.94,11.98,36239000.0,12.124500000000001,,,
2025-12-24 15:10:00,2025-12-24,11.98,12.08,11.92,12.06,35186000.0,12.121,,,
2025-12-24 15:15:00,2025-12-24,12.06,12.09,12.0,12.02,26396000.0,12.114999999999998,,,
2025-12-24 15:20:00,2025-12-24,12.02,12.04,12.0,12.02,16081000.0,12.1075,,,
2025-12-24 15:25:00,2025-12-24,12.02,12.04,12.01,12.03,10452000.0,12.0995,,,
2025-12-26 09:15:00,2025-12-26,12.0,12.06,11.96,12.03,40166000.0,12.0945,,,
2025-12-26 09:20:00,2025-12-26,12.02,12.04,12.0,12.01,10656000.0,12.089,,,
2025-12-26 09:25:00,2025-12-26,12.02,12.04,11.99,12.03,14737000.0,12.084,,,
2025-12-26 09:30:00,2025-12-26,12.03,12.06,12.02,12.05,9545000.0,12.0795,,,
2025-12-26 09:35:00,2025-12-26,12.06,12.07,12.02,12.04,12493000.0,12.0745,,,
2025-12-26 09:40:00,2025-12-26,12.05,12.08,12.02,12.03,18914000.0,12.068999999999999,,,
2025-12-26 09:45:00,2025-12-26,12.04,12.06,12.03,12.03,4782000.0,12.064,,,
2025-12-26 09:50:00,2025-12-26,12.04,12.04,12.01,12.01,10151000.0,12.058,,,
2025-12-26 09:55:00,2025-12-26,12.02,12.08,12.01,12.06,11903000.0,12.0545,,,
2025-12-26 10:00:00,2025-12-26,12.07,12.07,12.02,12.05,7999000.0,12.052000000000001,,,
2025-12-26 10:05:00,2025-12-26,12.06,12.07,12.04,12.05,5627000.0,12.049499999999998,,,
2025-12-26 10:10:00,2025-12-26,12.06,12.06,12.04,12.05,1727000.0,12.046000000000001,,,
2025-12-26 10:15:00,2025-12-26,12.06,12.06,12.02,12.05,8029999.999999999,12.0425,,,
2025-12-26 10:20:00,2025-12-26,12.05,12.08,12.05,12.07,8701000.0,12.0395,,,
2025-12-26 10:25:00,2025-12-26,12.07,12.09,12.06,12.06,7588000.0,12.0365,,,
2025-12-26 10:30:00,2025-12-26,12.07,12.08,12.06,12.06,2250000.0,12.0405,,,
2025-12-26 10:35:00,2025-12-26,12.07,12.07,12.05,12.05,2799000.0,12.04,,,
2025-12-26 10:40:00,2025-12-26,12.06,12.08,12.05,12.06,4139000.0000000005,12.042,,,
2025-12-26 10:45:00,2025-12-26,12.07,12.07,12.03,12.04,6592000.0,12.043,,,
2025-12-26 10:50:00,2025-12-26,12.04,12.05,12.0,12.0,10383000.0,12.0415,,,
2025-12-26 10:55:00,2025-12-26,12.0,12.01,11.97,11.98,17045000.0,12.039,,,
2025-12-26 11:00:00,2025-12-26,11.97,12.01,11.97,12.0,7497000.0,12.0385,,,
2025-12-26 11:05:00,2025-12-26,12.01,12.02,12.0,12.01,3791000.0,12.0375,,,
2025-12-26 11:10:00,2025-12-26,12.01,12.02,11.99,11.99,5010000.0,12.0345,,,
2025-12-26 11:15:00,2025-12-26,12.0,12.01,11.98,11.98,5994000.0,12.0315,,,
2025-12-26 11:20:00,2025-12-26,11.99,11.99,11.96,11.96,5799000.0,12.028,,,
2025-12-26 11:25:00,2025-12-26,11.96,11.99,11.96,11.97,4397000.0,12.025,,,
2025-12-26 11:30:00,2025-12-26,11.98,12.0,11.96,11.98,3422000.0,12.0235,,,
2025-12-26 11:35:00,2025-12-26,11.99,11.99,11.97,11.98,2762000.0,12.0195,,,
2025-12-26 11:40:00,2025-12-26,11.98,11.99,11.98,11.98,1526000.0,12.016,,,
2025-12-26 11:45:00,2025-12-26,11.99,11.99,11.95,11.96,8503000.0,12.011500000000002,,,
2025-12-26 11:50:00,2025-12-26,11.95,11.97,11.95,11.96,3776000.0,12.007000000000001,,,
2025-12-26 11:55:00,2025-12-26,11.96,11.99,11.96,11.97,4325000.0,12.003000000000002,,,
2025-12-26 12:00:00,2025-12-26,11.98,12.02,11.97,12.0,8380000.000000001,11.999500000000001,,,
2025-12-26 12:05:00,2025-12-26,12.0,12.01,11.99,11.99,3105000.0,11.995999999999999,,,
2025-12-26 12:10:00,2025-12-26,12.0,12.01,11.99,12.0,3025000.0,11.992999999999999,,,
2025-12-26 12:15:00,2025-12-26,11.99,12.01,11.95,11.95,8317000.0,11.988000000000001,,,
2025-12-26 12:20:00,2025-12-26,11.96,11.97,11.91,11.91,17141000.0,11.980500000000001,,,
2025-12-26 12:25:00,2025-12-26,11.91,11.94,11.91,11.93,5284000.0,11.975000000000001,,,
2025-12-26 12:30:00,2025-12-26,11.94,11.94,11.92,11.92,4035000.0,11.971,,,
2025-12-26 12:35:00,2025-12-26,11.92,11.95,11.91,11.93,7806000.0,11.9685,,,
2025-12-26 12:40:00,2025-12-26,11.93,11.96,11.93,11.95,5387000.0,11.966,,,
2025-12-26 12:45:00,2025-12-26,11.96,11.96,11.94,11.94,1679000.0,11.9625,,,
2025-12-26 12:50:00,2025-12-26,11.95,11.95,11.93,11.93,3171000.0,11.9595,,,
2025-12-26 12:55:00,2025-12-26,11.93,11.95,11.93,11.93,2016000.0,11.957,,,
2025-12-26 13:00:00,2025-12-26,11.94,11.95,11.93,11.95,1432000.0,11.9565,,,
2025-12-26 13:05:00,2025-12-26,11.95,11.95,11.93,11.93,1710000.0,11.9545,,,
2025-12-26 13:10:00,2025-12-26,11.94,11.94,11.91,11.92,4387000.0,11.9515,,,
2025-12-26 13:15:00,2025-12-26,11.93,11.94,11.92,11.93,3106000.0,11.949,,,
2025-12-26 13:20:00,2025-12-26,11.94,11.94,11.92,11.92,2799000.0,11.946000000000002,,,
2025-12-26 13:25:00,2025-12-26,11.93,11.94,11.91,11.93,5860000.0,11.9445,,,
2025-12-26 13:30:00,2025-12-26,11.93,11.94,11.92,11.93,1449000.0,11.943,,,
2025-12-26 13:35:00,2025-12-26,11.93,11.95,11.92,11.94,2665000.0,11.9415,,,
2025-12-26 13:40:00,2025-12-26,11.95,11.95,11.93,11.94,2228000.0,11.9385,,,
2025-12-26 13:45:00,2025-12-26,11.94,11.95,11.94,11.95,1572000.0,11.9365,,,
2025-12-26 13:50:00,2025-12-26,11.95,11.95,11.92,11.92,2880000.0,11.932500000000001,,,
2025-12-26 13:55:00,2025-12-26,11.92,11.94,11.92,11.92,2279000.0,11.931,,,
2025-12-26 14:00:00,2025-12-26,11.93,11.93,11.91,11.91,3771000.0,11.931000000000001,,,
2025-12-26 14:05:00,2025-12-26,11.91,11.92,11.9,11.9,3502000.0,11.929499999999999,,,
2025-12-26 14:10:00,2025-12-26,11.91,11.92,11.9,11.92,3858000.0,11.9295,,,
2025-12-26 14:15:00,2025-12-26,11.91,11.92,11.9,11.9,3065000.0,11.928,,,
2025-12-26 14:20:00,2025-12-26,11.9,11.91,11.9,11.91,1725000.0,11.926,,,
2025-12-26 14:25:00,2025-12-26,11.91,11.93,11.9,11.92,5321000.0,11.925,,,
2025-12-26 14:30:00,2025-12-26,11.92,11.93,11.91,11.92,1642000.0,11.9245,,,
2025-12-26 14:35:00,2025-12-26,11.91,11.92,11.89,11.9,6960000.0,11.922999999999998,,,
2025-12-26 14:40:00,2025-12-26,11.9,11.92,11.9,11.92,3652000.0,11.9215,,,
2025-12-26 14:45:00,2025-12-26,11.91,11.95,11.9,11.94,7698000.0,11.922,,,
2025-12-26 14:50:00,2025-12-26,11.94,11.97,11.93,11.96,7472000.0,11.924000000000001,,,
2025-12-26 14:55:00,2025-12-26,11.97,11.97,11.94,11.96,6758000.0,11.9255,,,
2025-12-26 15:00:00,2025-12-26,11.97,11.98,11.96,11.96,6798000.0,11.927499999999998,,,
2025-12-26 15:05:00,2025-12-26,11.97,11.97,11.94,11.96,7081000.0,11.929,,,
2025-12-26 15:10:00,2025-12-26,11.96,11.98,11.96,11.96,13035000.0,11.9305,,,
2025-12-26 15:15:00,2025-12-26,11.96,11.98,11.93,11.94,25277000.0,11.9305,,,
2025-12-26 15:20:00,2025-12-26,11.93,11.94,11.92,11.93,10801000.0,11.93,,,
2025-12-26 15:25:00,2025-12-26,11.93,11.95,11.91,11.94,23597000.0,11.929499999999999,,,
2025-12-29 09:15:00,2025-12-29,11.98,12.02,11.9,11.91,28960000.0,11.929,,,
2025-12-29 09:20:00,2025-12-29,11.91,11.95,11.86,11.91,16180000.0,11.928500000000001,,,
2025-12-29 09:25:00,2025-12-29,11.91,11.93,11.88,11.9,10763000.0,11.928,,,
2025-12-29 09:30:00,2025-12-29,11.9,11.91,11.88,11.89,7113000.0,11.9275,,,
2025-12-29 09:35:00,2025-12-29,11.9,11.91,11.87,11.88,9393000.0,11.9255,,,
2025-12-29 09:40:00,2025-12-29,11.87,11.9,11.87,11.87,7070000.0,11.924,,,
2025-12-29 09:45:00,2025-12-29,11.87,11.92,11.87,11.92,5819000.0,11.9245,,,
2025-12-29 09:50:00,2025-12-29,11.91,11.95,11.88,11.88,12807000.0,11.922500000000001,,,
2025-12-29 09:55:00,2025-12-29,11.88,11.89,11.87,11.89,4440000.0,11.921,,,
2025-12-29 10:00:00,2025-12-29,11.89,11.89,11.85,11.89,7143000.0,11.9205,,,
2025-12-29 10:05:00,2025-12-29,11.89,11.89,11.87,11.89,3645000.0,11.919,,,
2025-12-29 10:10:00,2025-12-29,11.88,11.97,11.88,11.97,16771999.999999998,11.9205,,,
2025-12-29 10:15:00,2025-12-29,11.97,11.98,11.92,11.93,8663000.0,11.919,,,
2025-12-29 10:20:00,2025-12-29,11.94,11.96,11.92,11.95,3947000.0,11.9185,,,
2025-12-29 10:25:00,2025-12-29,11.95,11.96,11.93,11.94,6657000.0,11.9175,,,
2025-12-29 10:30:00,2025-12-29,11.94,11.99,11.94,11.99,11799000.0,11.919,,,
2025-12-29 10:35:00,2025-12-29,11.99,12.02,11.96,11.97,14930000.0,11.9195,,,
2025-12-29 10:40:00,2025-12-29,11.96,11.99,11.95,11.98,9293000.0,11.9215,,,
2025-12-29 10:45:00,2025-12-29,11.98,12.02,11.97,11.99,11663000.0,11.9245,,,
2025-12-29 10:50:00,2025-12-29,11.98,12.02,11.98,12.01,7945000.0,11.928,,,
2025-12-29 10:55:00,2025-12-29,12.02,12.02,11.99,12.02,5691000.0,11.933499999999999,,,
2025-12-29 11:00:00,2025-12-29,12.02,12.03,11.99,12.0,9602000.0,11.937999999999999,,,
2025-12-29 11:05:00,2025-12-29,12.0,12.01,11.99,12.0,3222000.0,11.943,,,
2025-12-29 11:10:00,2025-12-29,11.99,12.01,11.99,11.99,1679000.0,11.948,,,
2025-12-29 11:15:00,2025-12-29,11.99,12.0,11.97,11.98,4473000.0,11.953,,,
2025-12-29 11:20:00,2025-12-29,11.97,11.98,11.96,11.98,3320000.0,11.9585,,,
2025-12-29 11:25:00,2025-12-29,11.98,11.98,11.92,11.94,8145000.0,11.9595,,,
2025-12-29 11:30:00,2025-12-29,11.93,11.94,11.92,11.92,4158000.0000000005,11.9615,,,
2025-12-29 11:35:00,2025-12-29,11.93,11.93,11.9,11.93,8093999.999999999,11.9635,,,
2025-12-29 11:40:00,2025-12-29,11.92,11.93,11.91,11.92,2735000.0,11.965,,,
2025-12-29 11:45:00,2025-12-29,11.92,11.95,11.91,11.95,3299000.0,11.968,,,
2025-12-29 11:50:00,2025-12-29,11.94,11.98,11.94,11.96,7596000.0,11.9675,,,
2025-12-29 11:55:00,2025-12-29,11.96,11.99,11.96,11.97,3901000.0,11.9695,,,
2025-12-29 12:00:00,2025-12-29,11.97,11.98,11.92,11.93,5330000.0,11.9685,,,
2025-12-29 12:05:00,2025-12-29,11.93,11.94,11.92,11.93,3927000.0,11.968,,,
2025-12-29 12:10:00,2025-12-29,11.93,11.93,11.9,11.91,5249000.0,11.964,,,
2025-12-29 12:15:00,2025-12-29,11.91,11.92,11.9,11.9,4736000.0,11.9605,,,
2025-12-29 12:20:00,2025-12-29,11.91,11.91,11.89,11.89,3937000.0,11.956,,,
2025-12-29 12:25:00,2025-12-29,11.9,11.91,11.88,11.89,5251000.0,11.951,,,
2025-12-29 12:30:00,2025-12-29,11.89,11.9,11.88,11.89,1641000.0,11.944999999999999,,,
2025-12-29 12:35:00,2025-12-29,11.89,11.9,11.88,11.89,4775000.0,11.938500000000001,,,
2025-12-29 12:40:00,2025-12-29,11.89,11.9,11.85,11.88,9674000.0,11.932500000000001,,,
2025-12-29 12:45:00,2025-12-29,11.89,11.91,11.88,11.89,6913000.0,11.927000000000001,,,
2025-12-29 12:50:00,2025-12-29,11.9,11.9,11.88,11.9,2687000.0,11.9225,,,
2025-12-29 12:55:00,2025-12-29,11.9,11.9,11.88,11.88,1867000.0,11.9175,,,
2025-12-29 13:00:00,2025-12-29,11.89,11.9,11.88,11.89,1325000.0,11.913,,,
2025-12-29 13:05:00,2025-12-29,11.89,11.89,11.87,11.88,2499000.0,11.91,,,
2025-12-29 13:10:00,2025-12-29,11.88,11.89,11.87,11.87,1522000.0,11.9075,,,
2025-12-29 13:15:00,2025-12-29,11.88,11.88,11.85,11.86,5816000.0,11.904,,,
2025-12-29 13:20:00,2025-12-29,11.87,11.87,11.83,11.84,7372000.0,11.9,,,
2025-12-29 13:25:00,2025-12-29,11.83,11.85,11.83,11.84,3571000.0,11.894499999999999,,,
2025-12-29 13:30:00,2025-12-29,11.84,11.85,11.82,11.83,5163000.0,11.888000000000002,,,
2025-12-29 13:35:00,2025-12-29,11.84,11.85,11.82,11.84,6140000.0,11.8815,,,
2025-12-29 13:40:00,2025-12-29,11.83,11.92,11.83,11.92,12990000.0,11.881,,,
2025-12-29 13:45:00,2025-12-29,11.92,11.97,11.91,11.95,19527000.0,11.882000000000001,,,
2025-12-29 13:50:00,2025-12-29,11.96,11.96,11.93,11.96,16582999.999999998,11.8845,,,
2025-12-29 13:55:00,2025-12-29,11.95,11.96,11.93,11.95,4282000.0,11.887,,,
2025-12-29 14:00:00,2025-12-29,11.94,11.96,11.94,11.95,3988000.0,11.89,,,
2025-12-29 14:05:00,2025-12-29,11.96,11.98,11.95,11.97,6294000.0,11.894,,,
2025-12-29 14:10:00,2025-12-29,11.97,12.0,11.96,11.97,9556000.0,11.898,,,
2025-12-29 14:15:00,2025-12-29,11.98,11.98,11.95,11.97,4990000.0,11.902,,,
2025-12-29 14:20:00,2025-12-29,11.97,11.98,11.96,11.97,3194000.0,11.9065,,,
2025-12-29 14:25:00,2025-12-29,11.97,11.98,11.95,11.98,3591000.0,11.911,,,
2025-12-29 14:30:00,2025-12-29,11.98,12.0,11.97,11.99,5870000.0,11.9155,,,
2025-12-29 14:35:00,2025-12-29,12.0,12.0,11.96,11.98,6596000.0,11.9205,,,
2025-12-29 14:40:00,2025-12-29,11.97,11.99,11.96,11.99,3802000.0,11.9255,,,
2025-12-29 14:45:00,2025-12-29,11.99,11.99,11.96,11.96,3572000.0,11.9295,,,
2025-12-29 14:50:00,2025-12-29,11.97,11.98,11.96,11.97,2146000.0,11.9345,,,
2025-12-29 14:55:00,2025-12-29,11.97,11.98,11.96,11.97,4477000.0,11.94,,,
2025-12-29 15:00:00,2025-12-29,11.97,11.99,11.96,11.97,8375999.999999999,11.946499999999999,,,
2025-12-29 15:05:00,2025-12-29,11.97,11.98,11.96,11.96,3831000.0,11.9525,,,
2025-12-29 15:10:00,2025-12-29,11.96,11.98,11.96,11.98,9293000.0,11.96,,,
2025-12-29 15:15:00,2025-12-29,11.97,11.98,11.96,11.96,15770000.0,11.966,,,
2025-12-29 15:20:00,2025-12-29,11.96,11.97,11.96,11.96,9536000.0,11.968,,,
2025-12-29 15:25:00,2025-12-29,11.96,11.99,11.95,11.98,20083000.0,11.9695,,,
2025-12-30 09:15:00,2025-12-30,11.93,12.03,11.93,11.98,32363999.999999996,11.970500000000001,,,
2025-12-30 09:20:00,2025-12-30,11.97,12.02,11.97,12.01,13888000.0,11.9735,,,
2025-12-30 09:25:00,2025-12-30,12.0,12.01,11.93,11.95,19299000.0,11.973500000000001,,,
2025-12-30 09:30:00,2025-12-30,11.94,11.96,11.93,11.94,8295000.0,11.972000000000001,,,
2025-12-30 09:35:00,2025-12-30,11.94,11.96,11.93,11.95,6874000.0,11.971,,,
2025-12-30 09:40:00,2025-12-30,11.96,11.98,11.94,11.97,4905000.0,11.971,,,
2025-12-30 09:45:00,2025-12-30,11.98,11.98,11.95,11.96,4019999.9999999995,11.970500000000001,,,
2025-12-30 09:50:00,2025-12-30,11.96,11.98,11.95,11.97,4549000.0,11.97,,,
2025-12-30 09:55:00,2025-12-30,11.97,11.99,11.96,11.97,5156000.0,11.969000000000001,,,
2025-12-30 10:00:00,2025-12-30,11.98,11.99,11.97,11.98,2223000.0,11.969,,,
2025-12-30 10:05:00,2025-12-30,11.98,11.98,11.95,11.95,13511000.0,11.967,,,
2025-12-30 10:10:00,2025-12-30,11.95,11.99,11.95,11.98,5478000.0,11.968,,,
2025-12-30 10:15:00,2025-12-30,11.99,12.01,11.98,11.99,8695000.0,11.969000000000001,,,
2025-12-30 10:20:00,2025-12-30,11.99,12.03,11.99,12.03,11453000.0,11.972000000000001,,,
2025-12-30 10:25:00,2025-12-30,12.02,12.05,11.99,12.04,13675000.0,11.9755,,,
2025-12-30 10:30:00,2025-12-30,12.03,12.05,12.02,12.03,7879000.0,11.979000000000001,,,
2025-12-30 10:35:00,2025-12-30,12.03,12.06,12.0,12.01,11104000.0,11.9805,,,
2025-12-30 10:40:00,2025-12-30,12.02,12.02,11.98,11.99,7405000.0,11.982000000000001,,,
2025-12-30 10:45:00,2025-12-30,11.99,12.0,11.96,11.99,7142000.0,11.983500000000001,,,
2025-12-30 10:50:00,2025-12-30,11.99,11.99,11.97,11.99,3588000.0,11.984,,,
2025-12-30 10:55:00,2025-12-30,11.98,11.99,11.97,11.98,2241000.0,11.984,,,
2025-12-30 11:00:00,2025-12-30,11.98,12.01,11.97,12.01,5161000.0,11.984,,,
2025-12-30 11:05:00,2025-12-30,12.0,12.05,12.0,12.02,8604000.0,11.9875,,,
2025-12-30 11:10:00,2025-12-30,12.02,12.04,12.0,12.02,6654000.0,11.991499999999998,,,
2025-12-30 11:15:00,2025-12-30,12.02,12.04,12.02,12.04,5933000.0,11.995999999999999,,,
2025-12-30 11:20:00,2025-12-30,12.03,12.04,12.01,12.01,3910000.0,11.998000000000001,,,
2025-12-30 11:25:00,2025-12-30,12.01,12.02,12.0,12.0,4019999.9999999995,12.0,,,
2025-12-30 11:30:00,2025-12-30,12.01,12.03,12.0,12.02,3185000.0,12.0025,,,
2025-12-30 11:35:00,2025-12-30,12.02,12.03,12.0,12.01,4846000.0,12.0045,,,
2025-12-30 11:40:00,2025-12-30,12.01,12.01,11.99,12.0,2657000.0,12.005500000000001,,,
2025-12-30 11:45:00,2025-12-30,12.0,12.01,11.99,12.0,1141000.0,12.008,,,
2025-12-30 11:50:00,2025-12-30,11.99,12.0,11.98,11.99,3864000.0,12.0085,,,
2025-12-30 11:55:00,2025-12-30,11.98,12.0,11.98,12.0,2654000.0,12.008999999999999,,,
2025-12-30 12:00:00,2025-12-30,12.0,12.01,11.99,11.99,3448000.0,12.007,,,
2025-12-30 12:05:00,2025-12-30,11.99,12.0,11.99,12.0,1299000.0,12.004999999999999,,,
2025-12-30 12:10:00,2025-12-30,11.99,12.0,11.98,12.0,3391000.0,12.003499999999999,,,
2025-12-30 12:15:00,2025-12-30,11.99,12.0,11.98,11.99,1024000.0,12.002500000000001,,,
2025-12-30 12:20:00,2025-12-30,11.99,12.01,11.98,12.0,4590000.0,12.003,,,
2025-12-30 12:25:00,2025-12-30,12.0,12.01,11.99,11.99,1659000.0,12.002999999999998,,,
2025-12-30 12:30:00,2025-12-30,11.99,12.01,11.98,12.0,3213000.0,12.003499999999999,,,
2025-12-30 12:35:00,2025-12-30,12.01,12.02,11.99,12.0,6055000.0,12.004499999999998,,,
2025-12-30 12:40:00,2025-12-30,12.0,12.01,11.99,12.0,5917000.0,12.004,,,
2025-12-30 12:45:00,2025-12-30,12.0,12.01,11.99,11.99,4957000.0,12.002500000000001,,,
2025-12-30 12:50:00,2025-12-30,12.0,12.0,11.98,11.98,3122000.0,12.000499999999999,,,
2025-12-30 12:55:00,2025-12-30,11.98,11.99,11.98,11.99,1184000.0,11.998000000000001,,,
2025-12-30 13:00:00,2025-12-30,11.99,11.99,11.98,11.98,1082000.0,11.996500000000001,,,
2025-12-30 13:05:00,2025-12-30,11.99,12.0,11.98,11.99,1445000.0,11.995999999999999,,,
2025-12-30 13:10:00,2025-12-30,12.0,12.11,11.99,12.1,43374000.0,12.0,,,
2025-12-30 13:15:00,2025-12-30,12.11,12.19,12.1,12.14,35262000.0,12.006499999999999,,,
2025-12-30 13:20:00,2025-12-30,12.14,12.17,12.1,12.11,15959000.0,12.011999999999999,,,
2025-12-30 13:25:00,2025-12-30,12.12,12.12,12.07,12.08,14431000.0,12.016,,,
2025-12-30 13:30:00,2025-12-30,12.1,12.1,12.02,12.04,16029000.0,12.0185,,,
2025-12-30 13:35:00,2025-12-30,12.04,12.06,12.03,12.04,9757000.0,12.0205,,,
2025-12-30 13:40:00,2025-12-30,12.04,12.08,12.03,12.06,5717000.0,12.024,,,
2025-12-30 13:45:00,2025-12-30,12.07,12.1,12.06,12.08,5783000.0,12.028,,,
2025-12-30 13:50:00,2025-12-30,12.09,12.09,12.05,12.06,3669000.0,12.031,,,
2025-12-30 13:55:00,2025-12-30,12.06,12.08,12.05,12.05,3003000.0,12.034,,,
2025-12-30 14:00:00,2025-12-30,12.06,12.07,12.03,12.06,7229000.0,12.036999999999999,,,
2025-12-30 14:05:00,2025-12-30,12.05,12.06,12.02,12.02,7075000.0,12.0385,,,
2025-12-30 14:10:00,2025-12-30,12.02,12.05,12.02,12.05,5081000.0,12.041,,,
2025-12-30 14:15:00,2025-12-30,12.04,12.06,12.04,12.05,3184000.0,12.0435,,,
2025-12-30 14:20:00,2025-12-30,12.05,12.06,12.04,12.04,3053000.0,12.0455,,,
2025-12-30 14:25:00,2025-12-30,12.04,12.05,12.03,12.04,6841000.0,12.048,,,
2025-12-30 14:30:00,2025-12-30,12.03,12.05,12.02,12.03,7236000.0,12.050500000000001,,,
2025-12-30 14:35:00,2025-12-30,12.04,12.04,12.01,12.04,7694000.0,12.053,,,
2025-12-30 14:40:00,2025-12-30,12.03,12.05,12.02,12.04,7750000.0,12.056,,,
2025-12-30 14:45:00,2025-12-30,12.05,12.07,12.03,12.05,6452000.0,12.059000000000001,,,
2025-12-30 14:50:00,2025-12-30,12.06,12.06,12.02,12.04,10044000.0,12.056000000000001,,,
2025-12-30 14:55:00,2025-12-30,12.04,12.05,12.02,12.05,11957000.0,12.0515,,,
2025-12-30 15:00:00,2025-12-30,12.04,12.05,12.01,12.03,14525000.0,12.047500000000001,,,
2025-12-30 15:05:00,2025-12-30,12.03,12.05,12.02,12.04,14950000.0,12.0455,,,
2025-12-30 15:10:00,2025-12-30,12.04,12.07,12.04,12.07,22884000.0,12.047,,,
2025-12-30 15:15:00,2025-12-30,12.07,12.08,12.05,12.06,36683000.0,12.048,,,
2025-12-30 15:20:00,2025-12-30,12.06,12.1,12.05,12.09,28172000.0,12.0495,,,
2025-12-30 15:25:00,2025-12-30,12.09,12.13,12.08,12.11,31791000.0,12.050999999999998,,,
2025-12-31 09:15:00,2025-12-31,12.16,12.32,12.13,12.27,71581000.0,12.061499999999999,,,
2025-12-31 09:20:00,2025-12-31,12.26,12.31,12.25,12.27,23231000.0,12.072500000000002,,,
2025-12-31 09:25:00,2025-12-31,12.27,12.29,12.21,12.24,19422000.0,12.0815,,,
2025-12-31 09:30:00,2025-12-31,12.23,12.26,12.22,12.23,8807000.0,12.092,,,
2025-12-31 09:35:00,2025-12-31,12.24,12.24,12.16,12.17,16925000.0,12.097999999999999,,,
2025-12-31 09:40:00,2025-12-31,12.16,12.18,12.14,12.15,20143000.0,12.103,,,
2025-12-31 09:45:00,2025-12-31,12.15,12.18,12.14,12.16,11735000.0,12.108999999999998,,,
2025-12-31 09:50:00,2025-12-31,12.16,12.22,12.15,12.21,10529000.0,12.1175,,,
2025-12-31 09:55:00,2025-12-31,12.22,12.25,12.21,12.23,12073000.0,12.1275,,,
2025-12-31 10:00:00,2025-12-31,12.22,12.23,12.18,12.21,7519000.0,12.136,,,
2025-12-31 10:05:00,2025-12-31,12.2,12.21,12.17,12.19,6659000.0,12.1435,,,
2025-12-31 10:10:00,2025-12-31,12.18,12.24,12.16,12.18,7519000.0,12.15,,,
2025-12-31 10:15:00,2025-12-31,12.19,12.24,12.18,12.23,10708000.0,12.1595,,,
2025-12-31 10:20:00,2025-12-31,12.22,12.23,12.19,12.21,7125000.0,12.1675,,,
2025-12-31 10:25:00,2025-12-31,12.2,12.22,12.2,12.22,1945000.0,12.177,,,
2025-12-31 10:30:00,2025-12-31,12.21,12.23,12.21,12.21,3354000.0,12.185500000000001,,,
2025-12-31 10:35:00,2025-12-31,12.21,12.23,12.21,12.22,4935000.0,12.193000000000001,,,
2025-12-31 10:40:00,2025-12-31,12.21,12.26,12.21,12.24,10651000.0,12.202000000000002,,,
2025-12-31 10:45:00,2025-12-31,12.24,12.25,12.23,12.24,2826000.0,12.2095,,,
2025-12-31 10:50:00,2025-12-31,12.23,12.26,12.23,12.24,3928000.0,12.216,,,
2025-12-31 10:55:00,2025-12-31,12.24,12.26,12.23,12.26,5006000.0,12.2155,,,
2025-12-31 11:00:00,2025-12-31,12.25,12.27,12.24,12.25,6442000.0,12.2145,,,
2025-12-31 11:05:00,2025-12-31,12.25,12.26,12.24,12.25,2453000.0,12.215,,,
2025-12-31 11:10:00,2025-12-31,12.25,12.29,12.25,12.28,8675000.0,12.2175,,,
2025-12-31 11:15:00,2025-12-31,12.29,12.3,12.27,12.28,13969000.0,12.223,,,
2025-12-31 11:20:00,2025-12-31,12.28,12.3,12.26,12.28,11327000.0,12.2295,,,
2025-12-31 11:25:00,2025-12-31,12.28,12.32,12.28,12.3,18440000.0,12.236500000000001,,,
2025-12-31 11:30:00,2025-12-31,12.3,12.32,12.16,12.2,40035000.0,12.236,,,
2025-12-31 11:35:00,2025-12-31,12.2,12.26,12.19,12.24,9854000.0,12.236500000000001,,,
2025-12-31 11:40:00,2025-12-31,12.23,12.28,12.23,12.24,8105000.0,12.238,,,
2025-12-31 11:45:00,2025-12-31,12.25,12.26,12.23,12.24,5900000.0,12.2405,,,
2025-12-31 11:50:00,2025-12-31,12.25,12.27,12.24,12.27,4082000.0,12.245000000000001,,,
2025-12-31 11:55:00,2025-12-31,12.26,12.36,12.26,12.35,45207000.0,12.251000000000001,,,
2025-12-31 12:00:00,2025-12-31,12.34,12.4,12.31,12.4,32314000.0,12.2605,,,
2025-12-31 12:05:00,2025-12-31,12.4,12.4,12.35,12.37,11422000.0,12.268,,,
2025-12-31 12:10:00,2025-12-31,12.37,12.38,12.3,12.31,17494000.0,12.273,,,
2025-12-31 12:15:00,2025-12-31,12.31,12.39,12.26,12.32,33831000.0,12.278,,,
2025-12-31 12:20:00,2025-12-31,12.31,12.33,12.23,12.27,29105000.0,12.279499999999999,,,
2025-12-31 12:25:00,2025-12-31,12.26,12.3,12.25,12.29,10452000.0,12.282,,,
2025-12-31 12:30:00,2025-12-31,12.29,12.33,12.28,12.31,7714000.0,12.2855,,,
2025-12-31 12:35:00,2025-12-31,12.31,12.33,12.29,12.32,7089000.0,12.2885,,,
2025-12-31 12:40:00,2025-12-31,12.32,12.33,12.29,12.3,3650000.0,12.291,,,
2025-12-31 12:45:00,2025-12-31,12.3,12.33,12.3,12.33,4119000.0,12.295,,,
2025-12-31 12:50:00,2025-12-31,12.32,12.33,12.31,12.32,3765000.0,12.297,,,
2025-12-31 12:55:00,2025-12-31,12.31,12.32,12.3,12.31,2307000.0,12.2985,,,
2025-12-31 13:00:00,2025-12-31,12.3,12.31,12.29,12.3,2610000.0,12.2995,,,
2025-12-31 13:05:00,2025-12-31,12.29,12.35,12.28,12.34,10882000.0,12.3015,,,
2025-12-31 13:10:00,2025-12-31,12.35,12.43,12.34,12.43,43175000.0,12.312999999999999,,,
2025-12-31 13:15:00,2025-12-31,12.42,12.47,12.39,12.46,33565000.0,12.324,,,
2025-12-31 13:20:00,2025-12-31,12.45,12.5,12.45,12.48,25082000.0,12.336000000000002,,,
2025-12-31 13:25:00,2025-12-31,12.47,12.49,12.44,12.49,13253000.0,12.3485,,,
2025-12-31 13:30:00,2025-12-31,12.49,12.49,12.44,12.44,15533000.0,12.357,,,
2025-12-31 13:35:00,2025-12-31,12.44,12.47,12.42,12.42,9691000.0,12.3605,,,
2025-12-31 13:40:00,2025-12-31,12.42,12.47,12.42,12.47,9248000.0,12.364,,,
2025-12-31 13:45:00,2025-12-31,12.46,12.48,12.44,12.48,6701000.0,12.369499999999999,,,
2025-12-31 13:50:00,2025-12-31,12.47,12.74,12.42,12.6,159002000.0,12.383999999999999,,,
2025-12-31 13:55:00,2025-12-31,12.61,12.8,12.48,12.51,169575000.0,12.3935,,,
2025-12-31 14:00:00,2025-12-31,12.51,12.52,11.81,11.92,272719000.0,12.376000000000001,,,
2025-12-31 14:05:00,2025-12-31,11.92,11.96,11.48,11.91,250865000.0,12.357,,,
2025-12-31 14:10:00,2025-12-31,11.92,11.93,11.04,11.05,205816000.0,12.294,,,
2025-12-31 14:15:00,2025-12-31,11.05,11.1,10.86,10.86,77461000.0,12.221,,,
2025-12-31 14:20:00,2025-12-31,10.86,10.86,10.86,10.86,11785000.0,12.149000000000001,,,
2025-12-31 14:25:00,2025-12-31,10.86,10.86,10.86,10.86,10008000.0,12.0755,,,
2025-12-31 14:30:00,2025-12-31,10.86,10.86,10.25,10.25,150892000.0,11.972,,,
2025-12-31 14:35:00,2025-12-31,10.25,10.25,10.25,10.25,10454000.0,11.869,,,
2025-12-31 14:40:00,2025-12-31,10.25,10.7,10.25,10.68,224932000.0,11.788,,,
2025-12-31 14:45:00,2025-12-31,10.69,11.09,10.66,11.02,287074000.0,11.722,,,
2025-12-31 14:50:00,2025-12-31,11.02,11.14,10.71,10.94,188341000.0,11.6475,,,
2025-12-31 14:55:00,2025-12-31,10.93,11.14,10.81,10.87,124366000.0,11.568000000000001,,,
2025-12-31 15:00:00,2025-12-31,10.87,11.0,10.76,10.8,79919000.0,11.483999999999998,,,
2025-12-31 15:05:00,2025-12-31,10.8,10.88,10.71,10.77,73889000.0,11.398,,,
2025-12-31 15:10:00,2025-12-31,10.78,10.89,10.63,10.7,90126000.0,11.311,,,
2025-12-31 15:15:00,2025-12-31,10.71,10.85,10.64,10.66,72092000.0,11.222999999999999,,,
2025-12-31 15:20:00,2025-12-31,10.66,10.79,10.66,10.73,49340000.0,11.136,,,
2025-12-31 15:25:00,2025-12-31,10.73,10.74,10.63,10.67,68973000.0,11.0455,,,
2026-01-01 09:15:00,2026-01-01,11.2,11.2,10.84,10.98,160160000.0,10.964500000000001,,,
2026-01-01 09:20:00,2026-01-01,10.97,11.16,10.92,11.16,73919000.0,10.897,,,
2026-01-01 09:25:00,2026-01-01,11.16,11.23,11.07,11.16,94630000.0,10.859,,,
2026-01-01 09:30:00,2026-01-01,11.18,11.22,11.1,11.14,49149000.0,10.8205,,,
2026-01-01 09:35:00,2026-01-01,11.14,11.27,11.13,11.26,45962000.0,10.831,,,
2026-01-01 09:40:00,2026-01-01,11.27,11.28,11.18,11.18,36201000.0,10.847,,,
2026-01-01 09:45:00,2026-01-01,11.18,11.19,11.07,11.15,44965000.0,10.8615,,,
2026-01-01 09:50:00,2026-01-01,11.16,11.26,11.15,11.22,35989000.0,10.8795,,,
2026-01-01 09:55:00,2026-01-01,11.22,11.29,11.19,11.28,34386000.0,10.931000000000001,,,
2026-01-01 10:00:00,2026-01-01,11.28,11.35,11.27,11.34,46345000.0,10.9855,,,
2026-01-01 10:05:00,2026-01-01,11.34,11.34,11.25,11.34,27917000.0,11.0185,,,
2026-01-01 10:10:00,2026-01-01,11.34,11.34,11.26,11.29,21156000.0,11.032,,,
2026-01-01 10:15:00,2026-01-01,11.29,11.3,11.21,11.28,30066000.0,11.049,,,
2026-01-01 10:20:00,2026-01-01,11.28,11.34,11.21,11.33,23627000.0,11.072,,,
2026-01-01 10:25:00,2026-01-01,11.34,11.43,11.33,11.37,54456000.0,11.1005,,,
2026-01-01 10:30:00,2026-01-01,11.38,11.38,11.34,11.36,14047000.0,11.129999999999999,,,
2026-01-01 10:35:00,2026-01-01,11.37,11.42,11.35,11.41,21219000.0,11.1655,,,
2026-01-01 10:40:00,2026-01-01,11.41,11.47,11.38,11.46,35984000.0,11.2055,,,
2026-01-01 10:45:00,2026-01-01,11.46,11.7,11.46,11.69,82654000.0,11.253499999999999,,,
2026-01-01 10:50:00,2026-01-01,11.69,11.76,11.59,11.68,136588000.0,11.304,,,
2026-01-01 10:55:00,2026-01-01,11.68,11.79,11.67,11.76,84480000.0,11.343,,,
2026-01-01 11:00:00,2026-01-01,11.77,11.77,11.71,11.75,38991000.0,11.372499999999999,,,
2026-01-01 11:05:00,2026-01-01,11.75,11.75,11.68,11.68,38387000.0,11.3985,,,
2026-01-01 11:10:00,2026-01-01,11.69,11.7,11.56,11.69,73568000.0,11.426,,,
2026-01-01 11:15:00,2026-01-01,11.69,11.71,11.6,11.64,35034000.0,11.444999999999999,,,
2026-01-01 11:20:00,2026-01-01,11.63,11.73,11.6,11.68,38288000.0,11.47,,,
2026-01-01 11:25:00,2026-01-01,11.69,11.7,11.65,11.69,15515000.0,11.497,,,
2026-01-01 11:30:00,2026-01-01,11.69,11.72,11.67,11.68,18381000.0,11.52,,,
2026-01-01 11:35:00,2026-01-01,11.68,11.83,11.67,11.78,227707000.0,11.545,,,
2026-01-01 11:40:00,2026-01-01,11.78,11.83,11.76,11.8,177572000.0,11.568,,,
2026-01-01 11:45:00,2026-01-01,11.81,11.83,11.76,11.83,78876000.0,11.5925,,,
2026-01-01 11:50:00,2026-01-01,11.83,11.93,11.65,11.71,104438000.0,11.6135,,,
2026-01-01 11:55:00,2026-01-01,11.71,11.75,11.55,11.64,79340000.0,11.631499999999999,,,
2026-01-01 12:00:00,2026-01-01,11.64,11.68,11.56,11.59,37341000.0,11.644499999999999,,,
2026-01-01 12:05:00,2026-01-01,11.59,11.62,11.58,11.62,18123000.0,11.657,,,
2026-01-01 12:10:00,2026-01-01,11.61,11.62,11.51,11.52,32012999.999999996,11.665000000000001,,,
2026-01-01 12:15:00,2026-01-01,11.51,11.52,11.41,11.44,55955000.0,11.666500000000001,,,
2026-01-01 12:20:00,2026-01-01,11.44,11.52,11.43,11.49,33086000.0,11.668,,,
2026-01-01 12:25:00,2026-01-01,11.49,11.52,11.47,11.52,11887000.0,11.6595,,,
2026-01-01 12:30:00,2026-01-01,11.52,11.52,11.35,11.41,36170000.0,11.645999999999999,,,
2026-01-01 12:35:00,2026-01-01,11.41,11.45,11.35,11.38,23378000.0,11.626999999999999,,,
2026-01-01 12:40:00,2026-01-01,11.38,11.43,11.35,11.41,22048000.0,11.61,,,
2026-01-01 12:45:00,2026-01-01,11.41,11.51,11.41,11.49,25698000.0,11.6005,,,
2026-01-01 12:50:00,2026-01-01,11.49,11.49,11.4,11.41,14731000.0,11.5865,,,
2026-01-01 12:55:00,2026-01-01,11.41,11.44,11.38,11.44,15040000.0,11.5765,,,
2026-01-01 13:00:00,2026-01-01,11.44,11.49,11.43,11.46,11590000.0,11.5655,,,
2026-01-01 13:05:00,2026-01-01,11.46,11.46,11.4,11.43,14066000.0,11.5525,,,
2026-01-01 13:10:00,2026-01-01,11.43,11.44,11.4,11.42,13103000.0,11.5395,,,
2026-01-01 13:15:00,2026-01-01,11.41,11.43,11.4,11.41,7238000.0,11.520999999999999,,,
2026-01-01 13:20:00,2026-01-01,11.42,11.46,11.4,11.41,20122000.0,11.5015,,,
2026-01-01 13:25:00,2026-01-01,11.41,11.41,11.34,11.35,21452000.0,11.477500000000001,,,
2026-01-01 13:30:00,2026-01-01,11.35,11.36,11.32,11.35,11655000.0,11.4595,,,
2026-01-01 13:35:00,2026-01-01,11.36,11.39,11.35,11.39,9132000.0,11.447,,,
2026-01-01 13:40:00,2026-01-01,11.38,11.41,11.36,11.4,12508000.0,11.4375,,,
2026-01-01 13:45:00,2026-01-01,11.41,11.44,11.39,11.4,16940000.0,11.4265,,,
2026-01-01 13:50:00,2026-01-01,11.4,11.45,11.39,11.4,12955000.0,11.4205,,,
2026-01-01 13:55:00,2026-01-01,11.41,11.43,11.4,11.42,4408000.0,11.4195,,,
2026-01-01 14:00:00,2026-01-01,11.42,11.46,11.38,11.39,13669000.0,11.4145,,,
2026-01-01 14:05:00,2026-01-01,11.39,11.4,11.35,11.38,9285000.0,11.4075,,,
2026-01-01 14:10:00,2026-01-01,11.39,11.39,11.37,11.37,4139000.0000000005,11.4055,,,
2026-01-01 14:15:00,2026-01-01,11.38,11.43,11.36,11.42,12656000.0,11.4075,,,
2026-01-01 14:20:00,2026-01-01,11.41,11.42,11.38,11.41,4698000.0,11.4075,,,
2026-01-01 14:25:00,2026-01-01,11.41,11.44,11.39,11.41,12658000.0,11.4035,,,
2026-01-01 14:30:00,2026-01-01,11.41,11.42,11.38,11.38,10360000.0,11.402000000000001,,,
2026-01-01 14:35:00,2026-01-01,11.38,11.39,11.33,11.38,26202000.0,11.399000000000001,,,
2026-01-01 14:40:00,2026-01-01,11.38,11.39,11.34,11.35,9942000.0,11.3935,,,
2026-01-01 14:45:00,2026-01-01,11.35,11.39,11.34,11.39,9626000.0,11.391499999999999,,,
2026-01-01 14:50:00,2026-01-01,11.39,11.43,11.37,11.39,17255000.0,11.39,,,
2026-01-01 14:55:00,2026-01-01,11.39,11.42,11.38,11.4,8361000.000000001,11.389500000000002,,,
2026-01-01 15:00:00,2026-01-01,11.4,11.51,11.38,11.48,47509000.0,11.393,,,
2026-01-01 15:05:00,2026-01-01,11.48,11.62,11.43,11.61,54480000.0,11.406,,,
2026-01-01 15:10:00,2026-01-01,11.61,11.7,11.59,11.67,68561000.0,11.422,,,
2026-01-01 15:15:00,2026-01-01,11.67,11.72,11.55,11.7,82835000.0,11.4375,,,
2026-01-01 15:20:00,2026-01-01,11.7,11.71,11.63,11.67,40412000.0,11.451,,,
2026-01-01 15:25:00,2026-01-01,11.67,11.71,11.6,11.63,45053000.0,11.4625,,,
2026-01-02 09:15:00,2026-01-02,11.72,11.91,11.64,11.9,151541000.0,11.4875,,,
2026-01-02 09:20:00,2026-01-02,11.91,11.96,11.81,11.83,95896000.0,11.508,,,
2026-01-02 09:25:00,2026-01-02,11.83,12.0,11.82,11.98,101750000.0,11.5375,,,
2026-01-02 09:30:00,2026-01-02,11.99,12.05,11.93,11.97,75055000.0,11.567,,,
2026-01-02 09:35:00,2026-01-02,11.98,12.03,11.88,11.95,51930000.0,11.596,,,
2026-01-02 09:40:00,2026-01-02,11.94,11.95,11.88,11.92,31577000.0,11.621,,,
2026-01-02 09:45:00,2026-01-02,11.92,11.98,11.88,11.96,23835000.0,11.6485,,,
2026-01-02 09:50:00,2026-01-02,11.97,11.98,11.92,11.94,28402000.0,11.675,,,
2026-01-02 09:55:00,2026-01-02,11.95,11.97,11.91,11.92,17876000.0,11.702,,,
2026-01-02 10:00:00,2026-01-02,11.92,11.92,11.83,11.86,35694000.0,11.725999999999999,,,
2026-01-02 10:05:00,2026-01-02,11.88,11.88,11.83,11.86,19868000.0,11.7515,,,
2026-01-02 10:10:00,2026-01-02,11.85,11.9,11.84,11.86,16678999.999999998,11.775,,,
2026-01-02 10:15:00,2026-01-02,11.87,11.88,11.84,11.87,8173999.999999999,11.799,,,
2026-01-02 10:20:00,2026-01-02,11.86,11.87,11.82,11.83,10998000.0,11.8205,,,
2026-01-02 10:25:00,2026-01-02,11.84,11.85,11.77,11.79,22138000.0,11.836,,,
2026-01-02 10:30:00,2026-01-02,11.78,11.8,11.73,11.79,31965000.0,11.844999999999999,,,
2026-01-02 10:35:00,2026-01-02,11.78,11.79,11.75,11.79,15478000.0,11.851,,,
2026-01-02 10:40:00,2026-01-02,11.79,11.79,11.74,11.75,10500000.0,11.8535,,,
2026-01-02 10:45:00,2026-01-02,11.74,11.75,11.73,11.73,7832000.0,11.8565,,,
2026-01-02 10:50:00,2026-01-02,11.74,11.74,11.72,11.72,7621000.0,11.861,,,
2026-01-02 10:55:00,2026-01-02,11.72,11.74,11.71,11.73,9104000.0,11.8525,,,
2026-01-02 11:00:00,2026-01-02,11.72,11.73,11.71,11.71,6548000.0,11.8465,,,
2026-01-02 11:05:00,2026-01-02,11.71,11.72,11.66,11.69,21532000.0,11.831999999999999,,,
2026-01-02 11:10:00,2026-01-02,11.69,11.7,11.67,11.68,9481000.0,11.817499999999999,,,
2026-01-02 11:15:00,2026-01-02,11.68,11.74,11.67,11.74,12411000.0,11.807,,,
2026-01-02 11:20:00,2026-01-02,11.74,11.74,11.7,11.73,13328000.0,11.7975,,,
2026-01-02 11:25:00,2026-01-02,11.73,11.78,11.71,11.75,13144000.0,11.787,,,
2026-01-02 11:30:00,2026-01-02,11.76,11.76,11.72,11.72,9854000.0,11.776,,,
2026-01-02 11:35:00,2026-01-02,11.73,11.73,11.69,11.69,9255000.0,11.7645,,,
2026-01-02 11:40:00,2026-01-02,11.69,11.72,11.67,11.69,12412000.0,11.756,,,
2026-01-02 11:45:00,2026-01-02,11.68,11.7,11.68,11.68,4259000.0,11.747,,,
2026-01-02 11:50:00,2026-01-02,11.69,11.71,11.67,11.68,9105000.0,11.738000000000001,,,
2026-01-02 11:55:00,2026-01-02,11.69,11.73,11.68,11.72,9148000.0,11.730500000000001,,,
2026-01-02 12:00:00,2026-01-02,11.73,11.73,11.68,11.71,9249000.0,11.7245,,,
2026-01-02 12:05:00,2026-01-02,11.71,11.75,11.71,11.75,6473000.0,11.7225,,,
2026-01-02 12:10:00,2026-01-02,11.74,11.78,11.74,11.76,12029000.0,11.721,,,
2026-01-02 12:15:00,2026-01-02,11.77,11.82,11.76,11.8,15662000.0,11.721499999999999,,,
2026-01-02 12:20:00,2026-01-02,11.81,11.83,11.79,11.81,12222000.0,11.724499999999999,,,
2026-01-02 12:25:00,2026-01-02,11.81,11.83,11.79,11.81,11148000.0,11.7285,,,
2026-01-02 12:30:00,2026-01-02,11.82,11.89,11.81,11.85,24813000.0,11.735,,,
2026-01-02 12:35:00,2026-01-02,11.84,11.85,11.78,11.79,12678000.0,11.738000000000001,,,
2026-01-02 12:40:00,2026-01-02,11.8,11.84,11.75,11.76,22448000.0,11.7405,,,
2026-01-02 12:45:00,2026-01-02,11.76,11.83,11.76,11.82,10065000.0,11.747,,,
2026-01-02 12:50:00,2026-01-02,11.83,11.84,11.8,11.8,5946000.0,11.753,,,
2026-01-02 12:55:00,2026-01-02,11.81,11.81,11.77,11.78,3826000.0,11.754999999999999,,,
2026-01-02 13:00:00,2026-01-02,11.78,11.8,11.76,11.77,3383000.0,11.757,,,
2026-01-02 13:05:00,2026-01-02,11.77,11.78,11.74,11.77,7524000.0,11.758,,,
2026-01-02 13:10:00,2026-01-02,11.76,11.77,11.75,11.76,3662000.0,11.76,,,
2026-01-02 13:15:00,2026-01-02,11.77,11.78,11.76,11.77,2186000.0,11.764,,,
2026-01-02 13:20:00,2026-01-02,11.77,11.82,11.77,11.82,6895000.0,11.7705,,,
2026-01-02 13:25:00,2026-01-02,11.81,11.82,11.79,11.79,4923000.0,11.776,,,
2026-01-02 13:30:00,2026-01-02,11.79,11.82,11.78,11.81,4357000.0,11.782499999999999,,,
2026-01-02 13:35:00,2026-01-02,11.81,11.82,11.78,11.78,3473000.0,11.785499999999999,,,
2026-01-02 13:40:00,2026-01-02,11.78,11.82,11.78,11.79,5284000.0,11.7895,,,
2026-01-02 13:45:00,2026-01-02,11.8,11.81,11.79,11.8,5276000.0,11.792,,,
2026-01-02 13:50:00,2026-01-02,11.79,11.82,11.77,11.81,8428000.0,11.7945,,,
2026-01-02 13:55:00,2026-01-02,11.82,11.86,11.81,11.85,20373000.0,11.797,,,
2026-01-02 14:00:00,2026-01-02,11.85,11.86,11.82,11.83,7010000.0,11.798,,,
2026-01-02 14:05:00,2026-01-02,11.83,11.85,11.8,11.8,9689000.0,11.797500000000001,,,
2026-01-02 14:10:00,2026-01-02,11.8,11.85,11.8,11.84,6789000.0,11.797,,,
2026-01-02 14:15:00,2026-01-02,11.84,11.84,11.78,11.79,11417000.0,11.797,,,
2026-01-02 14:20:00,2026-01-02,11.8,11.83,11.78,11.8,5870000.0,11.799,,,
2026-01-02 14:25:00,2026-01-02,11.81,11.83,11.8,11.81,4528000.0,11.7985,,,
2026-01-02 14:30:00,2026-01-02,11.8,11.81,11.78,11.79,5237000.0,11.798,,,
2026-01-02 14:35:00,2026-01-02,11.8,11.8,11.78,11.79,3711000.0,11.7985,,,
2026-01-02 14:40:00,2026-01-02,11.79,11.82,11.79,11.81,10515000.0,11.8005,,,
2026-01-02 14:45:00,2026-01-02,11.81,11.82,11.79,11.8,6883000.0,11.802,,,
2026-01-02 14:50:00,2026-01-02,11.81,11.81,11.78,11.8,6386000.0,11.804,,,
2026-01-02 14:55:00,2026-01-02,11.8,11.8,11.78,11.79,4921000.0,11.805,,,
2026-01-02 15:00:00,2026-01-02,11.8,11.8,11.72,11.72,27852000.0,11.8,,,
2026-01-02 15:05:00,2026-01-02,11.72,11.75,11.72,11.73,15039000.0,11.797,,,
2026-01-02 15:10:00,2026-01-02,11.73,11.74,11.68,11.69,30706000.0,11.791,,,
2026-01-02 15:15:00,2026-01-02,11.7,11.88,11.68,11.85,88070000.0,11.794500000000001,,,
2026-01-02 15:20:00,2026-01-02,11.85,11.89,11.84,11.88,35351000.0,11.799,,,
2026-01-02 15:25:00,2026-01-02,11.88,11.9,11.82,11.84,35094000.0,11.801,,,
2026-01-05 09:15:00,2026-01-05,11.8,11.87,11.71,11.73,51026000.0,11.797,,,
2026-01-05 09:20:00,2026-01-05,11.73,11.75,11.62,11.71,37933000.0,11.790000000000001,,,
2026-01-05 09:25:00,2026-01-05,11.72,11.81,11.7,11.78,19554000.0,11.7875,,,
2026-01-05 09:30:00,2026-01-05,11.79,11.86,11.75,11.76,32761000.000000004,11.785499999999999,,,
2026-01-05 09:35:00,2026-01-05,11.77,11.86,11.76,11.84,15524000.0,11.7855,,,
2026-01-05 09:40:00,2026-01-05,11.83,11.86,11.82,11.83,9517000.0,11.7875,,,
2026-01-05 09:45:00,2026-01-05,11.83,11.86,11.8,11.85,10723000.0,11.790000000000001,,,
2026-01-05 09:50:00,2026-01-05,11.85,11.88,11.81,11.87,11182000.0,11.793000000000001,,,
2026-01-05 09:55:00,2026-01-05,11.87,11.92,11.83,11.87,19167000.0,11.797,,,
2026-01-05 10:00:00,2026-01-05,11.87,11.97,11.83,11.84,38141000.0,11.7995,,,
2026-01-05 10:05:00,2026-01-05,11.85,11.95,11.83,11.93,20775000.0,11.805499999999999,,,
2026-01-05 10:10:00,2026-01-05,11.94,11.98,11.9,11.93,16853000.0,11.812000000000001,,,
2026-01-05 10:15:00,2026-01-05,11.93,11.93,11.91,11.91,3276000.0,11.817499999999999,,,
2026-01-05 10:20:00,2026-01-05,11.91,12.02,11.9,12.0,52920000.0,11.828,,,
2026-01-05 10:25:00,2026-01-05,12.0,12.02,11.95,11.96,21738000.0,11.84,,,
2026-01-05 10:30:00,2026-01-05,11.96,11.96,11.9,11.91,15795000.0,11.849,,,
2026-01-05 10:35:00,2026-01-05,11.91,11.93,11.87,11.88,10404000.0,11.8585,,,
2026-01-05 10:40:00,2026-01-05,11.89,11.89,11.86,11.87,5289000.0,11.8595,,,
2026-01-05 10:45:00,2026-01-05,11.87,11.91,11.86,11.87,14798000.0,11.859,,,
2026-01-05 10:50:00,2026-01-05,11.88,11.89,11.87,11.88,3699000.0,11.861,,,
2026-01-05 10:55:00,2026-01-05,11.88,11.89,11.82,11.83,14446000.0,11.866000000000001,,,
2026-01-05 11:00:00,2026-01-05,11.83,11.88,11.82,11.87,5763000.0,11.873999999999999,,,
2026-01-05 11:05:00,2026-01-05,11.86,11.87,11.83,11.84,4539000.0,11.876999999999999,,,
2026-01-05 11:10:00,2026-01-05,11.84,11.87,11.83,11.83,7534000.0,11.880500000000001,,,
2026-01-05 11:15:00,2026-01-05,11.83,11.85,11.73,11.76,19101000.0,11.8765,,,
2026-01-05 11:20:00,2026-01-05,11.76,11.79,11.65,11.67,35412000.0,11.868500000000001,,,
2026-01-05 11:25:00,2026-01-05,11.66,11.71,11.65,11.67,18063000.0,11.8595,,,
2026-01-05 11:30:00,2026-01-05,11.67,11.68,11.64,11.66,14416000.0,11.849,,,
2026-01-05 11:35:00,2026-01-05,11.67,11.68,11.62,11.65,14133000.0,11.838,,,
2026-01-05 11:40:00,2026-01-05,11.65,11.7,11.64,11.68,9699000.0,11.830000000000002,,,
2026-01-05 11:45:00,2026-01-05,11.69,11.7,11.67,11.69,6145000.0,11.818000000000001,,,
2026-01-05 11:50:00,2026-01-05,11.7,11.75,11.67,11.68,16678999.999999998,11.8055,,,
2026-01-05 11:55:00,2026-01-05,11.68,11.73,11.68,11.72,6224000.0,11.796000000000001,,,
2026-01-05 12:00:00,2026-01-05,11.71,11.73,11.7,11.7,5866000.0,11.781,,,
2026-01-05 12:05:00,2026-01-05,11.7,11.71,11.68,11.69,4120000.0,11.7675,,,
2026-01-05 12:10:00,2026-01-05,11.69,11.69,11.66,11.67,4435000.0,11.7555,,,
2026-01-05 12:15:00,2026-01-05,11.66,11.7,11.66,11.69,7084000.0,11.746,,,
2026-01-05 12:20:00,2026-01-05,11.68,11.69,11.66,11.68,3251000.0,11.7365,,,
2026-01-05 12:25:00,2026-01-05,11.68,11.69,11.66,11.66,3788000.0,11.725999999999999,,,
2026-01-05 12:30:00,2026-01-05,11.66,11.68,11.65,11.66,6237000.0,11.715,,,
2026-01-05 12:35:00,2026-01-05,11.66,11.68,11.65,11.65,6599000.0,11.706,,,
2026-01-05 12:40:00,2026-01-05,11.66,11.67,11.65,11.66,4224000.0,11.6955,,,
2026-01-05 12:45:00,2026-01-05,11.66,11.7,11.65,11.69,5028000.0,11.687999999999999,,,
2026-01-05 12:50:00,2026-01-05,11.7,11.7,11.66,11.67,7360000.0,11.68,,,
2026-01-05 12:55:00,2026-01-05,11.67,11.69,11.63,11.63,8768000.0,11.6735,,,
2026-01-05 13:00:00,2026-01-05,11.64,11.64,11.54,11.57,28207000.0,11.668499999999998,,,
2026-01-05 13:05:00,2026-01-05,11.56,11.6,11.55,11.56,9281000.0,11.663,,,
2026-01-05 13:10:00,2026-01-05,11.57,11.6,11.56,11.59,5882000.0,11.6595,,,
2026-01-05 13:15:00,2026-01-05,11.59,11.59,11.57,11.58,4365000.0,11.656,,,
2026-01-05 13:20:00,2026-01-05,11.57,11.58,11.55,11.56,5709000.0,11.65,,,
2026-01-05 13:25:00,2026-01-05,11.56,11.58,11.54,11.55,10340000.0,11.642999999999999,,,
2026-01-05 13:30:00,2026-01-05,11.56,11.56,11.52,11.52,9799000.0,11.635000000000002,,,
2026-01-05 13:35:00,2026-01-05,11.53,11.53,11.5,11.51,9477000.0,11.6245,,,
2026-01-05 13:40:00,2026-01-05,11.51,11.52,11.49,11.5,13284000.0,11.6145,,,
2026-01-05 13:45:00,2026-01-05,11.49,11.5,11.48,11.48,6862000.0,11.604000000000001,,,
2026-01-05 13:50:00,2026-01-05,11.48,11.5,11.48,11.5,4075999.9999999995,11.595500000000001,,,
2026-01-05 13:55:00,2026-01-05,11.49,11.5,11.45,11.48,11681000.0,11.585,,,
2026-01-05 14:00:00,2026-01-05,11.48,11.48,11.4,11.42,12864000.0,11.572,,,
2026-01-05 14:05:00,2026-01-05,11.43,11.46,11.37,11.45,24380000.0,11.5615,,,
2026-01-05 14:10:00,2026-01-05,11.45,11.49,11.44,11.47,12843000.0,11.552,,,
2026-01-05 14:15:00,2026-01-05,11.47,11.47,11.44,11.45,4754000.0,11.542,,,
2026-01-05 14:20:00,2026-01-05,11.45,11.46,11.42,11.45,6014000.0,11.531500000000001,,,
2026-01-05 14:25:00,2026-01-05,11.46,11.48,11.44,11.45,3728000.0,11.519499999999999,,,
2026-01-05 14:30:00,2026-01-05,11.45,11.49,11.43,11.46,9116000.0,11.509,,,
2026-01-05 14:35:00,2026-01-05,11.47,11.48,11.45,11.47,4737000.0,11.501000000000001,,,
2026-01-05 14:40:00,2026-01-05,11.45,11.49,11.43,11.47,6365000.0,11.496,,,
2026-01-05 14:45:00,2026-01-05,11.47,11.48,11.45,11.46,3824000.0,11.491000000000001,,,
2026-01-05 14:50:00,2026-01-05,11.46,11.5,11.46,11.47,6755000.0,11.485000000000001,,,
2026-01-05 14:55:00,2026-01-05,11.48,11.49,11.46,11.49,4168000.0,11.4805,,,
2026-01-05 15:00:00,2026-01-05,11.48,11.5,11.47,11.48,8615000.0,11.4765,,,
2026-01-05 15:05:00,2026-01-05,11.47,11.5,11.43,11.47,24165000.0,11.4725,,,
2026-01-05 15:10:00,2026-01-05,11.47,11.47,11.44,11.47,19351000.0,11.47,,,
2026-01-05 15:15:00,2026-01-05,11.47,11.47,11.38,11.4,31838000.0,11.464500000000001,,,
2026-01-05 15:20:00,2026-01-05,11.41,11.45,11.4,11.41,20444000.0,11.46,,,
2026-01-05 15:25:00,2026-01-05,11.4,11.43,11.36,11.39,35754000.0,11.455499999999999,,,
2026-01-06 09:15:00,2026-01-06,11.46,11.47,11.32,11.41,48871000.0,11.450999999999999,,,
2026-01-06 09:20:00,2026-01-06,11.41,11.41,11.32,11.37,19004000.0,11.4455,,,
2026-01-06 09:25:00,2026-01-06,11.37,11.42,11.34,11.41,12638000.0,11.445,,,
2026-01-06 09:30:00,2026-01-06,11.4,11.42,11.38,11.39,9924000.0,11.442,,,
2026-01-06 09:35:00,2026-01-06,11.39,11.42,11.38,11.4,5111000.0,11.438500000000001,,,
2026-01-06 09:40:00,2026-01-06,11.41,11.44,11.38,11.43,12514000.0,11.4375,,,
2026-01-06 09:45:00,2026-01-06,11.43,11.49,11.42,11.49,9670000.0,11.439499999999999,,,
2026-01-06 09:50:00,2026-01-06,11.48,11.5,11.43,11.47,21423000.0,11.4405,,,
2026-01-06 09:55:00,2026-01-06,11.48,11.56,11.48,11.51,32148000.000000004,11.443000000000001,,,
2026-01-06 10:00:00,2026-01-06,11.52,11.59,11.48,11.57,22599000.0,11.448,,,
2026-01-06 10:05:00,2026-01-06,11.57,11.61,11.54,11.55,24135000.0,11.452,,,
2026-01-06 10:10:00,2026-01-06,11.55,11.56,11.54,11.56,5624000.0,11.456999999999999,,,
2026-01-06 10:15:00,2026-01-06,11.55,11.65,11.54,11.6,20277000.0,11.4635,,,
2026-01-06 10:20:00,2026-01-06,11.61,11.64,11.58,11.63,9060000.0,11.470500000000001,,,
2026-01-06 10:25:00,2026-01-06,11.64,11.66,11.57,11.63,18573000.0,11.478,,,
2026-01-06 10:30:00,2026-01-06,11.63,11.64,11.6,11.61,7175000.0,11.485,,,
2026-01-06 10:35:00,2026-01-06,11.61,11.62,11.56,11.6,14617000.0,11.4915,,,
2026-01-06 10:40:00,2026-01-06,11.59,11.6,11.58,11.59,5281000.0,11.501,,,
2026-01-06 10:45:00,2026-01-06,11.59,11.59,11.55,11.58,9653000.0,11.5095,,,
2026-01-06 10:50:00,2026-01-06,11.57,11.64,11.56,11.59,11750000.0,11.5195,,,
2026-01-06 10:55:00,2026-01-06,11.6,11.61,11.58,11.59,2900000.0,11.528500000000001,,,
2026-01-06 11:00:00,2026-01-06,11.59,11.6,11.58,11.6,2644000.0,11.540000000000001,,,
2026-01-06 11:05:00,2026-01-06,11.6,11.6,11.58,11.59,1967000.0,11.549000000000001,,,
2026-01-06 11:10:00,2026-01-06,11.6,11.64,11.57,11.62,11926000.0,11.560500000000001,,,
2026-01-06 11:15:00,2026-01-06,11.61,11.62,11.52,11.54,15269000.0,11.567499999999999,,,
2026-01-06 11:20:00,2026-01-06,11.53,11.55,11.49,11.54,15021000.0,11.573,,,
2026-01-06 11:25:00,2026-01-06,11.55,11.61,11.54,11.58,14318000.0,11.5775,,,
2026-01-06 11:30:00,2026-01-06,11.58,11.64,11.57,11.64,11584000.0,11.586,,,
2026-01-06 11:35:00,2026-01-06,11.63,11.64,11.59,11.6,8218000.0,11.590499999999999,,,
2026-01-06 11:40:00,2026-01-06,11.61,11.65,11.6,11.65,8407000.0,11.5945,,,
2026-01-06 11:45:00,2026-01-06,11.65,11.65,11.61,11.62,4513000.0,11.598,,,
2026-01-06 11:50:00,2026-01-06,11.62,11.63,11.6,11.62,3758000.0,11.601,,,
2026-01-06 11:55:00,2026-01-06,11.61,11.63,11.56,11.58,10202000.0,11.6,,,
2026-01-06 12:00:00,2026-01-06,11.58,11.61,11.58,11.59,2996000.0,11.597999999999999,,,
2026-01-06 12:05:00,2026-01-06,11.6,11.6,11.58,11.59,2112000.0,11.596,,,
2026-01-06 12:10:00,2026-01-06,11.59,11.59,11.58,11.59,989498.0,11.595,,,
2026-01-06 12:15:00,2026-01-06,11.58,11.61,11.58,11.59,4304000.0,11.5945,,,
2026-01-06 12:20:00,2026-01-06,11.58,11.64,11.58,11.6,5526000.0,11.595,,,
2026-01-06 12:25:00,2026-01-06,11.59,11.6,11.58,11.59,2095000.0000000002,11.5955,,,
2026-01-06 12:30:00,2026-01-06,11.58,11.59,11.56,11.56,7460000.0,11.594,,,
2026-01-06 12:35:00,2026-01-06,11.56,11.58,11.56,11.56,2309000.0,11.5925,,,
2026-01-06 12:40:00,2026-01-06,11.56,11.6,11.56,11.6,3072000.0,11.5925,,,
2026-01-06 12:45:00,2026-01-06,11.6,11.62,11.58,11.59,5607000.0,11.5925,,,
2026-01-06 12:50:00,2026-01-06,11.59,11.6,11.58,11.59,1743000.0,11.591,,,
2026-01-06 12:55:00,2026-01-06,11.59,11.6,11.57,11.58,3220000.0,11.593,,,
2026-01-06 13:00:00,2026-01-06,11.58,11.6,11.58,11.59,2625000.0,11.5955,,,
2026-01-06 13:05:00,2026-01-06,11.6,11.6,11.59,11.6,781820.0,11.596499999999999,,,
2026-01-06 13:10:00,2026-01-06,11.6,11.62,11.58,11.61,6569000.0,11.595,,,
2026-01-06 13:15:00,2026-01-06,11.6,11.63,11.59,11.62,7533000.0,11.596,,,
2026-01-06 13:20:00,2026-01-06,11.62,11.64,11.61,11.61,3733000.0,11.594,,,
2026-01-06 13:25:00,2026-01-06,11.61,11.63,11.61,11.62,3129000.0,11.594,,,
2026-01-06 13:30:00,2026-01-06,11.62,11.62,11.58,11.59,4324000.0,11.5925,,,
2026-01-06 13:35:00,2026-01-06,11.6,11.6,11.53,11.54,11393000.0,11.5905,,,
2026-01-06 13:40:00,2026-01-06,11.54,11.54,11.5,11.54,10399000.0,11.588,,,
2026-01-06 13:45:00,2026-01-06,11.54,11.54,11.51,11.53,6020000.0,11.584999999999999,,,
2026-01-06 13:50:00,2026-01-06,11.53,11.55,11.52,11.52,4997000.0,11.5815,,,
2026-01-06 13:55:00,2026-01-06,11.52,11.57,11.52,11.54,4390000.0,11.578999999999999,,,
2026-01-06 14:00:00,2026-01-06,11.55,11.56,11.52,11.53,3755000.0,11.5755,,,
2026-01-06 14:05:00,2026-01-06,11.54,11.54,11.51,11.53,3644000.0,11.5725,,,
2026-01-06 14:10:00,2026-01-06,11.53,11.53,11.49,11.5,10003000.0,11.5695,,,
2026-01-06 14:15:00,2026-01-06,11.51,11.53,11.5,11.5,3935000.0,11.5665,,,
2026-01-06 14:20:00,2026-01-06,11.51,11.52,11.5,11.52,2492000.0,11.5625,,,
2026-01-06 14:25:00,2026-01-06,11.51,11.53,11.51,11.52,6628000.0,11.559,,,
2026-01-06 14:30:00,2026-01-06,11.52,11.54,11.51,11.53,5001000.0,11.556,,,
2026-01-06 14:35:00,2026-01-06,11.52,11.54,11.51,11.52,14203000.0,11.553,,,
2026-01-06 14:40:00,2026-01-06,11.52,11.57,11.52,11.55,7231000.0,11.550999999999998,,,
2026-01-06 14:45:00,2026-01-06,11.55,11.59,11.53,11.59,8858000.0,11.5505,,,
2026-01-06 14:50:00,2026-01-06,11.59,11.6,11.57,11.59,8060000.000000001,11.549499999999998,,,
2026-01-06 14:55:00,2026-01-06,11.59,11.61,11.59,11.61,6015000.0,11.549,,,
2026-01-06 15:00:00,2026-01-06,11.61,11.62,11.59,11.61,14590000.0,11.549,,,
2026-01-06 15:05:00,2026-01-06,11.61,11.61,11.59,11.6,9237000.0,11.547999999999998,,,
2026-01-06 15:10:00,2026-01-06,11.59,11.6,11.58,11.59,8003000.0,11.547999999999998,,,
2026-01-06 15:15:00,2026-01-06,11.59,11.61,11.57,11.58,20967000.0,11.55,,,
2026-01-06 15:20:00,2026-01-06,11.58,11.61,11.58,11.6,10623000.0,11.553,,,
2026-01-06 15:25:00,2026-01-06,11.6,11.6,11.58,11.6,17979000.0,11.5565,,,
2026-01-07 09:15:00,2026-01-07,11.59,11.67,11.55,11.63,31105000.0,11.562,,,
2026-01-07 09:20:00,2026-01-07,11.64,11.67,11.58,11.59,22674000.0,11.564499999999999,,,
2026-01-07 09:25:00,2026-01-07,11.6,11.61,11.56,11.58,17012000.0,11.567,,,
2026-01-07 09:30:00,2026-01-07,11.59,11.59,11.56,11.56,6999000.0,11.5685,,,
2026-01-07 09:35:00,2026-01-07,11.57,11.57,11.53,11.56,11010000.0,11.5715,,,
2026-01-07 09:40:00,2026-01-07,11.55,11.57,11.53,11.54,7392000.0,11.5735,,,
2026-01-07 09:45:00,2026-01-07,11.53,11.58,11.53,11.58,7181000.0,11.5765,,,
2026-01-07 09:50:00,2026-01-07,11.58,11.59,11.55,11.56,5559000.0,11.5785,,,
2026-01-07 09:55:00,2026-01-07,11.57,11.6,11.56,11.6,4151000.0,11.582,,,
2026-01-07 10:00:00,2026-01-07,11.6,11.6,11.56,11.57,4756000.0,11.5845,,,
2026-01-07 10:05:00,2026-01-07,11.57,11.59,11.55,11.58,5462000.0,11.585999999999999,,,
2026-01-07 10:10:00,2026-01-07,11.59,11.63,11.58,11.61,9679000.0,11.587,,,
2026-01-07 10:15:00,2026-01-07,11.62,11.62,11.58,11.59,4549000.0,11.587,,,
2026-01-07 10:20:00,2026-01-07,11.58,11.6,11.58,11.58,2441000.0,11.5855,,,
2026-01-07 10:25:00,2026-01-07,11.59,11.6,11.58,11.59,2012000.0,11.5845,,,
2026-01-07 10:30:00,2026-01-07,11.6,11.62,11.58,11.6,4570000.0,11.5845,,,
2026-01-07 10:35:00,2026-01-07,11.61,11.61,11.57,11.59,6196000.0,11.5845,,,
2026-01-07 10:40:00,2026-01-07,11.6,11.61,11.59,11.6,2176000.0,11.5855,,,
2026-01-07 10:45:00,2026-01-07,11.6,11.61,11.59,11.6,1596000.0,11.5855,,,
2026-01-07 10:50:00,2026-01-07,11.6,11.63,11.6,11.62,6396000.0,11.586500000000001,,,
2026-01-07 10:55:00,2026-01-07,11.61,11.62,11.58,11.61,4394000.0,11.5855,,,
2026-01-07 11:00:00,2026-01-07,11.6,11.62,11.59,11.61,4363000.0,11.586500000000001,,,
2026-01-07 11:05:00,2026-01-07,11.61,11.63,11.6,11.61,5019000.0,11.588,,,
2026-01-07 11:10:00,2026-01-07,11.62,11.62,11.59,11.6,3437000.0,11.59,,,
2026-01-07 11:15:00,2026-01-07,11.59,11.61,11.59,11.59,1912000.0,11.5915,,,
2026-01-07 11:20:00,2026-01-07,11.59,11.6,11.55,11.56,9177000.0,11.5925,,,
2026-01-07 11:25:00,2026-01-07,11.56,11.59,11.55,11.56,5292000.0,11.5915,,,
2026-01-07 11:30:00,2026-01-07,11.57,11.59,11.55,11.58,5629000.0,11.5925,,,
2026-01-07 11:35:00,2026-01-07,11.58,11.59,11.57,11.57,1968000.0,11.591,,,
2026-01-07 11:40:00,2026-01-07,11.57,11.58,11.56,11.56,2413000.0,11.5905,,,
2026-01-07 11:45:00,2026-01-07,11.56,11.57,11.55,11.55,2754000.0,11.589,,,
2026-01-07 11:50:00,2026-01-07,11.55,11.57,11.55,11.56,4717000.0,11.5865,,,
2026-01-07 11:55:00,2026-01-07,11.56,11.57,11.55,11.56,3087000.0,11.584999999999999,,,
2026-01-07 12:00:00,2026-01-07,11.57,11.58,11.55,11.57,2242000.0,11.5845,,,
2026-01-07 12:05:00,2026-01-07,11.57,11.57,11.55,11.55,2707000.0,11.5825,,,
2026-01-07 12:10:00,2026-01-07,11.56,11.57,11.55,11.56,2929000.0,11.5805,,,
2026-01-07 12:15:00,2026-01-07,11.56,11.59,11.56,11.57,2849000.0,11.5795,,,
2026-01-07 12:20:00,2026-01-07,11.56,11.58,11.55,11.57,2893000.0,11.578,,,
2026-01-07 12:25:00,2026-01-07,11.56,11.58,11.56,11.57,1098000.0,11.5765,,,
2026-01-07 12:30:00,2026-01-07,11.58,11.58,11.56,11.57,4610000.0,11.574,,,
2026-01-07 12:35:00,2026-01-07,11.58,11.58,11.55,11.55,3805000.0,11.571000000000002,,,
2026-01-07 12:40:00,2026-01-07,11.56,11.56,11.54,11.55,3566000.0,11.568,,,
2026-01-07 12:45:00,2026-01-07,11.54,11.57,11.54,11.55,3758000.0,11.565000000000001,,,
2026-01-07 12:50:00,2026-01-07,11.55,11.58,11.55,11.57,3378000.0,11.563500000000001,,,
2026-01-07 12:55:00,2026-01-07,11.57,11.58,11.56,11.57,1783000.0,11.5625,,,
2026-01-07 13:00:00,2026-01-07,11.57,11.58,11.56,11.57,3088000.0,11.563,,,
2026-01-07 13:05:00,2026-01-07,11.57,11.58,11.56,11.57,1752000.0,11.563500000000001,,,
2026-01-07 13:10:00,2026-01-07,11.57,11.58,11.56,11.57,1204000.0,11.562999999999999,,,
2026-01-07 13:15:00,2026-01-07,11.56,11.57,11.56,11.57,918340.0,11.562999999999999,,,
2026-01-07 13:20:00,2026-01-07,11.56,11.57,11.56,11.57,631427.0,11.563500000000001,,,
2026-01-07 13:25:00,2026-01-07,11.56,11.57,11.54,11.54,4588000.0,11.563,,,
2026-01-07 13:30:00,2026-01-07,11.54,11.55,11.47,11.47,15698000.0,11.5585,,,
2026-01-07 13:35:00,2026-01-07,11.47,11.52,11.47,11.48,12034000.0,11.5545,,,
2026-01-07 13:40:00,2026-01-07,11.49,11.49,11.45,11.49,9550000.0,11.5505,,,
2026-01-07 13:45:00,2026-01-07,11.49,11.5,11.46,11.49,6647000.0,11.547500000000001,,,
2026-01-07 13:50:00,2026-01-07,11.49,11.5,11.47,11.48,1693000.0,11.5435,,,
2026-01-07 13:55:00,2026-01-07,11.48,11.5,11.47,11.5,4322000.0,11.540000000000001,,,
2026-01-07 14:00:00,2026-01-07,11.49,11.5,11.48,11.49,2606000.0,11.536,,,
2026-01-07 14:05:00,2026-01-07,11.48,11.5,11.48,11.48,1726000.0,11.5315,,,
2026-01-07 14:10:00,2026-01-07,11.49,11.49,11.47,11.48,2529000.0,11.527000000000001,,,
2026-01-07 14:15:00,2026-01-07,11.48,11.49,11.47,11.47,1633000.0,11.523,,,
2026-01-07 14:20:00,2026-01-07,11.48,11.48,11.46,11.47,3603000.0,11.519000000000002,,,
2026-01-07 14:25:00,2026-01-07,11.47,11.47,11.45,11.45,3070000.0,11.514,,,
2026-01-07 14:30:00,2026-01-07,11.46,11.47,11.43,11.44,5510000.0,11.5075,,,
2026-01-07 14:35:00,2026-01-07,11.43,11.47,11.43,11.45,4721000.0,11.501500000000002,,,
2026-01-07 14:40:00,2026-01-07,11.46,11.5,11.45,11.49,4517000.0,11.497499999999999,,,
2026-01-07 14:45:00,2026-01-07,11.49,11.49,11.46,11.47,3277000.0,11.4925,,,
2026-01-07 14:50:00,2026-01-07,11.47,11.48,11.45,11.48,3505000.0,11.488000000000001,,,
2026-01-07 14:55:00,2026-01-07,11.47,11.49,11.45,11.47,3862000.0,11.483,,,
2026-01-07 15:00:00,2026-01-07,11.48,11.49,11.45,11.46,7109000.0,11.4775,,,
2026-01-07 15:05:00,2026-01-07,11.45,11.49,11.45,11.48,10174000.0,11.4745,,,
2026-01-07 15:10:00,2026-01-07,11.48,11.54,11.45,11.5,26046000.0,11.476,,,
2026-01-07 15:15:00,2026-01-07,11.5,11.51,11.42,11.46,26798000.0,11.475000000000001,,,
2026-01-07 15:20:00,2026-01-07,11.45,11.46,11.43,11.45,10808000.0,11.473,,,
2026-01-07 15:25:00,2026-01-07,11.44,11.47,11.42,11.46,20043000.0,11.4715,,,
