Price,Close,High,Low,Open,Volume,MA50,MA100,MA200
Ticker,YESBANK.NS,YESBANK.NS,YESBANK.NS,YESBANK.NS,YESBANK.NS,,,
Date,,,,,,,,
2024-01-01,22.649999618530273,23.0,21.399999618530273,21.5,577972312,,,
2024-01-02,23.200000762939453,23.700000762939453,22.299999237060547,22.700000762939453,618101025,,,
2024-01-03,22.899999618530273,23.75,22.75,23.25,378099590,,,
2024-01-04,23.25,23.600000381469727,22.899999618530273,23.049999237060547,271346506,,,
2024-01-05,24.0,24.299999237060547,23.25,23.350000381469727,561257556,,,
2024-01-08,24.200000762939453,24.450000762939453,23.450000762939453,24.299999237060547,546082056,,,
2024-01-09,24.200000762939453,25.0,24.100000381469727,24.399999618530273,474325248,,,
2024-01-10,25.5,25.649999618530273,24.0,24.149999618530273,706576963,,,
2024-01-11,25.549999237060547,25.950000762939453,25.149999618530273,25.600000381469727,410909551,,,
2024-01-12,24.899999618530273,25.700000762939453,24.600000381469727,25.649999618530273,264160446,,,
2024-01-15,24.75,25.299999237060547,24.600000381469727,25.0,239737801,,,
2024-01-16,25.649999618530273,26.25,24.899999618530273,24.950000762939453,555808959,,,
2024-01-17,24.75,25.649999618530273,24.649999618530273,25.399999618530273,407818402,,,
2024-01-18,24.950000762939453,25.100000381469727,23.899999618530273,24.700000762939453,308605574,,,
2024-01-19,25.149999618530273,25.549999237060547,25.100000381469727,25.100000381469727,184495376,,,
2024-01-23,24.049999237060547,25.600000381469727,23.899999618530273,25.450000762939453,292673233,,,
2024-01-24,24.700000762939453,24.799999237060547,23.649999618530273,24.149999618530273,240904515,,,
2024-01-25,24.850000381469727,25.299999237060547,24.700000762939453,24.799999237060547,213588805,,,
2024-01-29,24.350000381469727,25.5,24.25,25.299999237060547,300993947,,,
2024-01-30,23.899999618530273,24.5,23.799999237060547,24.450000762939453,219652035,,,
2024-01-31,24.100000381469727,24.299999237060547,23.899999618530273,24.0,164453372,,,
2024-02-01,23.899999618530273,24.25,23.700000762939453,24.100000381469727,193648566,,,
2024-02-02,23.700000762939453,24.149999618530273,23.600000381469727,23.950000762939453,164885094,,,
2024-02-05,22.799999237060547,23.799999237060547,22.600000381469727,23.700000762939453,225297171,,,
2024-02-06,25.399999618530273,25.700000762939453,23.0,23.100000381469727,807723717,,,
2024-02-07,29.799999237060547,30.450000762939453,25.950000762939453,26.100000381469727,541684682,,,
2024-02-08,30.0,32.70000076293945,28.899999618530273,31.100000381469727,964634649,,,
2024-02-09,31.399999618530273,32.849998474121094,29.25,30.200000762939453,497430325,,,
2024-02-12,28.299999237060547,32.349998474121094,28.0,31.950000762939453,571969199,,,
2024-02-13,27.850000381469727,28.950000762939453,26.75,28.450000762939453,317180197,,,
2024-02-14,28.700000762939453,28.950000762939453,27.0,27.149999618530273,246006958,,,
2024-02-15,29.0,29.799999237060547,28.700000762939453,29.0,248464035,,,
2024-02-16,28.399999618530273,29.700000762939453,28.299999237060547,29.25,204865939,,,
2024-02-19,27.100000381469727,28.549999237060547,27.0,28.5,357958339,,,
2024-02-20,26.600000381469727,27.350000381469727,26.450000762939453,27.100000381469727,369440835,,,
2024-02-21,25.549999237060547,27.100000381469727,25.399999618530273,26.850000381469727,435692162,,,
2024-02-22,27.149999618530273,27.350000381469727,24.950000762939453,25.799999237060547,667905535,,,
2024-02-23,26.200000762939453,27.399999618530273,26.100000381469727,26.850000381469727,353166971,,,
2024-02-26,25.25,26.0,25.100000381469727,26.0,271088654,,,
2024-02-27,25.100000381469727,26.149999618530273,25.0,25.299999237060547,312044110,,,
2024-02-28,23.799999237060547,25.450000762939453,23.600000381469727,25.350000381469727,372869982,,,
2024-02-29,24.450000762939453,24.799999237060547,23.850000381469727,24.149999618530273,362379098,,,
2024-03-01,24.950000762939453,25.100000381469727,24.549999237060547,24.899999618530273,214554855,,,
2024-03-04,24.799999237060547,25.700000762939453,24.600000381469727,25.350000381469727,183649074,,,
2024-03-05,24.5,25.0,24.399999618530273,24.799999237060547,173143571,,,
2024-03-06,23.600000381469727,24.5,23.5,24.5,310625402,,,
2024-03-07,23.850000381469727,24.200000762939453,23.649999618530273,23.700000762939453,172310156,,,
2024-03-11,23.649999618530273,24.299999237060547,23.549999237060547,24.0,176614273,,,
2024-03-12,22.850000381469727,23.850000381469727,22.700000762939453,23.75,219277943,,,
2024-03-13,20.950000762939453,23.100000381469727,20.75,22.899999618530273,604559562,25.22300003051758,,
2024-03-14,23.450000762939453,23.75,20.549999237060547,20.950000762939453,619816481,25.23900005340576,,
2024-03-15,23.799999237060547,24.399999618530273,22.75,23.649999618530273,535542732,25.251000022888185,,
2024-03-18,23.450000762939453,24.100000381469727,23.25,23.899999618530273,258256717,25.262000045776368,,
2024-03-19,22.950000762939453,23.700000762939453,22.850000381469727,23.399999618530273,215509042,25.256000061035156,,
2024-03-20,23.049999237060547,23.600000381469727,22.799999237060547,23.25,194241830,25.237000045776366,,
2024-03-21,23.399999618530273,23.649999618530273,23.100000381469727,23.350000381469727,176412547,25.221000022888184,,
2024-03-22,23.899999618530273,24.200000762939453,23.200000762939453,23.399999618530273,261281861,25.215,,
2024-03-26,23.549999237060547,24.149999618530273,23.450000762939453,23.899999618530273,214847555,25.17599998474121,,
2024-03-27,23.149999618530273,23.75,23.0,23.549999237060547,181249947,25.127999992370604,,
2024-03-28,23.200000762939453,23.600000381469727,23.100000381469727,23.200000762939453,189198317,25.09400001525879,,
2024-04-01,24.450000762939453,24.700000762939453,23.299999237060547,23.299999237060547,245113554,25.088000030517577,,
2024-04-02,24.600000381469727,24.850000381469727,24.25,24.549999237060547,191975650,25.067000045776368,,
2024-04-03,25.399999618530273,25.5,24.399999618530273,24.600000381469727,336349095,25.080000038146974,,
2024-04-04,24.899999618530273,25.75,24.700000762939453,25.649999618530273,266816425,25.07900001525879,,
2024-04-05,25.200000762939453,25.350000381469727,24.75,24.950000762939453,211846572,25.080000038146974,,
2024-04-08,24.75,25.350000381469727,24.649999618530273,25.299999237060547,116892324,25.09400005340576,,
2024-04-09,24.549999237060547,25.200000762939453,24.5,24.799999237060547,154932842,25.091000022888185,,
2024-04-10,24.450000762939453,24.799999237060547,24.299999237060547,24.600000381469727,112618177,25.083000030517578,,
2024-04-12,24.25,25.149999618530273,24.200000762939453,24.450000762939453,171088857,25.081000022888183,,
2024-04-15,23.950000762939453,24.350000381469727,23.649999618530273,24.25,214148928,25.08200004577637,,
2024-04-16,23.950000762939453,24.200000762939453,23.75,23.850000381469727,104659200,25.07900005340576,,
2024-04-18,23.899999618530273,24.450000762939453,23.799999237060547,24.100000381469727,198730218,25.07900005340576,,
2024-04-19,23.950000762939453,24.100000381469727,23.25,23.649999618530273,227501864,25.084000053405763,,
2024-04-22,25.200000762939453,25.350000381469727,24.0,24.049999237060547,325840643,25.13200008392334,,
2024-04-23,25.649999618530273,26.5,25.399999618530273,25.5,335943541,25.13700008392334,,
2024-04-24,25.450000762939453,25.950000762939453,25.399999618530273,25.899999618530273,173176081,25.05000011444092,,
2024-04-25,25.950000762939453,26.299999237060547,25.25,25.450000762939453,222135067,24.969000129699708,,
2024-04-26,26.149999618530273,26.450000762939453,25.950000762939453,26.049999237060547,253826137,24.864000129699708,,
2024-04-29,27.100000381469727,28.549999237060547,26.899999618530273,27.5,572841223,24.84000015258789,,
2024-04-30,26.149999618530273,27.399999618530273,26.049999237060547,27.25,269821799,24.8060001373291,,
2024-05-02,25.450000762939453,26.0,25.299999237060547,26.0,211043504,24.741000137329102,,
2024-05-03,24.950000762939453,25.850000381469727,24.25,24.850000381469727,960652538,24.66000015258789,,
2024-05-06,24.100000381469727,25.25,23.899999618530273,25.200000762939453,223165701,24.57400016784668,,
2024-05-07,22.850000381469727,24.299999237060547,22.649999618530273,24.100000381469727,445812059,24.48900016784668,,
2024-05-08,22.950000762939453,23.299999237060547,22.75,23.0,261166782,24.416000175476075,,
2024-05-09,22.600000381469727,23.149999618530273,22.5,23.049999237060547,236185664,24.357000198364258,,
2024-05-10,22.5,22.75,22.049999237060547,22.649999618530273,246251692,24.264000205993653,,
2024-05-13,22.25,22.549999237060547,21.850000381469727,22.5,260499591,24.185000190734865,,
2024-05-14,22.549999237060547,23.200000762939453,22.25,22.299999237060547,181551079,24.131000175476075,,
2024-05-15,22.600000381469727,22.75,22.450000762939453,22.700000762939453,150206482,24.081000175476074,,
2024-05-16,22.649999618530273,23.149999618530273,22.600000381469727,22.799999237060547,151589896,24.05800018310547,,
2024-05-17,23.0,23.149999618530273,22.549999237060547,22.649999618530273,156930508,24.02900016784668,,
2024-05-21,23.25,23.5,23.0,23.350000381469727,146784894,23.99500015258789,,
2024-05-22,22.950000762939453,23.399999618530273,22.75,23.350000381469727,155124095,23.95800018310547,,
2024-05-23,23.100000381469727,23.200000762939453,22.950000762939453,23.049999237060547,104049758,23.930000190734862,,
2024-05-24,23.0,23.399999618530273,22.950000762939453,23.100000381469727,139574706,23.91800018310547,,
2024-05-27,23.049999237060547,23.450000762939453,22.799999237060547,23.100000381469727,168551218,23.902000160217284,,
2024-05-28,22.799999237060547,23.100000381469727,22.649999618530273,23.0,152952386,23.885000152587892,,
2024-05-29,22.75,22.850000381469727,22.5,22.700000762939453,75915670,23.883000144958498,,
2024-05-30,22.549999237060547,22.850000381469727,22.5,22.75,102080974,23.915000114440918,24.56900007247925,
2024-05-31,23.0,23.399999618530273,22.399999618530273,22.700000762939453,353965112,23.90600009918213,24.572500076293945,
2024-06-03,23.549999237060547,24.649999618530273,23.399999618530273,24.399999618530273,258942118,23.901000099182127,24.576000061035156,
2024-06-04,21.850000381469727,23.5,21.0,23.5,360722855,23.869000091552735,24.56550006866455,
2024-06-05,22.649999618530273,22.899999618530273,21.600000381469727,22.299999237060547,214221272,23.86300006866455,24.559500064849853,
2024-06-06,22.899999618530273,23.299999237060547,22.799999237060547,22.850000381469727,172088732,23.860000076293947,24.548500061035156,
2024-06-07,23.149999618530273,23.350000381469727,22.649999618530273,22.899999618530273,151028965,23.855000076293944,24.538000049591066,
2024-06-10,23.8700008392334,24.5,23.209999084472656,23.399999618530273,283340418,23.85440010070801,24.534700050354004,
2024-06-11,23.6200008392334,24.1200008392334,23.549999237060547,23.989999771118164,164913524,23.855800132751465,24.51590005874634,
2024-06-12,24.1200008392334,24.3799991607666,23.719999313354492,23.75,187828351,23.875200157165526,24.501600074768067,
2024-06-13,23.799999237060547,24.5,23.709999084472656,24.350000381469727,130415960,23.88720012664795,24.49060007095337,
2024-06-14,23.809999465942383,23.979999542236328,23.719999313354492,23.979999542236328,85042765,23.87440010070801,24.481200065612793,
2024-06-18,23.799999237060547,24.110000610351562,23.729999542236328,23.889999389648438,93571771,23.858400077819823,24.462700061798095,
2024-06-19,23.809999465942383,24.139999389648438,23.5,23.850000381469727,152776153,23.826600074768066,24.45330005645752,
2024-06-20,23.959999084472656,24.649999618530273,23.780000686645508,23.850000381469727,169935306,23.807800064086916,24.443400039672852,
2024-06-21,23.84000015258789,24.139999389648438,23.75,24.09000015258789,115877428,23.780600051879883,24.43030004501343,
2024-06-24,23.959999084472656,24.100000381469727,23.649999618530273,23.889999389648438,111001042,23.764800033569337,24.429400043487547,
2024-06-25,24.020000457763672,24.450000762939453,23.950000762939453,24.100000381469727,133033834,23.754200057983397,24.422600040435793,
2024-06-26,23.790000915527344,24.229999542236328,23.709999084472656,24.030000686645508,128300377,23.741000061035155,24.412000045776367,
2024-06-27,23.510000228881836,23.93000030517578,23.31999969482422,23.8700008392334,103940384,23.726200065612794,24.40360004425049,
2024-06-28,23.690000534057617,24.06999969482422,23.549999237060547,23.600000381469727,127903732,23.721000061035156,24.401500053405762,
2024-07-01,24.059999465942383,24.1299991607666,23.610000610351562,23.780000686645508,132489757,23.723200035095214,24.401100044250487,
2024-07-02,23.850000381469727,24.479999542236328,23.799999237060547,24.059999465942383,147188768,23.722200050354004,24.400600051879884,
2024-07-03,23.93000030517578,24.299999237060547,23.860000610351562,24.0,97595777,23.72180004119873,24.402900047302246,
2024-07-04,23.950000762939453,24.399999618530273,23.809999465942383,23.989999771118164,149388062,23.69680004119873,24.414400062561036,
2024-07-05,26.639999389648438,27.040000915527344,23.8700008392334,23.979999542236328,985310768,23.716600036621095,24.426800060272218,
2024-07-08,25.68000030517578,27.440000534057617,25.56999969482422,26.950000762939453,648338958,23.72120002746582,24.38560007095337,
2024-07-09,25.799999237060547,26.440000534057617,25.709999084472656,26.079999923706055,314153625,23.718199996948243,24.343600063323976,
2024-07-10,24.959999084472656,26.0,24.600000381469727,25.899999618530273,239758474,23.69439998626709,24.2792000579834,
2024-07-11,25.829999923706055,27.09000015258789,25.700000762939453,26.100000381469727,726569550,23.668999977111817,24.254500064849854,
2024-07-12,25.600000381469727,26.239999771118164,25.559999465942383,25.889999389648438,224871313,23.657999992370605,24.232000064849853,
2024-07-15,26.3799991607666,26.799999237060547,25.100000381469727,25.649999618530273,394428177,23.67659996032715,24.208800048828124,
2024-07-16,26.190000534057617,26.850000381469727,26.1200008392334,26.3700008392334,164345143,23.701399955749512,24.1807000541687,
2024-07-18,25.75,26.299999237060547,25.670000076293945,26.0,187983764,23.734399948120117,24.1542000579834,
2024-07-19,24.770000457763672,25.780000686645508,24.6200008392334,25.739999771118164,166847717,23.772799949645997,24.130900058746338,
2024-07-22,25.670000076293945,26.190000534057617,25.219999313354492,25.899999618530273,332587313,23.827199935913086,24.12160005569458,
2024-07-23,24.959999084472656,25.700000762939453,24.25,25.670000076293945,183384210,23.874399909973146,24.115700054168702,
2024-07-24,24.899999618530273,25.18000030517578,24.739999771118164,24.950000762939453,134634530,23.92239990234375,24.0932000541687,
2024-07-25,24.6200008392334,24.780000686645508,24.420000076293945,24.59000015258789,106791946,23.96979991912842,24.07740005493164,
2024-07-26,24.969999313354492,25.110000610351562,24.649999618530273,24.670000076293945,120894253,24.018199920654297,24.074600048065186,
2024-07-29,24.950000762939453,25.68000030517578,24.799999237060547,25.25,183181556,24.06519992828369,24.073100051879884,
2024-07-30,25.709999084472656,26.06999969482422,24.8799991607666,24.940000534057617,275043147,24.12639991760254,24.092200050354005,
2024-07-31,26.510000228881836,27.200000762939453,25.90999984741211,25.90999984741211,653115416,24.196599922180177,24.11280004501343,
2024-08-01,26.280000686645508,26.940000534057617,26.209999084472656,26.649999618530273,252509224,24.257199935913086,24.12610004425049,
2024-08-02,25.450000762939453,26.020000457763672,25.350000381469727,25.700000762939453,210174985,24.307199935913086,24.132600059509276,
2024-08-05,23.540000915527344,24.75,23.43000030517578,24.5,379085398,24.31599994659424,24.123000068664552,
2024-08-06,23.25,24.25,23.15999984741211,24.010000228881836,183499934,24.320999946594238,24.119500064849852,
2024-08-07,24.049999237060547,24.149999618530273,23.389999389648438,23.889999389648438,154799051,24.340999946594238,24.12150005340576,
2024-08-08,23.920000076293945,24.34000015258789,23.8799991607666,24.06999969482422,127582225,24.363399963378907,24.124200057983398,
2024-08-09,23.940000534057617,24.329999923706055,23.84000015258789,24.190000534057617,103930859,24.38719997406006,24.135100059509277,
2024-08-12,24.420000076293945,24.6200008392334,23.540000915527344,23.889999389648438,208297302,24.424599990844726,24.169800052642824,
2024-08-13,24.110000610351562,25.100000381469727,24.010000228881836,25.0,175904099,24.44680000305176,24.176400051116943,
2024-08-14,23.989999771118164,24.34000015258789,23.81999969482422,24.329999923706055,105214714,24.45560001373291,24.17830005645752,
2024-08-16,24.270000457763672,24.420000076293945,23.989999771118164,24.270000457763672,97158685,24.50400001525879,24.186500053405762,
2024-08-19,24.450000762939453,24.940000534057617,24.25,24.290000915527344,131102426,24.54000003814697,24.201500053405763,
2024-08-20,24.510000228881836,24.639999389648438,24.350000381469727,24.5,87912368,24.572200050354002,24.216100063323974,
2024-08-21,24.450000762939453,24.770000457763672,24.350000381469727,24.450000762939453,83226963,24.598200073242186,24.226600074768065,
2024-08-22,24.579999923706055,24.670000076293945,24.459999084472656,24.479999542236328,85421132,24.61240005493164,24.233400077819823,
2024-08-23,24.389999389648438,24.850000381469727,24.360000610351562,24.6299991607666,111141944,24.62780002593994,24.241800079345705,
2024-08-26,24.079999923706055,24.530000686645508,24.0,24.5,84344508,24.627000007629395,24.25110008239746,
2024-08-27,24.020000457763672,24.209999084472656,24.0,24.18000030517578,65729887,24.63140003204346,24.259300079345703,
2024-08-28,23.959999084472656,24.18000030517578,23.920000076293945,24.0,82734530,24.634400024414063,24.254400062561036,
2024-08-29,23.729999542236328,24.020000457763672,23.68000030517578,23.959999084472656,77720713,24.63300003051758,24.2457000541687,
2024-08-30,23.610000610351562,24.020000457763672,23.549999237060547,23.799999237060547,111353758,24.62900005340576,24.227800064086914,
2024-09-02,23.8700008392334,24.020000457763672,23.360000610351562,23.610000610351562,142483327,24.627200088500977,24.217500076293945,
2024-09-03,23.709999084472656,24.0,23.639999389648438,23.959999084472656,72982107,24.624600067138672,24.202600059509276,
2024-09-04,23.489999771118164,23.670000076293945,23.389999389648438,23.489999771118164,75735143,24.61520008087158,24.19000005722046,
2024-09-05,23.389999389648438,23.6200008392334,23.34000015258789,23.600000381469727,56027204,24.602600059509278,24.178400058746337,
2024-09-06,23.139999389648438,23.540000915527344,23.100000381469727,23.389999389648438,80711374,24.5896000289917,24.165300045013428,
2024-09-09,22.889999389648438,23.110000610351562,22.510000228881836,23.049999237060547,121098030,24.57720001220703,24.15170003890991,
2024-09-10,22.979999542236328,23.110000610351562,22.950000762939453,22.969999313354492,73569153,24.562999992370607,24.14200002670288,
2024-09-11,23.81999969482422,24.40999984741211,22.8700008392334,22.979999542236328,240019208,24.558199996948243,24.14070001602173,
2024-09-12,23.43000030517578,24.020000457763672,23.3799991607666,23.989999771118164,95619836,24.54979999542236,24.136000022888183,
2024-09-13,23.299999237060547,23.860000610351562,23.239999771118164,23.389999389648438,105873786,24.53719997406006,24.129500007629396,
2024-09-16,23.5,23.969999313354492,23.239999771118164,23.309999465942383,124089733,24.52819995880127,24.1125,
2024-09-17,23.399999618530273,23.84000015258789,23.350000381469727,23.68000030517578,92847582,24.463399963378905,24.09,
2024-09-18,23.31999969482422,23.709999084472656,23.209999084472656,23.489999771118164,84442237,24.416199951171876,24.068699989318848,
2024-09-19,22.950000762939453,23.450000762939453,22.799999237060547,23.399999618530273,89812762,24.359199981689454,24.038699989318847,
2024-09-20,23.0,23.190000534057617,22.90999984741211,23.049999237060547,78880719,24.32,24.007199993133543,
2024-09-23,22.93000030517578,23.190000534057617,22.899999618530273,23.190000534057617,75716167,24.262000007629396,23.965499992370606,
2024-09-24,22.950000762939453,23.030000686645508,22.899999618530273,22.989999771118164,49409683,24.209000015258788,23.933500003814697,
2024-09-25,22.790000915527344,22.989999771118164,22.700000762939453,22.940000534057617,56797147,24.137200050354004,23.906900005340574,
2024-09-26,22.739999771118164,22.93000030517578,22.649999618530273,22.84000015258789,57810804,24.068200035095217,23.884799995422362,
2024-09-27,22.739999771118164,23.139999389648438,22.68000030517578,22.75,64565679,24.00800003051758,23.871199989318846,
2024-09-30,22.479999542236328,22.739999771118164,22.450000762939453,22.729999542236328,68993440,23.96220001220703,23.867499980926514,
2024-10-01,22.420000076293945,22.579999923706055,22.360000610351562,22.479999542236328,61376374,23.89720001220703,23.862199974060058,
2024-10-03,21.860000610351562,22.299999237060547,21.780000686645508,22.040000915527344,97597534,23.83520004272461,23.854799976348875,
2024-10-04,21.950000762939453,22.270000457763672,21.520000457763672,21.969999313354492,119371624,23.776200065612795,23.84929998397827,
2024-10-07,21.260000228881836,22.260000228881836,20.770000457763672,22.209999084472656,183639701,23.709000053405763,23.83939998626709,
2024-10-08,21.540000915527344,21.6200008392334,21.100000381469727,21.260000228881836,92773547,23.64040008544922,23.829300003051756,
2024-10-09,21.549999237060547,21.940000534057617,21.5,21.639999389648438,63955298,23.57240005493164,23.818799991607666,
2024-10-10,21.420000076293945,21.75,21.350000381469727,21.6299991607666,54770158,23.486600074768067,23.806499996185302,
2024-10-11,21.399999618530273,21.479999542236328,21.219999313354492,21.389999389648438,51740061,23.384400062561035,23.790499992370606,
2024-10-14,21.049999237060547,21.489999771118164,21.0,21.399999618530273,56645624,23.279800033569337,23.76849998474121,
2024-10-15,21.200000762939453,21.299999237060547,21.010000228881836,21.18000030517578,43357325,23.194800033569337,23.75099998474121,
2024-10-16,21.149999618530273,21.350000381469727,21.100000381469727,21.219999313354492,43705501,23.147000007629394,23.731499977111817,
2024-10-17,20.899999618530273,21.229999542236328,20.860000610351562,21.149999618530273,49372131,23.1,23.710499973297118,
2024-10-18,21.09000015258789,21.149999618530273,20.56999969482422,20.8700008392334,57339193,23.04080001831055,23.690899982452393,
2024-10-21,21.020000457763672,21.520000457763672,20.84000015258789,21.100000381469727,66917611,22.98280002593994,23.673099994659424,
2024-10-22,20.040000915527344,21.040000915527344,20.0,21.0,87606605,22.904800033569337,23.6460000038147,
2024-10-23,20.020000457763672,20.260000228881836,19.299999237060547,20.0,90720281,22.816800041198732,23.62070001602173,24.09485004425049
2024-10-24,20.020000457763672,20.329999923706055,19.899999618530273,20.030000686645508,52181658,22.73500003814697,23.590900020599364,24.081700048446656
2024-10-25,19.3799991607666,20.1200008392334,19.219999313354492,20.040000915527344,97874666,22.64280002593994,23.549200019836427,24.06260004043579
2024-10-28,20.540000915527344,21.290000915527344,20.25,20.350000381469727,228826923,22.568200035095217,23.536100025177003,24.050800046920777
2024-10-29,20.729999542236328,20.850000381469727,20.229999542236328,20.639999389648438,84798060,22.493800010681152,23.516900024414063,24.038200044631957
2024-10-30,20.719999313354492,21.15999984741211,20.100000381469727,20.100000381469727,94044203,22.417999992370607,23.495100021362305,24.02180004119873
2024-10-31,20.399999618530273,20.850000381469727,20.309999465942383,20.690000534057617,60815651,22.33699996948242,23.467600021362305,24.002800035476685
2024-11-01,20.709999084472656,20.75,20.56999969482422,20.56999969482422,17418327,22.259599952697755,23.436000003814698,23.98535002708435
2024-11-04,20.329999923706055,20.739999771118164,20.290000915527344,20.700000762939453,68193071,22.178399963378908,23.403099994659424,23.95950002670288
2024-11-05,20.6200008392334,20.68000030517578,20.229999542236328,20.280000686645508,56247026,22.109199981689454,23.368099994659424,23.934850034713744
2024-11-06,20.84000015258789,20.920000076293945,20.610000610351562,20.670000076293945,55366273,22.045599975585937,23.338500003814698,23.914550037384032
2024-11-07,20.780000686645508,21.139999389648438,20.719999313354492,20.920000076293945,62138851,21.982000007629395,23.30820001602173,23.89470004081726
2024-11-08,20.15999984741211,20.780000686645508,20.06999969482422,20.780000686645508,50979382,21.91060001373291,23.271800022125245,23.867250041961668
2024-11-11,19.889999389648438,20.329999923706055,19.850000381469727,20.15999984741211,81817209,21.836199989318846,23.232600021362305,23.842950038909912
2024-11-12,19.75,20.139999389648438,19.649999618530273,19.950000762939453,44546382,21.75379997253418,23.19050003051758,23.816950035095214
2024-11-13,19.06999969482422,19.729999542236328,19.020000457763672,19.6299991607666,80085697,21.66099998474121,23.14280002593994,23.786550035476683
2024-11-14,19.309999465942383,19.6299991607666,19.200000762939453,19.200000762939453,67917020,21.577399978637697,23.096300029754637,23.762850036621092
2024-11-18,19.280000686645508,19.5,19.149999618530273,19.290000915527344,61476591,21.495200004577637,23.048900032043456,23.735750036239622
2024-11-19,19.559999465942383,19.81999969482422,19.280000686645508,19.329999923706055,57492511,21.423600006103516,23.00660001754761,23.709300031661986
2024-11-21,19.1299991607666,19.489999771118164,19.040000915527344,19.489999771118164,57253095,21.348400001525878,22.962800006866456,23.68320002555847
2024-11-22,19.209999084472656,19.34000015258789,19.1200008392334,19.1200008392334,47148202,21.272999992370604,22.917999992370607,23.659750022888183
2024-11-25,19.18000030517578,19.719999313354492,19.059999465942383,19.510000228881836,119882710,21.180200004577635,22.86920000076294,23.635150022506714
2024-11-26,20.139999389648438,20.6299991607666,19.200000762939453,19.200000762939453,184040834,21.114399986267088,22.832099990844725,23.616350021362305
2024-11-27,20.260000228881836,20.350000381469727,19.84000015258789,20.139999389648438,82352775,21.053600006103515,22.795399990081787,23.599150018692015
2024-11-28,20.360000610351562,20.649999618530273,20.059999465942383,20.100000381469727,101691031,20.990800018310548,22.75949998855591,23.586950025558473
2024-11-29,19.959999084472656,20.520000457763672,19.90999984741211,20.350000381469727,123352713,20.922000007629393,22.69269998550415,23.559750022888185
2024-12-02,20.09000015258789,20.190000534057617,19.899999618530273,19.959999084472656,68351418,20.857400016784666,22.63679998397827,23.51120002746582
2024-12-03,20.84000015258789,21.100000381469727,20.1200008392334,20.149999618530273,150187297,20.815200004577637,22.587199993133545,23.46540002822876
2024-12-04,21.229999542236328,21.389999389648438,20.809999465942383,20.989999771118164,135391370,20.779799995422362,22.549899997711183,23.41455002784729
2024-12-05,21.170000076293945,21.389999389648438,21.049999237060547,21.389999389648438,83133989,20.744599990844726,22.50329999923706,23.378900032043457
2024-12-06,21.489999771118164,21.579999923706055,21.09000015258789,21.190000534057617,127231060,20.7153999710083,22.462199993133545,23.3471000289917
2024-12-09,21.84000015258789,22.020000457763672,21.459999084472656,21.489999771118164,113868644,20.696399955749513,22.41680000305176,23.312800025939943
2024-12-10,21.600000381469727,21.8700008392334,21.360000610351562,21.84000015258789,91877760,20.673599967956545,22.37090000152588,23.27580002784729
2024-12-11,21.579999923706055,21.729999542236328,21.450000762939453,21.5,65929641,20.6503999710083,22.32920000076294,23.24170002937317
2024-12-12,21.200000762939453,21.59000015258789,21.1200008392334,21.5,179952016,20.624799995422364,22.293500003814696,23.212200031280517
2024-12-13,21.09000015258789,21.200000762939453,20.700000762939453,21.149999618530273,97287009,20.598199996948242,22.247700004577638,23.18465003013611
2024-12-16,21.25,21.579999923706055,21.1200008392334,21.149999618530273,71194846,20.58599998474121,22.21060001373291,23.163150033950807
2024-12-17,20.959999084472656,21.440000534057617,20.899999618530273,21.200000762939453,148915011,20.566199951171875,22.171200008392333,23.13220003128052
2024-12-18,20.6200008392334,21.059999465942383,20.579999923706055,20.959999084472656,86755291,20.553399963378908,22.131200008392334,23.10430003166199
2024-12-19,20.360000610351562,20.440000534057617,20.170000076293945,20.299999237060547,51324521,20.52979995727539,22.085100021362305,23.079850034713743
2024-12-20,19.829999923706055,20.5,19.75,20.3700008392334,76096639,20.4953999710083,22.03390001296997,23.053500032424928
2024-12-23,19.90999984741211,20.079999923706055,19.770000457763672,19.899999618530273,52729673,20.465199966430664,21.975900020599365,23.034050035476685
2024-12-24,19.799999237060547,19.989999771118164,19.75,19.90999984741211,44708100,20.433199958801268,21.90880001068115,23.01080002784729
2024-12-26,19.799999237060547,19.940000534057617,19.709999084472656,19.920000076293945,55846692,20.40819995880127,21.843999996185303,22.985050020217894
2024-12-27,19.81999969482422,20.1200008392334,19.780000686645508,19.81999969482422,43277533,20.380599937438966,21.78769998550415,22.960150022506713
2024-12-30,19.540000915527344,20.190000534057617,19.40999984741211,19.829999923706055,83650841,20.348399963378906,21.747699985504152,22.93535002708435
2024-12-31,19.59000015258789,19.700000762939453,19.350000381469727,19.5,60378102,20.32219997406006,21.71109998703003,22.915300025939942
2025-01-01,19.6299991607666,19.700000762939453,19.520000457763672,19.600000381469727,51991164,20.29299995422363,21.66689998626709,22.894200019836425
2025-01-02,19.59000015258789,19.700000762939453,19.31999969482422,19.600000381469727,66997388,20.26439994812012,21.62359998703003,22.873900022506714
2025-01-03,19.959999084472656,20.190000534057617,19.600000381469727,19.6200008392334,99584232,20.262799911499023,21.58379997253418,22.85945001602173
2025-01-06,18.899999618530273,20.030000686645508,18.84000015258789,19.979999542236328,121876031,20.240399894714354,21.52859996795654,22.849200010299683
2025-01-07,19.020000457763672,19.110000610351562,18.799999237060547,19.010000228881836,67368307,20.220399894714355,21.477699966430663,22.827050008773803
2025-01-08,18.770000457763672,19.079999923706055,18.65999984741211,19.020000457763672,87612688,20.208199920654298,21.425499973297118,22.80190001487732
2025-01-09,18.489999771118164,18.84000015258789,18.450000762939453,18.739999771118164,71629389,20.167199897766114,21.367699966430663,22.777100009918215
2025-01-10,17.959999084472656,18.5,17.920000076293945,18.479999542236328,100828645,20.11179988861084,21.302799949645998,22.75215000152588
2025-01-13,17.1200008392334,17.93000030517578,17.059999465942383,17.93000030517578,119009652,20.039799919128416,21.22889995574951,22.722500009536745
2025-01-14,18.020000457763672,18.1299991607666,17.18000030517578,17.190000534057617,95583809,19.992199935913085,21.164599952697753,22.69560001373291
2025-01-15,17.969999313354492,18.219999313354492,17.860000610351562,18.09000015258789,91857646,19.93739994049072,21.098499946594238,22.66595001220703
2025-01-16,18.290000915527344,18.559999465942383,18.190000534057617,18.239999771118164,83579795,19.896599960327148,21.037499961853026,22.639650020599365
2025-01-17,18.260000228881836,18.3700008392334,17.959999084472656,18.280000686645508,61440794,19.849399948120116,20.979299964904786,22.615200023651123
2025-01-20,18.93000030517578,19.1299991607666,18.260000228881836,18.290000915527344,108954125,19.811199951171876,20.928399963378908,22.593850021362304
2025-01-21,18.5,19.079999923706055,18.450000762939453,19.079999923706055,88040986,19.765599937438964,20.87379997253418,22.564100017547606
2025-01-22,18.350000381469727,18.690000534057617,17.979999542236328,18.690000534057617,93719498,19.72939994812012,20.819999980926514,22.532850017547606
2025-01-23,18.469999313354492,18.6200008392334,18.040000915527344,18.260000228881836,83253385,19.700999946594237,20.768599967956543,22.498200016021727
2025-01-24,18.239999771118164,18.6299991607666,18.149999618530273,18.450000762939453,60357643,19.6707999420166,20.71229995727539,22.464900016784668
2025-01-27,18.489999771118164,18.989999771118164,18.360000610351562,18.6299991607666,234052234,19.65919994354248,20.660099964141846,22.43135001182556
2025-01-28,18.3700008392334,18.719999313354492,18.149999618530273,18.600000381469727,117219065,19.6403999710083,20.608899974822997,22.399450016021728
2025-01-29,18.809999465942383,18.920000076293945,18.270000457763672,18.399999618530273,98741576,19.630999946594237,20.56309997558594,22.370750017166138
2025-01-30,18.950000762939453,19.209999084472656,18.709999084472656,18.790000915527344,103327002,19.61879997253418,20.52119998931885,22.343250017166138
2025-01-31,19.229999542236328,19.299999237060547,18.739999771118164,18.899999618530273,86433511,19.620799980163575,20.48459999084473,22.318150014877318
2025-02-01,19.030000686645508,19.3799991607666,18.75,19.25,68141359,19.617200012207032,20.445100002288818,22.29355001449585
2025-02-03,18.790000915527344,18.950000762939453,18.65999984741211,18.93000030517578,60072694,19.60940002441406,20.39480001449585,22.267750015258787
2025-02-04,19.1200008392334,19.290000915527344,18.90999984741211,18.979999542236328,57242107,19.589000053405762,20.351700019836425,22.243850021362306
2025-02-05,19.420000076293945,19.5,19.06999969482422,19.06999969482422,80955575,19.572200050354002,20.31290002822876,22.22120001792908
2025-02-06,19.280000686645508,19.559999465942383,19.229999542236328,19.530000686645508,52266742,19.550600051879883,20.270700035095214,22.191600017547607
2025-02-07,19.1200008392334,19.43000030517578,19.049999237060547,19.309999465942383,60573527,19.5338000869751,20.227900047302246,22.158950023651123
2025-02-10,18.59000015258789,19.190000534057617,18.540000915527344,19.09000015258789,70508773,19.503800086975097,20.180600051879882,22.124650020599365
2025-02-11,18.110000610351562,18.690000534057617,18.010000228881836,18.59000015258789,55528034,19.449200096130372,20.132200050354005,22.085450019836426
2025-02-12,18.1299991607666,18.270000457763672,17.559999465942383,18.110000610351562,83805966,19.387200088500975,20.08350004196167,22.04535001754761
2025-02-13,18.170000076293945,18.40999984741211,18.049999237060547,18.09000015258789,51300876,19.327200088500977,20.035900039672853,22.000700016021728
2025-02-14,17.760000228881836,18.290000915527344,17.59000015258789,18.170000076293945,66961081,19.25260009765625,19.984000034332276,21.958750019073488
2025-02-17,17.65999984741211,17.81999969482422,17.329999923706055,17.75,92372362,19.169000091552736,19.932700023651122,21.91980001449585
2025-02-18,17.459999084472656,17.719999313354492,17.229999542236328,17.65999984741211,77197334,19.086200065612793,19.879900016784667,21.882350006103515
2025-02-19,18.0,18.059999465942383,17.309999465942383,17.399999618530273,63365019,19.014600067138673,19.832500019073485,21.851850004196166
2025-02-20,18.209999084472656,18.25,17.81999969482422,17.979999542236328,47340797,18.954800033569335,19.78980001449585,21.82864999771118
2025-02-21,17.93000030517578,18.420000076293945,17.8700008392334,18.18000030517578,56345958,18.891600036621092,19.74490001678467,21.80354999542236
2025-02-24,17.860000610351562,17.920000076293945,17.6299991607666,17.84000015258789,53216360,18.823800048828126,19.704900016784666,21.77984999656677
2025-02-25,17.790000915527344,18.100000381469727,17.75,17.799999237060547,49082878,18.76040008544922,19.663300018310547,21.75630000114441
2025-02-27,17.360000610351562,17.93000030517578,17.209999084472656,17.790000915527344,63136819,18.695200080871583,19.624300022125244,21.73185000419617
2025-02-28,16.75,17.260000228881836,16.65999984741211,17.229999542236328,133381737,18.623000068664552,19.57640001296997,21.702850008010863
2025-03-03,16.309999465942383,16.989999771118164,16.1299991607666,16.75,106603357,18.552600059509277,19.52400001525879,21.671400003433227
2025-03-04,16.34000015258789,16.780000686645508,16.15999984741211,16.239999771118164,143365309,18.481200065612793,19.47320001602173,21.639850006103515
2025-03-05,16.920000076293945,16.979999542236328,16.3799991607666,16.389999389648438,88590804,18.42360008239746,19.428400020599366,21.609450006484984
2025-03-06,16.979999542236328,17.25,16.93000030517578,17.190000534057617,72203818,18.367200088500976,19.387700023651124,21.578100004196166
2025-03-07,16.8799991607666,17.06999969482422,16.84000015258789,16.959999084472656,61451832,18.308400077819826,19.344500007629396,21.547749996185303
2025-03-10,16.520000457763672,17.020000457763672,16.479999542236328,16.8799991607666,68621458,18.248000068664552,19.298200016021728,21.514849996566774
2025-03-11,16.3700008392334,16.540000915527344,16.110000610351562,16.389999389648438,85457453,18.18360008239746,19.25290002822876,21.481700000762938
2025-03-12,16.149999618530273,16.5,16.020000457763672,16.399999618530273,79312744,18.114000091552736,19.203500022888182,21.44720000267029
2025-03-13,16.190000534057617,16.3700008392334,16.15999984741211,16.200000762939453,62477298,18.04600009918213,19.155200023651123,21.414150009155275
2025-03-17,16.110000610351562,16.3799991607666,16.09000015258789,16.299999237060547,71732487,17.969000129699708,19.115900020599366,21.38095001220703
2025-03-18,16.110000610351562,16.110000610351562,16.110000610351562,16.110000610351562,0,17.913200149536134,19.076800022125244,21.348750019073485
2025-03-19,17.030000686645508,17.100000381469727,16.520000457763672,16.520000457763672,99766469,17.87340015411377,19.04690002441406,21.318900022506714
2025-03-20,16.940000534057617,17.31999969482422,16.90999984741211,17.260000228881836,80780475,17.836800155639647,19.022500038146973,21.2858500289917
2025-03-21,17.170000076293945,17.219999313354492,16.899999618530273,16.969999313354492,101017458,17.810400161743164,18.98880002975464,21.26245002746582
2025-03-24,17.43000030517578,17.530000686645508,17.239999771118164,17.360000610351562,82460279,17.799800186157228,18.955800037384034,21.236350030899047
2025-03-25,17.030000686645508,17.530000686645508,17.0,17.459999084472656,101820390,17.79800018310547,18.918900051116943,21.207000036239624
2025-03-26,16.959999084472656,17.18000030517578,16.920000076293945,17.030000686645508,98505856,17.77680015563965,18.884500045776367,21.176050033569336
2025-03-27,17.260000228881836,17.5,16.780000686645508,16.93000030517578,214871192,17.762600173950194,18.85000005722046,21.143000030517577
2025-03-28,16.8799991607666,17.5,16.829999923706055,17.260000228881836,98061236,17.73440013885498,18.815500049591066,21.109300022125243
2025-04-01,17.329999923706055,17.43000030517578,16.6299991607666,16.739999771118164,90534491,17.715800132751465,18.782600040435792,21.075350017547606
2025-04-02,17.399999618530273,17.450000762939453,17.010000228881836,17.200000762939453,67818784,17.685200119018553,18.748200035095216,21.043350019454955
2025-04-03,17.950000762939453,18.040000915527344,17.110000610351562,17.110000610351562,94350870,17.674200134277342,18.719900035858153,21.01405002593994
2025-04-04,17.190000534057617,17.959999084472656,17.110000610351562,17.940000534057617,111241105,17.651000137329103,18.69020004272461,20.981000032424927
2025-04-07,16.850000381469727,16.93000030517578,16.15999984741211,16.209999084472656,122495456,17.618600158691407,18.659800052642822,20.946200037002562
2025-04-08,17.170000076293945,17.350000381469727,16.899999618530273,17.049999237060547,81632731,17.597200164794923,18.63400005340576,20.91225004196167
2025-04-09,17.15999984741211,17.299999237060547,16.899999618530273,17.139999389648438,69547580,17.5706001663208,18.614900054931642,20.87885004043579
2025-04-11,17.149999618530273,17.5,17.110000610351562,17.5,52543433,17.546200141906738,18.59330005645752,20.84480004310608
2025-04-15,17.520000457763672,17.59000015258789,17.309999465942383,17.489999771118164,61294441,17.520400161743165,18.575700054168703,20.812300043106077
2025-04-16,17.8700008392334,18.049999237060547,17.549999237060547,17.600000381469727,85730443,17.498800163269042,18.55880006790161,20.78270004272461
2025-04-17,18.09000015258789,18.149999618530273,17.719999313354492,17.84000015258789,99208246,17.476000175476074,18.548400077819824,20.75560004234314
2025-04-21,18.81999969482422,19.350000381469727,18.780000686645508,19.139999389648438,212102753,17.47180015563965,18.54450008392334,20.73125003814697
2025-04-22,18.690000534057617,18.989999771118164,18.639999389648438,18.940000534057617,76060910,17.469800148010254,18.539600086212157,20.70440004348755
2025-04-23,18.420000076293945,18.81999969482422,18.15999984741211,18.809999465942383,89519210,17.455800132751463,18.522400093078613,20.67725004196167
2025-04-24,18.43000030517578,18.65999984741211,18.329999923706055,18.399999618530273,65182036,17.436000137329103,18.504100093841554,20.64975004196167
2025-04-25,17.770000457763672,18.540000915527344,17.6200008392334,18.450000762939453,109327218,17.405800132751466,18.478200092315674,20.61885004043579
2025-04-28,18.09000015258789,18.15999984741211,17.709999084472656,17.780000686645508,73449583,17.385200119018556,18.459500102996827,20.576100044250488
2025-04-29,17.989999771118164,18.389999389648438,17.93000030517578,18.25,59829539,17.37320011138916,18.43850009918213,20.5376500415802
2025-04-30,17.719999313354492,18.030000686645508,17.639999389648438,17.979999542236328,54958582,17.36540008544922,18.407300090789796,20.49725004196167
2025-05-02,17.719999313354492,17.989999771118164,17.6299991607666,17.719999313354492,46832614,17.357200088500978,18.372200088500975,20.46105004310608
2025-05-05,17.729999542236328,17.84000015258789,17.510000228881836,17.700000762939453,49326496,17.348400077819825,18.3378000831604,20.42055004119873
2025-05-06,17.93000030517578,19.440000534057617,17.8799991607666,19.239999771118164,480714088,17.351800079345704,18.302200088500978,20.38220004081726
2025-05-07,18.270000457763672,18.3799991607666,17.729999542236328,17.8700008392334,140782313,17.364000091552736,18.266500091552736,20.341650047302245
2025-05-08,18.229999542236328,18.809999465942383,18.149999618530273,18.350000381469727,157515725,17.379400100708008,18.2328000831604,20.30185004234314
2025-05-09,20.020000457763672,20.3700008392334,17.770000457763672,17.799999237060547,728005767,17.41980010986328,18.217200088500977,20.27320004463196
2025-05-12,20.40999984741211,21.700000762939453,20.299999237060547,21.700000762939453,527532441,17.46380012512207,18.209300079345702,20.2514000415802
2025-05-13,20.8700008392334,21.389999389648438,20.260000228881836,20.5,285354139,17.522600135803224,18.207100086212158,20.227400045394898
2025-05-14,20.959999084472656,21.290000915527344,20.690000534057617,21.290000915527344,201882995,17.584600105285645,18.204200077056885,20.2074000453949
2025-05-15,21.510000228881836,21.700000762939453,20.959999084472656,21.100000381469727,264756782,17.659000091552734,18.209700088500977,20.190450048446657
2025-05-16,21.549999237060547,21.950000762939453,21.25,21.5,193427371,17.742800064086914,18.219000072479247,20.17510004043579
2025-05-19,21.200000762939453,21.68000030517578,21.149999618530273,21.559999465942383,146527941,17.831800079345705,18.22740007400513,20.156250047683717
2025-05-20,20.81999969482422,21.399999618530273,20.780000686645508,21.239999771118164,116009986,17.92200008392334,18.23730007171631,20.13560004234314
2025-05-21,20.979999542236328,21.100000381469727,20.6299991607666,20.829999923706055,103111472,18.01480007171631,18.248000068664552,20.111950044631957
2025-05-22,20.969999313354492,21.239999771118164,20.780000686645508,20.989999771118164,84194525,18.09580005645752,18.259700069427492,20.08425004005432
2025-05-23,21.149999618530273,21.229999542236328,20.8700008392334,20.979999542236328,84046831,18.179200057983397,18.273200073242187,20.058600034713745
2025-05-26,20.989999771118164,21.219999313354492,20.950000762939453,21.209999084472656,59611150,18.26140007019043,18.284900074005126,20.03630002975464
2025-05-27,21.1299991607666,21.200000762939453,20.8700008392334,20.989999771118164,79024752,18.353600044250488,18.30080005645752,20.024250020980833
2025-05-28,21.110000610351562,21.43000030517578,21.06999969482422,21.1299991607666,76178634,18.44840003967285,18.316000061035155,20.013550024032593
2025-05-29,21.309999465942383,21.360000610351562,21.09000015258789,21.209999084472656,76589813,18.551600036621092,18.332800064086914,19.999850025177
2025-05-30,21.479999542236328,21.649999618530273,21.020000457763672,21.34000015258789,156224502,18.657400016784667,18.351700057983397,19.987650022506713
2025-06-02,23.280000686645508,23.389999389648438,21.350000381469727,21.399999618530273,556213846,18.800800018310547,18.384900074005127,19.984350023269652
2025-06-03,20.860000610351562,22.93000030517578,20.709999084472656,22.93000030517578,351913170,18.895800018310545,18.404500083923338,19.96655002593994
2025-06-04,21.139999389648438,21.360000610351562,20.739999771118164,21.100000381469727,246958946,18.977999992370606,18.425700073242187,19.951700019836426
2025-06-05,20.93000030517578,21.290000915527344,20.889999389648438,21.290000915527344,117110247,19.05779998779297,18.44730007171631,19.936400022506714
2025-06-06,20.850000381469727,21.079999923706055,20.780000686645508,20.950000762939453,112153888,19.131399993896483,18.470900077819824,19.919300022125245
2025-06-09,21.020000457763672,21.1200008392334,20.950000762939453,20.969999313354492,79444934,19.203199996948243,18.501500091552735,19.902150020599365
2025-06-10,20.829999923706055,21.09000015258789,20.809999465942383,21.09000015258789,83741142,19.27919998168945,18.538600082397462,19.883750019073485
2025-06-11,20.709999084472656,21.079999923706055,20.68000030517578,20.850000381469727,87551682,19.354199981689455,18.56550006866455,19.865050010681152
2025-06-12,20.420000076293945,20.760000228881836,20.360000610351562,20.709999084472656,75498210,19.417399978637697,18.590000076293947,19.844250011444093
2025-06-13,20.15999984741211,20.290000915527344,19.920000076293945,20.0,86716463,19.482999992370605,18.608700065612794,19.823100013732912
2025-06-16,20.239999771118164,20.420000076293945,19.8700008392334,20.200000762939453,127118891,19.541199989318848,18.628500061035155,19.803900012969972
2025-06-17,19.940000534057617,20.34000015258789,19.809999465942383,20.239999771118164,106940351,19.592000007629395,18.638600063323974,19.78350001335144
2025-06-18,19.889999389648438,20.1299991607666,19.739999771118164,19.940000534057617,70942059,19.630799980163573,18.652500057220458,19.76315001487732
2025-06-19,19.40999984741211,19.950000762939453,19.31999969482422,19.889999389648438,121108336,19.675199966430664,18.663100051879884,19.7415500164032
2025-06-20,19.729999542236328,19.81999969482422,19.399999618530273,19.40999984741211,137535775,19.732799949645997,18.6757000541687,19.722150011062624
2025-06-23,19.8799991607666,19.959999084472656,19.6200008392334,19.719999313354492,84683129,19.786999931335448,18.692100048065186,19.70220000267029
2025-06-24,19.969999313354492,20.170000076293945,19.940000534057617,20.059999465942383,111385760,19.843199920654296,18.70690004348755,19.683500003814697
2025-06-25,20.229999542236328,20.280000686645508,19.969999313354492,19.969999313354492,102424811,19.90479991912842,18.72550003051758,19.66720000267029
2025-06-26,20.079999923706055,20.309999465942383,20.020000457763672,20.260000228881836,89018955,19.955999908447264,18.738200035095215,19.650650005340577
2025-06-27,20.18000030517578,20.489999771118164,20.100000381469727,20.100000381469727,105112009,20.002199897766115,18.75050003051758,19.63585000991821
2025-06-30,20.34000015258789,20.600000381469727,20.209999084472656,20.219999313354492,96513607,20.047199897766113,18.761600036621093,19.62310001373291
2025-07-01,20.43000030517578,20.479999542236328,20.149999618530273,20.399999618530273,79199190,20.079399909973144,18.775600032806395,19.610350017547606
2025-07-02,20.280000686645508,20.5,20.18000030517578,20.5,57391538,20.1111999130249,18.790500030517578,19.592650022506714
2025-07-03,20.149999618530273,20.329999923706055,20.1200008392334,20.299999237060547,55964363,20.14579990386963,18.800800018310547,19.576250019073488
2025-07-04,20.049999237060547,20.200000762939453,19.979999542236328,20.149999618530273,59748051,20.178199882507325,18.807100009918212,19.560000019073485
2025-07-07,20.0,20.190000534057617,19.979999542236328,20.049999237060547,49824401,20.222799873352052,18.81430000305176,19.542500019073486
2025-07-08,20.0,20.09000015258789,19.899999618530273,20.030000686645508,39857418,20.260999870300292,18.823099994659422,19.525500020980836
2025-07-09,19.90999984741211,20.110000610351562,19.860000610351562,20.010000228881836,44640150,20.29939987182617,18.836299991607667,19.508450021743773
2025-07-10,19.809999465942383,19.989999771118164,19.760000228881836,19.950000762939453,43768292,20.34119987487793,18.853299980163573,19.49275001525879
2025-07-11,19.65999984741211,19.950000762939453,19.610000610351562,19.809999465942383,43213838,20.379999885559084,18.86859998703003,19.47605001449585
2025-07-14,19.989999771118164,20.059999465942383,19.549999237060547,19.65999984741211,81039620,20.425199890136717,18.88679998397827,19.461350011825562
2025-07-15,20.459999084472656,20.649999618530273,19.979999542236328,20.09000015258789,155046810,20.475799865722657,18.91379997253418,19.448900003433227
2025-07-16,20.239999771118164,20.559999465942383,20.15999984741211,20.530000686645508,80436508,20.515199851989745,18.93959997177124,19.436149997711183
2025-07-17,20.139999389648438,20.329999923706055,20.1200008392334,20.260000228881836,49121789,20.55339984893799,18.966399974823,19.423149995803833
2025-07-18,20.170000076293945,20.25,20.049999237060547,20.200000762939453,55784919,20.556399841308593,18.98809997558594,19.410299997329712
2025-07-21,20.15999984741211,20.479999542236328,20.100000381469727,20.479999542236328,126790484,20.551399841308594,19.007599983215332,19.39869999885559
2025-07-22,19.989999771118164,20.280000686645508,19.950000762939453,20.239999771118164,56424796,20.53379981994629,19.028199977874756,19.386549997329713
2025-07-23,19.899999618530273,20.049999237060547,19.809999465942383,20.0,48443347,20.51259983062744,19.048599967956545,19.376749992370605
2025-07-24,20.010000228881836,20.079999923706055,19.43000030517578,19.989999771118164,94999548,20.482599830627443,19.07079996109009,19.367049989700316
2025-07-25,19.600000381469727,19.989999771118164,19.579999923706055,19.950000762939453,76975220,20.443599853515625,19.093199958801268,19.358749990463256
2025-07-28,19.329999923706055,19.809999465942383,19.280000686645508,19.639999389648438,61286631,20.406199836730956,19.11899995803833,19.34769998550415
2025-07-29,19.399999618530273,19.540000915527344,19.309999465942383,19.34000015258789,56102137,20.377799835205078,19.14989995956421,19.3369499874115
2025-07-30,19.219999313354492,19.489999771118164,19.18000030517578,19.440000534057617,53521061,20.342599830627442,19.178699951171875,19.3259499835968
2025-07-31,18.920000076293945,19.1200008392334,18.84000015258789,19.100000381469727,93683521,20.30159984588623,19.198699951171875,19.31354998588562
2025-08-01,18.600000381469727,18.989999771118164,18.549999237060547,18.920000076293945,58206240,20.25059986114502,19.21489995956421,19.301299991607667
2025-08-04,18.889999389648438,19.06999969482422,18.329999923706055,18.610000610351562,73368669,20.208599853515626,19.234999961853028,19.28974998474121
2025-08-05,18.860000610351562,18.989999771118164,18.760000228881836,18.799999237060547,39066603,20.163199882507325,19.258399963378906,19.27829998970032
2025-08-06,18.729999542236328,18.90999984741211,18.670000076293945,18.860000610351562,41705259,20.115599861145018,19.281999950408935,19.26744998931885
2025-08-07,18.770000457763672,18.829999923706055,18.399999618530273,18.6299991607666,56249685,20.064799880981447,19.308199958801268,19.255849990844727
2025-08-08,18.540000915527344,18.850000381469727,18.5,18.799999237060547,35941372,20.005999908447265,19.331699962615968,19.243449993133545
2025-08-11,18.770000457763672,18.809999465942383,18.450000762939453,18.540000915527344,37440382,19.91579990386963,19.358299961090086,19.237099990844726
2025-08-12,18.719999313354492,18.8799991607666,18.690000534057617,18.81999969482422,31306357,19.872999877929686,19.384399948120116,19.23059998512268
2025-08-13,18.829999923706055,18.8700008392334,18.649999618530273,18.770000457763672,37754923,19.82679988861084,19.402399940490724,19.22464998245239
2025-08-14,18.780000686645508,18.8799991607666,18.719999313354492,18.829999923706055,31042904,19.783799896240236,19.4207999420166,19.221649990081787
2025-08-18,19.09000015258789,19.18000030517578,18.8799991607666,18.90999984741211,48199185,19.748599891662597,19.43999994277954,19.21439998626709
2025-08-19,19.350000381469727,19.389999389648438,19.030000686645508,19.1200008392334,46074068,19.71519989013672,19.45919994354248,19.20749999046326
2025-08-20,19.360000610351562,19.43000030517578,19.31999969482422,19.34000015258789,40828150,19.68579990386963,19.48249994277954,19.20069999694824
2025-08-21,19.43000030517578,19.700000762939453,19.329999923706055,19.3799991607666,49389309,19.660199928283692,19.50719995498657,19.19585000038147
2025-08-22,19.280000686645508,19.459999084472656,19.25,19.43000030517578,38048028,19.637399940490724,19.52739995956421,19.188700008392335
2025-08-25,19.549999237060547,20.200000762939453,19.5,20.200000762939453,254721161,19.625199928283692,19.55409996032715,19.184800004959108
2025-08-26,18.950000762939453,19.5,18.899999618530273,19.489999771118164,148661489,19.599399948120116,19.570299968719482,19.176450004577635
2025-08-28,18.68000030517578,19.030000686645508,18.649999618530273,19.0,68889791,19.57419994354248,19.583099975585938,19.165650005340577
2025-08-29,19.100000381469727,19.549999237060547,18.709999084472656,18.8799991607666,191492999,19.558399963378907,19.594599971771242,19.157250003814696
2025-09-01,19.549999237060547,19.639999389648438,19.06999969482422,19.200000762939453,78438721,19.561199951171876,19.61819995880127,19.15420000076294
2025-09-02,19.549999237060547,19.799999237060547,19.3700008392334,19.549999237060547,71824126,19.55759994506836,19.645199947357177,19.1525
2025-09-03,20.350000381469727,20.3799991607666,19.700000762939453,19.739999771118164,220584457,19.56699996948242,19.676999950408934,19.15550000190735
2025-09-04,20.290000915527344,20.540000915527344,20.25,20.489999771118164,99808514,19.57340000152588,19.708299961090088,19.161600008010865
2025-09-05,20.440000534057617,20.610000610351562,20.030000686645508,20.309999465942383,91388363,19.577600021362304,19.74119997024536,19.167250013351442
2025-09-08,20.18000030517578,20.530000686645508,20.139999389648438,20.510000228881836,50735550,19.5796000289917,19.767799968719483,19.171750011444093
2025-09-09,20.34000015258789,20.479999542236328,20.200000762939453,20.209999084472656,58152362,19.582800025939942,19.79249996185303,19.17565001487732
2025-09-10,20.770000457763672,20.93000030517578,20.420000076293945,20.459999084472656,131894977,19.591400032043456,19.819299964904786,19.183850021362304
2025-09-11,20.979999542236328,21.139999389648438,20.75,20.8799991607666,113340991,19.602400016784667,19.840899963378906,19.192700023651124
2025-09-12,20.860000610351562,21.079999923706055,20.75,21.049999237060547,70693606,19.61400001525879,19.862599964141847,19.201100025177002
2025-09-15,21.010000228881836,21.280000686645508,20.8700008392334,20.8700008392334,74452689,19.63120002746582,19.888499965667723,19.205450029373168
2025-09-16,21.010000228881836,21.09000015258789,20.84000015258789,21.010000228881836,58912746,19.650400047302245,19.914299964904785,19.209200029373168
2025-09-17,21.149999618530273,21.239999771118164,20.8700008392334,21.040000915527344,77272829,19.673400039672853,19.94809995651245,19.213150024414062
2025-09-18,21.06999969482422,21.309999465942383,20.940000534057617,21.299999237060547,78623637,19.694800033569337,19.977899951934816,19.21870002746582
2025-09-19,21.170000076293945,21.389999389648438,21.0,21.06999969482422,116051178,19.720000038146974,20.009699954986573,19.22410002708435
2025-09-22,21.209999084472656,21.6299991607666,21.18000030517578,21.239999771118164,111736439,19.748000030517577,20.044599952697755,19.225950021743774
2025-09-23,21.3799991607666,21.450000762939453,21.100000381469727,21.200000762939453,82429015,19.782400016784667,20.081199951171875,19.226700019836425
2025-09-24,21.190000534057617,21.549999237060547,21.149999618530273,21.34000015258789,76509671,19.806400032043456,20.115799961090087,19.226800022125243
2025-09-25,21.350000381469727,21.56999969482422,21.15999984741211,21.190000534057617,117158717,19.824200057983397,20.149999961853027,19.226100025177
2025-09-26,20.969999313354492,21.399999618530273,20.899999618530273,21.350000381469727,85479445,19.838800048828126,20.176999950408934,19.221750020980835
2025-09-29,21.040000915527344,21.34000015258789,21.010000228881836,21.020000457763672,69388119,19.856800079345703,20.205099964141844,19.21895002365112
2025-09-30,21.25,21.469999313354492,21.06999969482422,21.06999969482422,92547790,19.878400077819823,20.217399959564208,19.217300024032593
2025-10-01,21.760000228881836,21.81999969482422,21.15999984741211,21.280000686645508,157063539,19.91040008544922,20.230899963378906,19.220100021362306
2025-10-03,21.850000381469727,21.969999313354492,21.68000030517578,21.760000228881836,108054972,19.94760009765625,20.24069995880127,19.223900022506715
2025-10-06,21.93000030517578,22.190000534057617,21.780000686645508,21.899999618530273,103492711,19.988200111389162,20.2503999710083,19.227300024032594
2025-10-07,22.219999313354492,22.360000610351562,21.940000534057617,21.950000762939453,120108122,20.032400093078614,20.25749996185303,19.233600025177
2025-10-08,22.040000915527344,22.290000915527344,21.899999618530273,22.25,96892054,20.081200103759766,20.262399978637696,19.24070002555847
2025-10-09,22.420000076293945,22.469999313354492,22.010000228881836,22.049999237060547,113280531,20.143000106811524,20.27459997177124,19.251000022888185
2025-10-10,24.0,24.299999237060547,22.420000076293945,22.450000762939453,551294320,20.23500011444092,20.306399974822998,19.271850023269653
2025-10-13,24.030000686645508,24.290000915527344,23.81999969482422,24.200000762939453,251979906,20.331200141906738,20.33689998626709,19.29245002746582
2025-10-14,23.31999969482422,24.139999389648438,23.229999542236328,24.079999923706055,154381162,20.419200134277343,20.36039999008179,19.31005002975464
2025-10-15,23.31999969482422,23.469999313354492,23.209999084472656,23.350000381469727,91990161,20.513600120544435,20.382099990844726,19.327650032043458
2025-10-16,23.1200008392334,23.469999313354492,23.079999923706055,23.469999313354492,80935243,20.598200149536133,20.403400001525878,19.344150037765502
2025-10-17,22.25,23.239999771118164,22.049999237060547,23.1299991607666,199136558,20.666000137329103,20.414600009918214,19.357700033187868
2025-10-20,22.639999389648438,22.959999084472656,22.139999389648438,22.5,174176913,20.744200134277342,20.429899997711182,19.37295002937317
2025-10-21,22.75,22.899999618530273,22.68000030517578,22.790000915527344,25743458,20.82380012512207,20.444300003051758,19.388550033569334
2025-10-23,22.719999313354492,23.200000762939453,22.649999618530273,22.780000686645508,130607745,20.907400093078614,20.45670000076294,19.40420002937317
2025-10-24,22.670000076293945,22.8799991607666,22.469999313354492,22.75,90033037,20.985400085449218,20.450599994659424,19.417750034332276
2025-10-27,22.770000457763672,22.940000534057617,22.65999984741211,22.719999313354492,81275519,21.0664001083374,20.469699993133545,19.437100038528442
2025-10-28,22.729999542236328,22.959999084472656,22.540000915527344,22.75,90650700,21.14440010070801,20.485599994659424,19.455650033950807
2025-10-29,22.690000534057617,22.940000534057617,22.65999984741211,22.760000228881836,56148847,21.22260009765625,20.503199996948243,19.475250034332277
2025-10-30,22.229999542236328,22.75,22.200000762939453,22.75,80860184,21.28540008544922,20.51699998855591,19.493950033187865
2025-10-31,22.739999771118164,23.219999313354492,22.270000457763672,22.270000457763672,210892173,21.35320007324219,20.534199981689454,19.517850036621095
2025-11-03,22.969999313354492,23.149999618530273,22.530000686645508,22.75,107152375,21.425400047302247,20.555599975585938,19.5471000289917
2025-11-04,23.020000457763672,23.469999313354492,22.799999237060547,22.969999313354492,139505986,21.497200050354003,20.57869998931885,19.5721000289917
2025-11-05,23.020000457763672,23.020000457763672,23.020000457763672,23.020000457763672,0,21.572000045776367,20.604699993133544,19.597350034713745
2025-11-06,22.6299991607666,23.100000381469727,22.610000610351562,23.020000457763672,78361962,21.63360004425049,20.62939998626709,19.61905002593994
2025-11-07,22.850000381469727,22.940000534057617,22.299999237060547,22.5,84025519,21.711600036621093,20.655499992370604,19.64200002670288
2025-11-10,22.739999771118164,23.049999237060547,22.700000762939453,22.899999618530273,48716934,21.79280002593994,20.68349998474121,19.661050024032594
2025-11-11,22.6299991607666,22.75,22.389999389648438,22.739999771118164,53666213,21.86340000152588,20.710899982452393,19.681700019836427
2025-11-12,22.75,22.899999618530273,22.670000076293945,22.709999084472656,62838364,21.927400016784667,20.744299983978273,19.703700017929076
2025-11-13,22.479999542236328,22.84000015258789,22.450000762939453,22.75,59377342,21.986000022888184,20.771799983978273,19.723750019073485
2025-11-14,22.5,22.600000381469727,22.360000610351562,22.479999542236328,50842831,22.029000015258788,20.797999992370606,19.745050020217896
2025-11-17,23.15999984741211,23.329999923706055,22.579999923706055,22.579999923706055,156830924,22.086399993896485,20.82989999771118,19.768400020599366
2025-11-18,22.989999771118164,23.25,22.950000762939453,23.190000534057617,74216797,22.137399978637696,20.8575,19.79150001525879
2025-11-19,22.93000030517578,23.059999465942383,22.760000228881836,22.989999771118164,60590652,22.192399978637695,20.886000003814697,19.812100019454956
2025-11-20,22.6299991607666,23.049999237060547,22.579999923706055,23.020000457763672,64244668,22.23819995880127,20.910499992370607,19.83050001144409
2025-11-21,22.43000030517578,22.65999984741211,22.31999969482422,22.6299991607666,67259036,22.271399955749512,20.931399993896484,19.84650001525879
2025-11-24,22.200000762939453,22.479999542236328,22.15999984741211,22.43000030517578,139013154,22.295799980163576,20.94909999847412,19.86235001564026
2025-11-25,22.700000762939453,22.81999969482422,22.299999237060547,22.3799991607666,111959200,22.33259998321533,20.97329999923706,19.88190001487732
2025-11-26,22.93000030517578,23.0,22.610000610351562,22.75,72030859,22.37099998474121,21.001100006103517,19.90095001220703
2025-11-27,22.84000015258789,23.190000534057617,22.639999389648438,22.93000030517578,65580085,22.40759998321533,21.029000015258788,19.918050012588502
2025-11-28,22.93000030517578,23.049999237060547,22.729999542236328,22.84000015258789,72031509,22.44319999694824,21.058300018310547,19.93630001068115
2025-12-01,22.450000762939453,23.100000381469727,22.3799991607666,22.940000534057617,79108039,22.47080001831055,21.082800025939942,19.952950010299684
2025-12-02,22.709999084472656,22.93000030517578,22.420000076293945,22.59000015258789,140633299,22.50159999847412,21.110800018310545,19.973550004959108
2025-12-03,22.399999618530273,22.8700008392334,22.31999969482422,22.850000381469727,102870973,22.525400009155273,21.136700019836425,19.995
2025-12-04,22.760000228881836,22.969999313354492,22.329999923706055,22.489999771118164,135564479,22.553000030517577,21.167700023651122,20.018150005340576
2025-12-05,22.600000381469727,22.790000915527344,22.469999313354492,22.790000915527344,81360183,22.58120002746582,21.193800029754637,20.040300006866456
2025-12-08,21.899999618530273,22.690000534057617,21.799999237060547,22.6299991607666,92735902,22.59220001220703,21.208200035095214,20.061000003814698
2025-12-09,22.020000457763672,22.18000030517578,21.579999923706055,21.790000915527344,75695676,22.613200035095215,21.22600004196167,20.082800006866456
2025-12-10,21.719999313354492,22.190000534057617,21.670000076293945,22.030000686645508,59340201,22.62680000305176,21.24180004119873,20.104100008010864
2025-12-11,21.940000534057617,22.0,21.600000381469727,21.780000686645508,49809860,22.64060001373291,21.259500045776367,20.12380001068115
2025-12-12,21.920000076293945,22.09000015258789,21.84000015258789,21.940000534057617,65886403,22.64380001068115,21.277100048065186,20.142350015640258
2025-12-15,21.760000228881836,21.950000762939453,21.700000762939453,21.8700008392334,42862660,22.642000007629395,21.294800052642824,20.161500015258788
2025-12-16,21.5,21.799999237060547,21.329999923706055,21.700000762939453,58377894,22.633400001525878,21.31080005645752,20.179700012207032
2025-12-17,21.559999465942383,21.68000030517578,21.459999084472656,21.510000228881836,52042505,22.620200004577637,21.326300048828124,20.198550004959106
2025-12-18,21.440000534057617,21.59000015258789,21.299999237060547,21.559999465942383,37324141,22.608199996948244,21.344700050354003,20.218950004577636
2025-12-19,21.700000762939453,21.760000228881836,21.450000762939453,21.450000762939453,86903781,22.593800010681154,21.36840005874634,20.243700008392334
2025-12-22,21.780000686645508,21.860000610351562,21.700000762939453,21.780000686645508,40151576,22.549400024414062,21.39220006942749,20.27105001449585
2025-12-23,21.739999771118164,21.8700008392334,21.649999618530273,21.780000686645508,41573838,22.503600006103515,21.417400074005126,20.2980500125885
2025-12-24,21.690000534057617,21.950000762939453,21.65999984741211,21.729999542236328,45436981,22.471000022888184,21.445100078582765,20.32190001487732
2025-12-25,21.690000534057617,21.690000534057617,21.690000534057617,21.690000534057617,0,22.438400039672853,21.476000080108644,20.345450019836427
2025-12-26,21.520000457763672,21.729999542236328,21.469999313354492,21.670000076293945,37356486,22.406400032043457,21.502300090789795,20.36865002632141
2025-12-29,21.360000610351562,21.59000015258789,21.309999465942383,21.520000457763672,50264490,22.388600044250488,21.527300090789794,20.39285002708435
2025-12-30,21.3700008392334,21.479999542236328,21.149999618530273,21.399999618530273,267083134,22.363200073242187,21.553700103759766,20.417850027084352
2025-12-31,21.600000381469727,21.780000686645508,21.389999389648438,21.399999618530273,64801196,22.340200080871583,21.582000102996826,20.44510003089905
2026-01-01,21.489999771118164,21.700000762939453,21.440000534057617,21.65999984741211,32482816,22.315600090026855,21.611500091552735,20.47160002708435
2026-01-02,22.290000915527344,22.34000015258789,21.479999542236328,21.5,114890325,22.308000106811523,21.64670009613037,20.50250002861023
2026-01-05,22.829999923706055,22.90999984741211,22.18000030517578,22.350000381469727,153037809,22.309200096130372,21.687800102233886,20.536100025177003
2026-01-06,22.809999465942383,23.200000762939453,22.670000076293945,22.799999237060547,121289455,22.31080009460449,21.72760009765625,20.565000019073487
2026-01-07,23.5,23.56999969482422,22.719999313354492,22.889999389648438,188593277,22.32700008392334,21.774800090789796,20.5978000164032
