period,symbol,n,r,p,significant
7,ADANIPORTS,2102,0.0054,0.8035,False
7,ASHOKLEY,2102,-0.0076,0.7282,False
7,AXISBANK,2102,-0.0112,0.608,False
7,BAJFINANCE,2130,0.0227,0.2946,False
7,BANDHANBNK,1525,0.0275,0.2827,False
7,BHARTIARTL,2102,-0.0563,0.0098,True
7,CIPLA,2052,-0.0428,0.0525,False
7,COALINDIA,2102,0.0143,0.5137,False
7,DABUR,2102,-0.0545,0.0124,True
7,DIVISLAB,2102,-0.0108,0.6203,False
7,HDFCBANK,2102,-0.0039,0.8574,False
7,HINDALCO,2102,0.0143,0.5119,False
7,ICICIBANK,2094,-0.0205,0.348,False
7,INDUSINDBK,2102,0.0241,0.2686,False
7,INFY,2094,-0.0221,0.3113,False
7,ITC,2094,-0.0051,0.8164,False
7,JSWSTEEL,2102,-0.0317,0.1466,False
7,NATIONALUM,2102,-0.0079,0.717,False
7,NTPC,2102,-0.0191,0.3812,False
7,ONGC,2102,0.0074,0.7361,False
7,PNB,2102,0.0481,0.0275,True
7,POWERGRID,2102,-0.0746,0.0006,True
7,RELIANCE,2102,0.0059,0.7885,False
7,SBIN,2100,0.019,0.3836,False
7,SUNPHARMA,2102,-0.0149,0.4955,False
7,TATAMOTORS,2102,0.0526,0.0159,True
7,TATASTEEL,2102,0.0018,0.9336,False
7,TECHM,2102,-0.0081,0.7094,False
7,VEDL,2102,0.0291,0.1816,False
7,WIPRO,2102,0.022,0.3128,False
7,NIFTY50,2128,0.0188,0.3848,False
9,ADANIPORTS,2100,0.0043,0.8453,False
9,ASHOKLEY,2100,-0.007,0.7497,False
9,AXISBANK,2100,-0.0085,0.6955,False
9,BAJFINANCE,2128,0.0264,0.2243,False
9,BANDHANBNK,1524,0.0229,0.3716,False
9,BHARTIARTL,2100,-0.0509,0.0196,True
9,CIPLA,2051,-0.0395,0.074,False
9,COALINDIA,2100,0.0083,0.7049,False
9,DABUR,2100,-0.0534,0.0145,True
9,DIVISLAB,2100,-0.009,0.6809,False
9,HDFCBANK,2100,-0.0043,0.8434,False
9,HINDALCO,2100,0.0157,0.4734,False
9,ICICIBANK,2092,-0.0223,0.3088,False
9,INDUSINDBK,2100,0.0274,0.2095,False
9,INFY,2092,-0.0222,0.3097,False
9,ITC,2092,-0.0065,0.7671,False
9,JSWSTEEL,2100,-0.0216,0.3226,False
9,NATIONALUM,2100,-0.0116,0.5947,False
9,NTPC,2100,-0.0177,0.4181,False
9,ONGC,2100,0.0101,0.6432,False
9,PNB,2100,0.0458,0.0357,True
9,POWERGRID,2100,-0.0775,0.0004,True
9,RELIANCE,2100,0.0043,0.8452,False
9,SBIN,2098,0.0164,0.4518,False
9,SUNPHARMA,2100,-0.0175,0.4231,False
9,TATAMOTORS,2100,0.054,0.0133,True
9,TATASTEEL,2100,0.0072,0.7403,False
9,TECHM,2100,-0.0015,0.9449,False
9,VEDL,2100,0.0325,0.136,False
9,WIPRO,2100,0.0231,0.289,False
9,NIFTY50,2127,0.0199,0.3582,False
14,ADANIPORTS,2097,0.0018,0.9353,False
14,ASHOKLEY,2097,-0.0055,0.8006,False
14,AXISBANK,2097,-0.0059,0.7855,False
14,BAJFINANCE,2124,0.027,0.2137,False
14,BANDHANBNK,1520,0.0141,0.5815,False
14,BHARTIARTL,2097,-0.0424,0.0524,False
14,CIPLA,2047,-0.0354,0.1093,False
14,COALINDIA,2097,-0.0035,0.8718,False
14,DABUR,2097,-0.0536,0.0141,True
14,DIVISLAB,2097,-0.0043,0.8429,False
14,HDFCBANK,2097,-0.0029,0.894,False
14,HINDALCO,2097,0.0171,0.4335,False
14,ICICIBANK,2088,-0.0248,0.2576,False
14,INDUSINDBK,2097,0.0316,0.1475,False
14,INFY,2088,-0.0204,0.3505,False
14,ITC,2088,-0.0105,0.6311,False
14,JSWSTEEL,2097,-0.0079,0.7187,False
14,NATIONALUM,2097,-0.0165,0.4489,False
14,NTPC,2097,-0.0214,0.3276,False
14,ONGC,2097,0.0134,0.5389,False
14,PNB,2097,0.0405,0.0639,False
14,POWERGRID,2097,-0.0829,0.0001,True
14,RELIANCE,2097,-0.0014,0.9477,False
14,SBIN,2094,0.0141,0.5193,False
14,SUNPHARMA,2097,-0.0214,0.3264,False
14,TATAMOTORS,2097,0.0548,0.012,True
14,TATASTEEL,2097,0.0151,0.49,False
14,TECHM,2097,0.0079,0.7186,False
14,VEDL,2097,0.0381,0.0808,False
14,WIPRO,2097,0.0247,0.2579,False
14,NIFTY50,2123,0.0212,0.3281,False
21,ADANIPORTS,2091,-0.0006,0.9792,False
21,ASHOKLEY,2091,-0.0051,0.8167,False
21,AXISBANK,2091,-0.0024,0.9142,False
21,BAJFINANCE,2119,0.0228,0.2941,False
21,BANDHANBNK,1515,0.0021,0.9343,False
21,BHARTIARTL,2091,-0.0367,0.093,False
21,CIPLA,2042,-0.0318,0.1514,False
21,COALINDIA,2091,-0.0129,0.5548,False
21,DABUR,2091,-0.0564,0.0099,True
21,DIVISLAB,2091,0.0004,0.9859,False
21,HDFCBANK,2091,-0.0021,0.925,False
21,HINDALCO,2091,0.0194,0.375,False
21,ICICIBANK,2083,-0.0236,0.282,False
21,INDUSINDBK,2091,0.0329,0.1325,False
21,INFY,2083,-0.0198,0.3674,False
21,ITC,2083,-0.0072,0.7417,False
21,JSWSTEEL,2091,-0.0008,0.9708,False
21,NATIONALUM,2091,-0.019,0.3841,False
21,NTPC,2091,-0.0294,0.1788,False
21,ONGC,2091,0.0153,0.4849,False
21,PNB,2091,0.0354,0.106,False
21,POWERGRID,2091,-0.0838,0.0001,True
21,RELIANCE,2091,-0.0093,0.6717,False
21,SBIN,2089,0.0098,0.6558,False
21,SUNPHARMA,2091,-0.0235,0.2821,False
21,TATAMOTORS,2091,0.0539,0.0137,True
21,TATASTEEL,2091,0.0186,0.3952,False
21,TECHM,2091,0.0146,0.5053,False
21,VEDL,2091,0.0395,0.0706,False
21,WIPRO,2091,0.0268,0.2205,False
21,NIFTY50,2118,0.0206,0.343,False
28,ADANIPORTS,2086,-0.0038,0.8616,False
28,ASHOKLEY,2086,-0.0053,0.8098,False
28,AXISBANK,2086,-0.0004,0.9848,False
28,BAJFINANCE,2114,0.017,0.4355,False
28,BANDHANBNK,1509,-0.0071,0.7831,False
28,BHARTIARTL,2086,-0.0343,0.1169,False
28,CIPLA,2037,-0.0304,0.1699,False
28,COALINDIA,2086,-0.012,0.5825,False
28,DABUR,2086,-0.0591,0.0069,True
28,DIVISLAB,2086,0.0032,0.8855,False
28,HDFCBANK,2086,-0.0022,0.9211,False
28,HINDALCO,2086,0.0197,0.3691,False
28,ICICIBANK,2078,-0.0228,0.2999,False
28,INDUSINDBK,2086,0.0325,0.1384,False
28,INFY,2078,-0.0187,0.3936,False
28,ITC,2078,-0.0065,0.7676,False
28,JSWSTEEL,2086,0.0015,0.9445,False
28,NATIONALUM,2086,-0.0179,0.4139,False
28,NTPC,2086,-0.0293,0.1809,False
28,ONGC,2086,0.0153,0.4843,False
28,PNB,2086,0.0317,0.148,False
28,POWERGRID,2086,-0.0798,0.0003,True
28,RELIANCE,2086,-0.0157,0.473,False
28,SBIN,2084,0.006,0.7851,False
28,SUNPHARMA,2086,-0.0277,0.2065,False
28,TATAMOTORS,2086,0.0514,0.0189,True
28,TATASTEEL,2086,0.0186,0.3948,False
28,TECHM,2086,0.0177,0.4184,False
28,VEDL,2086,0.0419,0.0556,False
28,WIPRO,2086,0.0295,0.1785,False
28,NIFTY50,2112,0.0183,0.4,False
