date,r
2016-03-02,-0.119508541590162
2016-03-03,-0.12923847304736677
2016-03-04,-0.1332290937233623
2016-03-08,-0.12907385404129085
2016-03-09,-0.1224909554581251
2016-03-10,-0.12933944514017168
2016-03-11,-0.1337877768008273
2016-03-14,-0.13218682235551937
2016-03-15,-0.13084329066384123
2016-03-16,-0.12844074891925558
2016-03-17,-0.13070426927617856
2016-03-18,-0.12235468342087293
2016-03-21,-0.12360825906509643
2016-03-22,-0.1247098110917592
2016-03-23,-0.12238334173917781
2016-03-28,-0.12413576101343908
2016-03-29,-0.12625306459969157
2016-03-30,-0.12508841445374153
2016-03-31,-0.12786324964779963
2016-04-01,-0.1301523007001465
2016-04-04,-0.12186131537712828
2016-04-05,-0.12158972161952097
2016-04-06,-0.12130491698782361
2016-04-07,-0.12148555717030854
2016-04-08,-0.12359821126715805
2016-04-11,-0.12099302216746953
2016-04-12,-0.11837186010685385
2016-04-13,-0.11079579881962344
2016-04-18,-0.10659570080930596
2016-04-20,-0.09538709980515223
2016-04-21,-0.10109144138882617
2016-04-22,-0.10189161195149694
2016-04-25,-0.10863820697240537
2016-04-26,-0.1094756237827415
2016-04-27,-0.11727907424464672
2016-04-28,-0.10764415309105992
2016-04-29,-0.1070024535650657
2016-05-02,-0.10758323103041009
2016-05-03,-0.10465747031119792
2016-05-04,-0.10885281036839406
2016-05-05,-0.1092797832379319
2016-05-06,-0.11092640717516893
2016-05-09,-0.10965005259700081
2016-05-10,-0.11326496141177576
2016-05-11,-0.11560292497467059
2016-05-12,-0.11898500781761502
2016-05-13,-0.12096352027824804
2016-05-16,-0.11582588508128412
2016-05-17,-0.11843941601624183
2016-05-18,-0.12701083192573032
2016-05-19,-0.12900965876816103
2016-05-20,-0.1293737527202944
2016-05-23,-0.11516511382669262
2016-05-24,-0.12647076917633343
2016-05-25,-0.12417453617226265
2016-05-26,-0.12086805064384769
2016-05-27,-0.11995189922511046
2016-05-30,-0.11782291063620338
2016-05-31,-0.12265297625145077
2016-06-01,-0.12720763430264773
2016-06-02,-0.12066825910421763
2016-06-03,-0.11758748356939998
2016-06-06,-0.11855233240292751
2016-06-07,-0.1177389987531753
2016-06-08,-0.11260180013063639
2016-06-09,-0.11121356203752453
2016-06-10,-0.10527342010480353
2016-06-13,-0.1141288144511412
2016-06-14,-0.11508760455215852
2016-06-16,-0.1108784658425295
2016-06-17,-0.10449889231588896
2016-06-20,-0.10578299281306558
2016-06-21,-0.11176323317956606
2016-06-22,-0.10963217683418101
2016-06-23,-0.10735942785754546
2016-06-24,-0.10812480036466077
2016-06-27,-0.10738253667751826
2016-06-28,-0.09952119481062324
2016-06-29,-0.09449621341617091
2016-06-30,-0.0821928311325248
2016-07-01,-0.07678109951746707
2016-07-04,-0.07490815891119335
2016-07-05,-0.09273654778305149
2016-07-07,-0.08635296243212622
2016-07-08,-0.08325788901380182
2016-07-11,-0.08039238349374474
2016-07-12,-0.07889130206804991
2016-07-13,-0.09295067465683393
2016-07-14,-0.08522491992705
2016-07-15,-0.08733432613912667
2016-07-18,-0.08859736797532461
2016-07-19,-0.08676733901777453
2016-07-20,-0.08658502976839572
2016-07-21,-0.09875438408006507
2016-07-22,-0.10083947506121918
2016-07-25,-0.09771791296387461
2016-07-26,-0.08752023789278551
2016-07-27,-0.08794447555684079
2016-07-28,-0.07785878501479382
2016-07-29,-0.08228370331799001
2016-08-01,-0.07681215907387744
2016-08-02,-0.07471556610406233
2016-08-03,-0.08328157320777255
2016-08-04,-0.07684903169685119
2016-08-05,-0.07912135159114526
2016-08-08,-0.07655815989034195
2016-08-09,-0.08094620650159734
2016-08-10,-0.08105076971059369
2016-08-11,-0.08231057156028138
2016-08-12,-0.07866565477760087
2016-08-16,-0.08030820307489585
2016-08-17,-0.08238047142107426
2016-08-18,-0.07977220323325095
2016-08-19,-0.08336615362783127
2016-08-22,-0.08175658224989904
2016-08-23,-0.08256285258918537
2016-08-24,-0.0853146406192534
2016-08-25,-0.08590807578792534
2016-08-26,-0.09513375932174607
2016-08-29,-0.08860716173239237
2016-08-30,-0.08595226642391186
2016-08-31,-0.08670208917358613
2016-09-01,-0.0878727925808451
2016-09-02,-0.09258768458717424
2016-09-06,-0.10084185283583755
2016-09-07,-0.11715372837321088
2016-09-08,-0.12796321143722073
2016-09-09,-0.12207347653631948
2016-09-12,-0.1099857048002896
2016-09-14,-0.10886962005661022
2016-09-15,-0.11645993725894596
2016-09-16,-0.12067462379125372
2016-09-19,-0.1488607520713873
2016-09-20,-0.13937890290771285
2016-09-21,-0.1547881057190201
2016-09-22,-0.17718975017341623
2016-09-26,-0.14215002359481677
2016-09-27,-0.1513207748158292
2016-09-28,-0.1615798162352022
2016-09-29,-0.1561032525222801
2016-09-30,-0.1470792427999571
2016-10-03,-0.15292843174887524
2016-10-04,-0.14799255512371895
2016-10-05,-0.14548506847321174
2016-10-06,-0.1441054497961932
2016-10-07,-0.14055127565469433
2016-10-10,-0.1455460169746947
2016-10-13,-0.1504014404127564
2016-10-14,-0.15004119281556447
2016-10-17,-0.145792376215278
2016-10-18,-0.13832076837254975
2016-10-19,-0.14144454971529988
2016-10-20,-0.13978704173438883
2016-10-21,-0.13746496809916237
2016-10-24,-0.1371828421891834
2016-10-25,-0.1401471914338868
2016-10-26,-0.13736096391485964
2016-10-27,-0.13538151681492036
2016-10-28,-0.1364109494500895
2016-11-01,-0.13817445034885642
2016-11-02,-0.13567303676344686
2016-11-03,-0.133831014674324
2016-11-04,-0.1308909041621308
2016-11-07,-0.13075311914964544
2016-11-08,-0.13438363618690832
2016-11-09,-0.13805161650961398
2016-11-10,-0.13018966391635517
2016-11-11,-0.13760125718804467
2016-11-15,-0.14152540373868766
2016-11-16,-0.14623480863803828
2016-11-17,-0.13998660200399807
2016-11-18,-0.1417410576173455
2016-11-21,-0.1442828552174089
2016-11-22,-0.1451799844494245
2016-11-23,-0.14550782162519715
2016-11-24,-0.14816250910029197
2016-11-25,-0.1501511659997293
2016-11-28,-0.15517118341198222
2016-11-29,-0.15152131384341233
2016-11-30,-0.15569212566630627
2016-12-01,-0.15603355829205762
2016-12-02,-0.1549273145791285
2016-12-05,-0.15419832253424526
2016-12-06,-0.15325508038771024
2016-12-07,-0.15344738458785245
2016-12-08,-0.15543516305015292
2016-12-09,-0.1529242978565516
2016-12-12,-0.15236457986673468
2016-12-13,-0.1541450794793721
2016-12-14,-0.15010260936507616
2016-12-15,-0.15161479588555554
2016-12-16,-0.15138068438224517
2016-12-19,-0.1517917262250574
2016-12-20,-0.14776195327506042
2016-12-21,-0.1519228299606444
2016-12-22,-0.15142706971413328
2016-12-23,-0.15107513686434415
2016-12-26,-0.15200423872962093
2016-12-27,-0.1586660966738436
2016-12-28,-0.15037767302417832
2016-12-29,-0.1416306787195228
2016-12-30,-0.14768773427152643
2017-01-02,-0.14839857070881432
2017-01-03,-0.1552942620113181
2017-01-04,-0.15505279905001662
2017-01-05,-0.15715665517839678
2017-01-06,-0.15924110506539463
2017-01-09,-0.16558760644079243
2017-01-10,-0.1624545054247902
2017-01-11,-0.16377135315117464
2017-01-12,-0.15781070978079
2017-01-13,-0.153847124795989
2017-01-16,-0.14715645797434723
2017-01-17,-0.15231099721446661
2017-01-18,-0.1502547478419297
2017-01-19,-0.14337066959098957
2017-01-20,-0.15098319236489757
2017-01-23,-0.14969625891629756
2017-01-24,-0.14524671786784657
2017-01-25,-0.14629889082664813
2017-01-27,-0.1336889201611188
2017-01-30,-0.13284299530130098
2017-01-31,-0.1324529850375149
2017-02-01,-0.1420616917278439
2017-02-02,-0.15562451106234304
2017-02-03,-0.15606314630359205
2017-02-06,-0.16279023048445676
2017-02-07,-0.1418217922022007
2017-02-08,-0.13981070739221504
2017-02-09,-0.14567291976151853
2017-02-10,-0.144572197347507
2017-02-13,-0.14208430244113038
2017-02-14,-0.14185592049025675
2017-02-15,-0.14391796391718545
2017-02-16,-0.14122460139243073
2017-02-17,-0.1403183881066952
2017-02-20,-0.14036310531075508
2017-02-21,-0.13910440384219344
2017-02-22,-0.14891096834758652
2017-02-23,-0.1427956023572617
2017-02-27,-0.12953647736456209
2017-02-28,-0.12745838540888654
2017-03-01,-0.1273750009486287
2017-03-02,-0.1168764933974196
2017-03-03,-0.11486911346438854
2017-03-06,-0.1250928877502293
2017-03-07,-0.12912344858981722
2017-03-08,-0.12482506398325938
2017-03-09,-0.13822526894249187
2017-03-10,-0.1319774146979495
2017-03-14,-0.1494673367080753
2017-03-15,-0.1337569762971946
2017-03-16,-0.13104774155496451
2017-03-17,-0.12878972258379173
2017-03-20,-0.12169103961911898
2017-03-21,-0.12104361436842032
2017-03-22,-0.11476506676105125
2017-03-23,-0.11650358836709299
2017-03-24,-0.11879630762748682
2017-03-27,-0.1207108026679378
2017-03-28,-0.12114338406049316
2017-03-29,-0.12178423017612046
2017-03-30,-0.12330121273954181
2017-03-31,-0.12729493408468578
2017-04-03,-0.12405585308669585
2017-04-05,-0.12395255304170162
2017-04-06,-0.12775372252064726
2017-04-07,-0.12248228696374545
2017-04-10,-0.12311702890319667
2017-04-12,-0.12387448274044623
2017-04-13,-0.12484447437137962
2017-04-17,-0.12509852778456523
2017-04-18,-0.12529545024249822
2017-04-19,-0.11437279424646343
2017-04-20,-0.11814757705890273
2017-04-21,-0.1237894209735032
2017-04-24,-0.1246882677231235
2017-04-25,-0.12250126493568325
2017-04-26,-0.1266169252755554
2017-04-27,-0.12842926021193993
2017-04-28,-0.12914539133170447
2017-05-02,-0.1378921747628379
2017-05-03,-0.13035990764514324
2017-05-04,-0.12942548812331658
2017-05-05,-0.12854676611317364
2017-05-08,-0.12793671477501392
2017-05-09,-0.12881129731618593
2017-05-10,-0.12833177417091948
2017-05-11,-0.12965510641786604
2017-05-12,-0.12992842007370176
2017-05-15,-0.12796296196962392
2017-05-16,-0.12757381929053233
2017-05-17,-0.12687870465970305
2017-05-18,-0.1281760891135598
2017-05-19,-0.12623862143023906
2017-05-22,-0.12349960708069396
2017-05-23,-0.12290080955313963
2017-05-24,-0.11474023135839181
2017-05-25,-0.10790531380032747
2017-05-26,-0.11648081984647905
2017-05-29,-0.1257998814024731
2017-05-30,-0.1271655416351186
2017-05-31,-0.12919246439156798
2017-06-01,-0.1286025489995374
2017-06-02,-0.1283112346562982
2017-06-05,-0.12368218601652638
2017-06-06,-0.12177026651488586
2017-06-07,-0.12562121340970578
2017-06-08,-0.1273871416448995
2017-06-09,-0.13017878239612257
2017-06-12,-0.12375297211017432
2017-06-13,-0.12591608431361118
2017-06-14,-0.1263898402666079
2017-06-15,-0.12635333447656139
2017-06-16,-0.1257610316304179
2017-06-19,-0.12569221503760886
2017-06-20,-0.13158579413076255
2017-06-21,-0.13057258370510044
2017-06-22,-0.128889307007279
2017-06-23,-0.12656775338195855
2017-06-27,-0.12623358451025596
2017-06-28,-0.1282913392104622
2017-06-29,-0.13366860919155168
2017-06-30,-0.13292616489068437
2017-07-03,-0.1307660376150676
2017-07-04,-0.12964352015048478
2017-07-05,-0.1314162823841718
2017-07-06,-0.12918215076290746
2017-07-07,-0.12769335096420695
2017-07-10,-0.12912864828167545
2017-07-11,-0.13334194521039344
2017-07-12,-0.14259564836997002
2017-07-13,-0.14913290756537667
2017-07-14,-0.15030658891884183
2017-07-17,-0.13359804376574874
2017-07-18,-0.14008039675467454
2017-07-19,-0.13856428745286214
2017-07-21,-0.1504946186235342
2017-07-24,-0.15077860193504147
2017-07-25,-0.13608466726332633
2017-07-26,-0.1386438952782016
2017-07-27,-0.13595727507938607
2017-07-28,-0.13905332671077647
2017-07-31,-0.14297760649355373
2017-08-01,-0.14322557946360243
2017-08-02,-0.13902730437756985
2017-08-03,-0.138133557783416
2017-08-04,-0.13605752040480096
2017-08-07,-0.14061564660461331
2017-08-08,-0.14504181336557012
2017-08-09,-0.15835206829939902
2017-08-10,-0.15582307188351358
2017-08-11,-0.16176226663264356
2017-08-14,-0.16724976890415322
2017-08-16,-0.15971943353586876
2017-08-17,-0.16435832621797056
2017-08-18,-0.16220239369613285
2017-08-21,-0.16601549730300194
2017-08-22,-0.16032618248911354
2017-08-23,-0.15947105587217048
2017-08-24,-0.15895571284821572
2017-08-28,-0.1597703954901217
2017-08-29,-0.15508462098801154
2017-08-30,-0.15180132578173197
2017-08-31,-0.1601400269177528
2017-09-01,-0.1543494546828614
2017-09-04,-0.1554001763118968
2017-09-05,-0.15478400394952677
2017-09-06,-0.1527228744959779
2017-09-07,-0.15521556704035286
2017-09-08,-0.14676158160103578
2017-09-11,-0.15185259472582022
2017-09-12,-0.1541293596595691
2017-09-13,-0.15147758107967554
2017-09-14,-0.15324136407062666
2017-09-15,-0.14846872872130795
2017-09-18,-0.1593929546011499
2017-09-19,-0.15557775029246784
2017-09-20,-0.15535635783615567
2017-09-21,-0.1483080705817764
2017-09-22,-0.13984104633064418
2017-09-25,-0.14044477774095818
2017-09-26,-0.1465963173048905
2017-09-27,-0.14391280876881182
2017-09-28,-0.13884640778389945
2017-09-29,-0.14233232358752262
2017-10-03,-0.136363826119546
2017-10-04,-0.1416747593158828
2017-10-05,-0.1364010400324499
2017-10-06,-0.13251075417610672
2017-10-09,-0.12064701327124559
2017-10-10,-0.1337746633512712
2017-10-11,-0.12601051301288826
2017-10-12,-0.11814682411776117
2017-10-13,-0.12460368284180923
2017-10-16,-0.12438918580058556
2017-10-17,-0.12272190846817106
2017-10-18,-0.13414827874099694
2017-10-23,-0.13406200900901222
2017-10-24,-0.13538937582415186
2017-10-25,-0.13272413230392766
2017-10-26,-0.1368471541224105
2017-10-27,-0.13489261469340136
2017-10-30,-0.1337491548672079
2017-10-31,-0.13372233190987134
2017-11-01,-0.13481809423314162
2017-11-02,-0.13622240095709745
2017-11-03,-0.13827776287155255
2017-11-06,-0.1397659083143186
2017-11-07,-0.13826027081146225
2017-11-08,-0.13862131263323638
2017-11-09,-0.1358934764974907
2017-11-10,-0.14007263239767495
2017-11-13,-0.14114793397475794
2017-11-14,-0.1412361773128178
2017-11-15,-0.14150328227823386
2017-11-16,-0.13916438589147131
2017-11-17,-0.13781573794009044
2017-11-20,-0.148756397174894
2017-11-21,-0.13513091583083273
2017-11-22,-0.1359111277937304
2017-11-23,-0.1428543545507023
2017-11-24,-0.15627876377431865
2017-11-27,-0.1544712740552026
2017-11-28,-0.13861006938625225
2017-11-29,-0.13838951620518966
2017-11-30,-0.13569561799041716
2017-12-01,-0.12819972707320682
2017-12-04,-0.12807392353461097
2017-12-05,-0.1230416072433686
2017-12-06,-0.12151739665510736
2017-12-07,-0.13136893684193016
2017-12-08,-0.12039868644313154
2017-12-11,-0.12153217516803363
2017-12-12,-0.12048511261936355
2017-12-13,-0.11552229131733503
2017-12-14,-0.1141935202546012
2017-12-15,-0.1077570907459354
2017-12-18,-0.1088828532086603
2017-12-19,-0.11600992527837549
2017-12-20,-0.11598310847210054
2017-12-21,-0.11593759853221103
2017-12-22,-0.11414216013860237
2017-12-26,-0.11288065068540368
2017-12-27,-0.11142241129667696
2017-12-28,-0.10897409357475835
2017-12-29,-0.10914549375850216
2018-01-01,-0.10975076352724769
2018-01-02,-0.11057225020347008
2018-01-03,-0.11662029655946891
2018-01-04,-0.11025529346021408
2018-01-05,-0.11325213514487883
2018-01-08,-0.11201562028743542
2018-01-09,-0.1068795918376313
2018-01-10,-0.10520871292376706
2018-01-11,-0.1027323388912651
2018-01-12,-0.09391771011691762
2018-01-15,-0.10722336330787752
2018-01-16,-0.1008751236848141
2018-01-17,-0.10012235689065264
2018-01-18,-0.09803478089559324
2018-01-19,-0.09771079326757078
2018-01-22,-0.11245246109738857
2018-01-23,-0.11341719268395452
2018-01-24,-0.12067822920705887
2018-01-25,-0.11120879658362855
2018-01-29,-0.11085789299839846
2018-01-30,-0.12761173891655656
2018-01-31,-0.11718113081932059
2018-02-01,-0.12147393543550565
2018-02-02,-0.1262394303514564
2018-02-06,-0.13001659869784174
2018-02-07,-0.14013848240221552
2018-02-08,-0.14134842125615502
2018-02-09,-0.15142996874325426
2018-02-12,-0.15429579922314893
2018-02-14,-0.15038516228308396
2018-02-15,-0.1435581138963263
2018-02-16,-0.14504566892707021
2018-02-19,-0.14129533141492637
2018-02-20,-0.14457019294362236
2018-02-21,-0.14503151865002492
2018-02-22,-0.13626359967441107
2018-02-23,-0.14597714418945207
2018-02-26,-0.14419143033254614
2018-02-27,-0.14385606568418177
2018-02-28,-0.14437530259117903
2018-03-01,-0.1462660369465394
2018-03-05,-0.15359739807526104
2018-03-06,-0.15531395583790863
2018-03-07,-0.14471476894747612
2018-03-08,-0.1447679216518488
2018-03-09,-0.14869993788696148
2018-03-12,-0.15180711025421134
2018-03-13,-0.15107306563455386
2018-03-14,-0.15899147175060896
2018-03-15,-0.15741763614026477
2018-03-16,-0.1489221596596213
2018-03-19,-0.1509986951085485
2018-03-20,-0.15016910638471542
2018-03-21,-0.1509010853635786
2018-03-22,-0.15213047328586177
2018-03-23,-0.15369618185396275
2018-03-26,-0.15440593275206774
2018-03-27,-0.15109510386832495
2018-03-28,-0.15404465859107744
2018-04-02,-0.15483771114175804
2018-04-03,-0.15358178933501027
2018-04-04,-0.15923454535177217
2018-04-05,-0.15780585424661003
2018-04-06,-0.15722925695664822
2018-04-09,-0.1565007083582234
2018-04-10,-0.15659271468906016
2018-04-11,-0.15630031143909257
2018-04-12,-0.15510017913536156
2018-04-13,-0.15366939871272395
2018-04-16,-0.14999817913141358
2018-04-17,-0.13473122570741888
2018-04-18,-0.13221818074631692
2018-04-19,-0.11596223718728164
2018-04-20,-0.11349532253631443
2018-04-23,-0.1147138760188136
2018-04-24,-0.11834682427538712
2018-04-25,-0.11249855277344643
2018-04-26,-0.11858834590310154
2018-04-27,-0.14109695675186745
2018-04-30,-0.13547709120538565
2018-05-02,-0.1350850012101986
2018-05-03,-0.13126165240085583
2018-05-04,-0.13632433129964455
2018-05-07,-0.12183811820013148
2018-05-08,-0.11659885599392955
2018-05-09,-0.11938842385792911
2018-05-10,-0.1285317567007986
2018-05-11,-0.1381674559315784
2018-05-14,-0.13681981376610697
2018-05-15,-0.12066074960197642
2018-05-17,-0.12442369073612095
2018-05-18,-0.12201776674781903
2018-05-21,-0.12437543735948786
2018-05-22,-0.12522944335720776
2018-05-23,-0.12426709304184588
2018-05-24,-0.12240098612106838
2018-05-25,-0.12269576483240856
2018-05-28,-0.13167079642924442
2018-05-29,-0.13061013664012613
2018-05-30,-0.1306496555381804
2018-05-31,-0.13106368815684594
2018-06-01,-0.13308506989219174
2018-06-04,-0.13165030053297383
2018-06-05,-0.1246074143881136
2018-06-06,-0.1285217387502974
2018-06-07,-0.12685886819439976
2018-06-08,-0.11256192654249596
2018-06-11,-0.10714146300064781
2018-06-12,-0.10356177816688258
2018-06-13,-0.11090950756173841
2018-06-14,-0.11341709971962688
2018-06-15,-0.11068253121273383
2018-06-18,-0.1112286072162118
2018-06-19,-0.11182893130942079
2018-06-20,-0.1108524243986927
2018-06-21,-0.10522398185230597
2018-06-22,-0.1099596091694388
2018-06-25,-0.10497545355970835
2018-06-26,-0.09976467741843735
2018-06-27,-0.0879399203997808
2018-06-28,-0.07820949397365745
2018-06-29,-0.07884482350090216
2018-07-02,-0.06872077555438359
2018-07-03,-0.06774964384810615
2018-07-04,-0.059018285426011105
2018-07-05,-0.05195463983508738
2018-07-06,-0.051354593661798925
2018-07-09,-0.06440291699370768
2018-07-10,-0.0650938487961668
2018-07-11,-0.06434372433956372
2018-07-12,-0.061437612721684055
2018-07-13,-0.0578198851761749
2018-07-16,-0.05638627038583559
2018-07-17,-0.05652688061612739
2018-07-18,-0.0482009824534813
2018-07-19,-0.042927970441110644
2018-07-20,-0.040498072692121724
2018-07-23,-0.04651650936511721
2018-07-24,-0.05025614004545671
2018-07-25,-0.04817804523680369
2018-07-26,-0.07134805920041946
2018-07-27,-0.07871635410364514
2018-07-30,-0.0701698003329287
2018-07-31,-0.074071403588504
2018-08-01,-0.07527004966721398
2018-08-02,-0.07133884236977171
2018-08-03,-0.06997637606311324
2018-08-06,-0.061202976137886056
2018-08-07,-0.07328437623208063
2018-08-08,-0.07585738785241337
2018-08-09,-0.059581358479781285
2018-08-10,-0.06878867770756115
2018-08-13,-0.07961570773135454
2018-08-14,-0.08441823074054358
2018-08-16,-0.07674077074584514
2018-08-17,-0.07611822532084482
2018-08-20,-0.0673213873566345
2018-08-21,-0.06837820157752311
2018-08-23,-0.07068306757991064
2018-08-27,-0.04768982898176476
2018-08-28,-0.04620886927556049
2018-08-29,-0.06560360362707009
2018-08-30,-0.05797806839885374
2018-08-31,-0.04034346758988436
2018-09-03,-0.0640385904810046
2018-09-04,-0.06409209169814464
2018-09-05,-0.06097126669896568
2018-09-06,-0.053991688960392456
2018-09-07,-0.06132514772672857
2018-09-10,-0.06395225130657115
2018-09-11,-0.06667375486028493
2018-09-12,-0.06963862377523879
2018-09-14,-0.06295051626228038
2018-09-17,-0.06021979603011052
2018-09-18,-0.06389978499514677
2018-09-19,-0.06494999797947001
2018-09-21,-0.05928704223160052
2018-09-24,-0.06387568242890558
2018-09-25,-0.06912035992495666
2018-09-26,-0.06878374663913261
2018-09-27,-0.06915122194794796
2018-09-28,-0.06860350775389494
2018-10-01,-0.07096062128295555
2018-10-03,-0.07019011532814876
2018-10-04,-0.07145423148828078
2018-10-05,-0.07200780215603107
2018-10-08,-0.07159125917739602
2018-10-09,-0.06950203664406315
2018-10-10,-0.07310074795560918
2018-10-11,-0.06928236200195688
2018-10-12,-0.06946476039802879
2018-10-15,-0.0707306629017045
2018-10-16,-0.06455171016563088
2018-10-17,-0.06814945538035568
2018-10-19,-0.06886298211528728
2018-10-22,-0.07365985543285974
2018-10-23,-0.06724068323367996
2018-10-24,-0.06966189826651166
2018-10-25,-0.07112731486740752
2018-10-26,-0.06759435830589858
2018-10-29,-0.06758222983755015
2018-10-30,-0.06788278145811388
2018-10-31,-0.06398355803950898
2018-11-01,-0.06585919920528611
2018-11-02,-0.06948844029843718
2018-11-05,-0.06952945340959633
2018-11-06,-0.0671753414305001
2018-11-09,-0.06630705728195134
2018-11-12,-0.07199893696792382
2018-11-13,-0.07096431191764108
2018-11-14,-0.0715483105873041
2018-11-15,-0.07530353239487335
2018-11-16,-0.0667545446433255
2018-11-19,-0.06626460691185292
2018-11-20,-0.06717642816450044
2018-11-21,-0.06743763768090863
2018-11-22,-0.06473210453213696
2018-11-26,-0.06784013553999325
2018-11-27,-0.06788239933837598
2018-11-28,-0.06814606637251487
2018-11-29,-0.06686261072068311
2018-11-30,-0.06649600029864623
2018-12-03,-0.06982997977840609
2018-12-04,-0.06954636617928375
2018-12-05,-0.07241681266810895
2018-12-06,-0.07211248241626461
2018-12-07,-0.07163789054326662
2018-12-10,-0.0715430256965355
2018-12-11,-0.07183860222625132
2018-12-12,-0.07259019638757194
2018-12-13,-0.07272113684274187
2018-12-14,-0.07169978221051371
2018-12-17,-0.06649205421516947
2018-12-18,-0.05997186346247544
2018-12-19,-0.05354076832785495
2018-12-20,-0.056931778198438455
2018-12-21,-0.04958806886489194
2018-12-24,-0.059284675493901755
2018-12-26,-0.05745393147365072
2018-12-27,-0.051457493017791546
2018-12-28,-0.05832676076695927
2018-12-31,-0.05682968415090061
2019-01-01,-0.052648119086374214
2019-01-02,-0.06466274866320172
2019-01-03,-0.061307564298569144
2019-01-04,-0.05988882067055447
2019-01-07,-0.05764124525904514
2019-01-08,-0.05767267719483432
2019-01-09,-0.057588581553482475
2019-01-10,-0.06129533840751447
2019-01-11,-0.06350984871838629
2019-01-14,-0.06307161117041996
2019-01-15,-0.06302826994823553
2019-01-16,-0.06247553254279257
2019-01-17,-0.062115098547492954
2019-01-18,-0.06264377787252373
2019-01-21,-0.0627099540512386
2019-01-22,-0.062058409097293994
2019-01-23,-0.060293190732227955
2019-01-24,-0.06091035679734715
2019-01-25,-0.061096819854627386
2019-01-28,-0.0676110800885902
2019-01-29,-0.058334295545421064
2019-01-30,-0.0625751633877038
2019-01-31,-0.062280439139089684
2019-02-01,-0.06392824280471401
2019-02-04,-0.06506992327136153
2019-02-05,-0.06982203778687734
2019-02-06,-0.07060251361957014
2019-02-07,-0.06737318234448164
2019-02-08,-0.06491146967475302
2019-02-11,-0.06910988734157414
2019-02-12,-0.065653578446592
2019-02-13,-0.05764806329781248
2019-02-14,-0.05508172017482198
2019-02-15,-0.0667465510688285
2019-02-18,-0.0659866684696958
2019-02-19,-0.06305456557866593
2019-02-20,-0.06873225417380352
2019-02-21,-0.0672758936106
2019-02-22,-0.06356154589487766
2019-02-25,-0.06184736155782169
2019-02-26,-0.06127708142375065
2019-02-27,-0.061324923583916106
2019-02-28,-0.062332498264106126
2019-03-01,-0.06209864246200867
2019-03-05,-0.06256832947490122
2019-03-06,-0.06520954353615134
2019-03-07,-0.05974651070058229
2019-03-08,-0.058348380006757926
2019-03-11,-0.049026221197163905
2019-03-13,-0.04807701515054642
2019-03-14,-0.06633039886663727
2019-03-15,-0.06230892119230477
2019-03-18,-0.05378960991803129
2019-03-19,-0.04885138206402444
2019-03-20,-0.051721813978905865
2019-03-22,-0.05221976082658678
2019-03-25,-0.041882775154559175
2019-03-26,-0.037432852980587884
2019-03-27,-0.04731842900587183
2019-03-28,-0.050463400852441706
2019-03-29,-0.05082614262314306
2019-04-01,-0.051481078011114026
2019-04-02,-0.04836874588340591
2019-04-03,-0.04685826585711177
2019-04-04,-0.050633666255825494
2019-04-05,-0.05102877388634429
2019-04-08,-0.05029762518149398
2019-04-09,-0.05018178537485477
2019-04-10,-0.048716607546276616
2019-04-11,-0.04960219879540552
2019-04-12,-0.04963673725726079
2019-04-15,-0.0469154495448485
2019-04-16,-0.04680949818665002
2019-04-18,-0.04855381521371359
2019-04-22,-0.04845073882387871
2019-04-23,-0.04818596444025114
2019-04-24,-0.04756159046873503
2019-04-25,-0.04635204959927117
2019-04-26,-0.04681158240776679
2019-04-30,-0.04274466761145571
2019-05-02,-0.05794438995810365
2019-05-03,-0.0597436895547406
2019-05-06,-0.06732153483707683
2019-05-07,-0.06978057792513788
2019-05-08,-0.06813733742158996
2019-05-09,-0.06456602240624178
2019-05-10,-0.0692241272424175
2019-05-13,-0.060116783940161275
2019-05-14,-0.059518757856456425
2019-05-15,-0.048878555526999684
2019-05-16,-0.054750472948872725
2019-05-17,-0.05748817025233521
2019-05-20,-0.06723762727539069
2019-05-21,-0.07241526261521955
2019-05-22,-0.0780304521942819
2019-05-23,-0.07963049927154399
2019-05-24,-0.0705697977283584
2019-05-27,-0.07031810752567166
2019-05-28,-0.07090293207019668
2019-05-29,-0.07909550413316101
2019-05-30,-0.07775779234804583
2019-05-31,-0.07887920654385462
2019-06-03,-0.07707393146925502
2019-06-04,-0.0715158986190725
2019-06-06,-0.06956860916372598
2019-06-07,-0.0760099667167112
2019-06-10,-0.07391497663758964
2019-06-11,-0.06799406847537237
2019-06-12,-0.07033028450270995
2019-06-13,-0.06826213375075872
2019-06-14,-0.0669591633134175
2019-06-17,-0.06486506080116891
2019-06-18,-0.06186681272600762
2019-06-19,-0.06265446225622522
2019-06-21,-0.05593437504567842
2019-06-24,-0.05449894477623175
2019-06-25,-0.053943457542093204
2019-06-26,-0.03931851129742313
2019-06-27,-0.04531516987554825
2019-06-28,-0.04355724633861824
2019-07-01,-0.0382941498505644
2019-07-02,-0.039588023559621766
2019-07-03,-0.03466780343219569
2019-07-04,-0.030519235264790046
2019-07-05,-0.04459420198917654
2019-07-08,-0.0531562215864481
2019-07-09,-0.04992358361846087
2019-07-10,-0.05247613391029764
2019-07-11,-0.05304814916628792
2019-07-12,-0.06503572762368151
2019-07-15,-0.0753093987684773
2019-07-16,-0.06596845706909973
2019-07-17,-0.07224960655028198
2019-07-18,-0.07856330727509236
2019-07-19,-0.08291557685625742
2019-07-22,-0.09098313192463436
2019-07-23,-0.09157570808946752
2019-07-24,-0.08331524332246326
2019-07-25,-0.08101169224172758
2019-07-26,-0.08503858891382277
2019-07-29,-0.09312946444464831
2019-07-30,-0.09630064614406138
2019-07-31,-0.09670633316216819
2019-08-01,-0.09463731784319968
2019-08-02,-0.11241810682993023
2019-08-05,-0.12066070868240031
2019-08-06,-0.12516204832367225
2019-08-07,-0.12431344722607066
2019-08-08,-0.12973971445670635
2019-08-09,-0.13913680637556794
2019-08-13,-0.11354932896826499
2019-08-14,-0.11601291394170898
2019-08-16,-0.1157041992410572
2019-08-19,-0.11924791221198291
2019-08-20,-0.11769112031588654
2019-08-21,-0.11801573463140957
2019-08-22,-0.119241320398196
2019-08-23,-0.1183020870335242
2019-08-26,-0.11678687024401233
2019-08-27,-0.12103788719378761
2019-08-28,-0.12523353289302389
2019-08-29,-0.12109670388436305
2019-08-30,-0.11794147230495222
2019-09-03,-0.11275954616327101
2019-09-04,-0.11257535052956638
2019-09-05,-0.11625255807403803
2019-09-06,-0.12016930963148567
2019-09-09,-0.12000174225018105
2019-09-11,-0.11908556961569362
2019-09-12,-0.1266139328442511
2019-09-13,-0.1305376484985252
2019-09-16,-0.1198815251986215
2019-09-17,-0.12243220068381815
2019-09-18,-0.13383668754261316
2019-09-19,-0.11757786427589093
2019-09-20,-0.11404200449392976
2019-09-23,-0.09900835337487635
2019-09-24,-0.11407242326543592
2019-09-25,-0.11872322390261975
2019-09-26,-0.11719218279385837
2019-09-27,-0.11710162929097861
2019-09-30,-0.11164360175167476
2019-10-01,-0.11385965693281236
2019-10-03,-0.11774449205779126
2019-10-04,-0.114083917748861
2019-10-07,-0.11400772161798882
2019-10-09,-0.11692055718371273
2019-10-10,-0.11393388447338604
2019-10-11,-0.11154449072936906
2019-10-14,-0.11178069926543688
2019-10-15,-0.1115709996063326
2019-10-16,-0.11336582567402474
2019-10-17,-0.10915401351680513
2019-10-18,-0.11256619059628702
2019-10-22,-0.11004130859442059
2019-10-23,-0.1113304999154114
2019-10-24,-0.11438302617063503
2019-10-25,-0.1162382495897846
2019-10-29,-0.1160401997282233
2019-10-30,-0.11802821651914577
2019-10-31,-0.11394046203625162
2019-11-01,-0.1139414085312737
2019-11-04,-0.11257002806529862
2019-11-05,-0.10965712972439692
2019-11-06,-0.10920920111318405
2019-11-07,-0.10868235192551402
2019-11-08,-0.1006616443812407
2019-11-11,-0.10102632587425618
2019-11-13,-0.09422338939503044
2019-11-14,-0.0918386011015441
2019-11-15,-0.08693895638794706
2019-11-18,-0.09852202392556243
2019-11-19,-0.10570725056204908
2019-11-20,-0.10360477638383081
2019-11-21,-0.10266558268291408
2019-11-22,-0.1022901854375857
2019-11-25,-0.10096198525045998
2019-11-26,-0.10266423871923959
2019-11-27,-0.1000679349719653
2019-11-28,-0.1026730945285879
2019-11-29,-0.101184670955555
2019-12-02,-0.09858095766829034
2019-12-03,-0.09524643928011062
2019-12-04,-0.09163850671930189
2019-12-05,-0.08608179994762485
2019-12-06,-0.08688346894288486
2019-12-09,-0.09582820585096853
2019-12-10,-0.08081100905824463
2019-12-11,-0.07821596109927359
2019-12-12,-0.08170770461193988
2019-12-13,-0.08820674292779256
2019-12-16,-0.088597670837059
2019-12-17,-0.08613636240026602
2019-12-18,-0.08328923162497746
2019-12-19,-0.08132665850555966
2019-12-20,-0.08047424401637909
2019-12-23,-0.08109932300512855
2019-12-24,-0.08472347769171851
2019-12-26,-0.08147216840835905
2019-12-27,-0.08381358513193224
2019-12-30,-0.08369304078213913
2019-12-31,-0.08243736168838268
2020-01-01,-0.08210243007093646
2020-01-02,-0.08794085931884649
2020-01-03,-0.10055466505173567
2020-01-07,-0.1001225716424597
2020-01-08,-0.10211150928117559
2020-01-09,-0.09312925611331033
2020-01-10,-0.09435940382901192
2020-01-13,-0.09758119866049875
2020-01-14,-0.09264948587296205
2020-01-15,-0.09561666640582261
2020-01-16,-0.0995810716245619
2020-01-17,-0.08455572382102435
2020-01-20,-0.06998293577817814
2020-01-21,-0.07750773009460493
2020-01-22,-0.08404228000680605
2020-01-23,-0.08569755325239586
2020-01-24,-0.08671451650591072
2020-01-27,-0.08752028829148473
2020-01-28,-0.08569545233102199
2020-01-29,-0.08883805194339428
2020-01-30,-0.08876021706005631
2020-01-31,-0.08723827949978183
2020-02-01,-0.07679581221108335
2020-02-03,-0.09047550125332782
2020-02-04,-0.09430509459794945
2020-02-05,-0.09551905727475939
2020-02-06,-0.09858702731231472
2020-02-07,-0.09889694167628364
2020-02-10,-0.10046700222666125
2020-02-11,-0.09843147240955391
2020-02-12,-0.10132280116073793
2020-02-13,-0.09976040233902567
2020-02-14,-0.09533800569962632
2020-02-17,-0.09159834383645625
2020-02-18,-0.09654055198639676
2020-02-19,-0.0951163475311749
2020-02-20,-0.09603466987657751
2020-02-24,-0.09766081540081667
2020-02-25,-0.10278270764835942
2020-02-26,-0.09977223441484322
2020-02-27,-0.10288789588180207
2020-02-28,-0.11067114829773768
2020-03-02,-0.11440239071144713
2020-03-03,-0.11247630900076908
2020-03-04,-0.10662017326201395
2020-03-05,-0.10887702598593693
2020-03-06,-0.11136629701195568
2020-03-09,-0.11254520750443385
2020-03-11,-0.1116808013944408
2020-03-12,-0.08489009674032828
2020-03-13,-0.09330188887838643
2020-03-16,-0.06251044247262375
2020-03-17,-0.07100129704010195
2020-03-18,-0.050513992367024266
2020-03-19,-0.025045822558588875
2020-03-20,-0.049819334480779694
2020-03-23,-0.048123109803427745
2020-03-24,-0.035945501979714106
2020-03-25,-0.046372902283548206
2020-03-26,-0.07471508940360751
2020-03-27,-0.05921330920112448
2020-03-30,-0.05654098859342225
2020-03-31,-0.06857690444075853
2020-04-01,-0.06994149385069344
2020-04-03,-0.06835586588087257
2020-04-07,-0.07003319522824435
2020-04-08,-0.07809113715197155
2020-04-09,-0.08900698309176869
2020-04-13,-0.08102722903438876
2020-04-16,-0.07921859344553897
2020-04-17,-0.07970896864520706
2020-04-20,-0.07873987299726708
2020-04-21,-0.08322264107002439
2020-04-22,-0.0852210916134818
2020-04-23,-0.08158701629811599
2020-04-24,-0.07981824884092176
2020-04-27,-0.08139807979908317
2020-04-28,-0.08092020441628964
2020-04-29,-0.08184231438509568
2020-04-30,-0.08252285048380763
2020-05-04,-0.08399194852671077
2020-05-05,-0.08568605216336964
2020-05-06,-0.08481853322274528
2020-05-07,-0.08570002499098935
2020-05-08,-0.08561210021987956
2020-05-11,-0.08579120496156081
2020-05-12,-0.08757004645799885
2020-05-13,-0.08685133171433163
2020-05-14,-0.09179224635346843
2020-05-15,-0.09596355083065754
2020-05-18,-0.087867602646103
2020-05-19,-0.09115431672960814
2020-05-20,-0.09140324934552126
2020-05-21,-0.09070719676578282
2020-05-22,-0.0901954055425045
2020-05-26,-0.09261527422725552
2020-05-27,-0.09495656950206718
2020-05-28,-0.09952758657154792
2020-05-29,-0.1014216549911969
2020-06-01,-0.11210553550938386
2020-06-02,-0.10143822672194834
2020-06-03,-0.1000931336935544
2020-06-04,-0.08710479473868403
2020-06-05,-0.07980788439782865
2020-06-08,-0.08036438839699325
2020-06-09,-0.08327830385241423
2020-06-10,-0.08256665141724923
2020-06-11,-0.07976959472276313
2020-06-12,-0.08878041245375347
2020-06-15,-0.08937242204070636
2020-06-16,-0.08980065560297272
2020-06-17,-0.08767232442824799
2020-06-18,-0.09410018214639689
2020-06-19,-0.09096150185889786
2020-06-22,-0.08404543909978712
2020-06-23,-0.06390842055377567
2020-06-24,-0.08371315824977874
2020-06-25,-0.08226381459862034
2020-06-26,-0.07932947014313071
2020-06-29,-0.08109447414868548
2020-06-30,-0.08601966715562462
2020-07-01,-0.08651199988867825
2020-07-02,-0.08860690241065178
2020-07-03,-0.09064388328532777
2020-07-06,-0.08916686127270561
2020-07-07,-0.09570928819631302
2020-07-08,-0.10002171338101441
2020-07-09,-0.1157715544863236
2020-07-10,-0.11396855214017237
2020-07-13,-0.11319456031717656
2020-07-14,-0.11518443603636079
2020-07-15,-0.1170217567770964
2020-07-16,-0.11976423945438695
2020-07-17,-0.12690380969065768
2020-07-20,-0.11686546583127863
2020-07-21,-0.11841995469420269
2020-07-22,-0.11295072900374731
2020-07-23,-0.10991190293755516
2020-07-27,-0.11515764937184993
2020-07-28,-0.10854532102242759
2020-07-29,-0.10979604139299254
2020-07-30,-0.1180673035182192
2020-07-31,-0.11796708544629893
2020-08-03,-0.1147138142904743
2020-08-04,-0.11521272605246384
2020-08-05,-0.11404672868670858
2020-08-06,-0.11669010362085104
2020-08-07,-0.11681386942520633
2020-08-10,-0.12032534027604232
2020-08-11,-0.12017509145250839
2020-08-12,-0.11379997130484301
2020-08-13,-0.11494302203457152
2020-08-14,-0.11891809839556501
2020-08-17,-0.12172319903578102
2020-08-18,-0.11610195680772187
2020-08-19,-0.11034278593368899
2020-08-20,-0.10869853956770147
2020-08-21,-0.09426215946601627
2020-08-24,-0.10017118654612621
2020-08-25,-0.1007256144071018
2020-08-26,-0.09839850593594753
2020-08-27,-0.0981636064303399
2020-08-28,-0.10313657625672898
2020-08-31,-0.10097046968056057
2020-09-01,-0.10049170063245175
2020-09-02,-0.09958647219352863
2020-09-03,-0.10172090508405783
2020-09-04,-0.10119325318868784
2020-09-07,-0.10145961676942426
2020-09-08,-0.09948399822159328
2020-09-09,-0.09975820615185838
2020-09-10,-0.1013532405137985
2020-09-11,-0.10041264187154202
2020-09-14,-0.09984627163466998
2020-09-15,-0.10317351895364255
2020-09-16,-0.09959237405826542
2020-09-17,-0.09391882943628278
2020-09-18,-0.097273191247053
2020-09-21,-0.09598543789368033
2020-09-22,-0.09504181618317117
2020-09-23,-0.08707017416710265
2020-09-24,-0.07799835678411819
2020-09-25,-0.07859100413965726
2020-09-28,-0.0950785570458705
2020-09-29,-0.09125777820003785
2020-09-30,-0.09189565584747932
2020-10-01,-0.10241882998726819
2020-10-05,-0.09313843457500473
2020-10-06,-0.08852524528080141
2020-10-07,-0.08407389686377266
2020-10-08,-0.08184858599824522
2020-10-09,-0.08142463125977298
2020-10-12,-0.08340641093742139
2020-10-13,-0.08471396373083018
2020-10-14,-0.07965012238014509
2020-10-15,-0.07575885076210012
2020-10-16,-0.08360872633816535
2020-10-19,-0.08463497841212575
2020-10-20,-0.083312719721643
2020-10-21,-0.08977354949454854
2020-10-22,-0.09028180403836314
2020-10-23,-0.08635717075109503
2020-10-26,-0.08318390277528377
2020-10-27,-0.07905428238600126
2020-10-28,-0.08335998906761574
2020-10-29,-0.08685227413878338
2020-10-30,-0.08290195743401418
2020-11-02,-0.07967284293793148
2020-11-03,-0.0679457808943392
2020-11-04,-0.07418162119856304
2020-11-05,-0.07060122088850351
2020-11-06,-0.07067494369466921
2020-11-09,-0.06273894099079858
2020-11-10,-0.05612968786804941
2020-11-11,-0.046160647616506394
2020-11-12,-0.047442920160652595
2020-11-13,-0.05117023939604488
2020-11-17,-0.054156258177830166
2020-11-18,-0.06140829262494765
2020-11-19,-0.054617158392231656
2020-11-20,-0.05421493830878894
2020-11-23,-0.04093756884277129
2020-11-24,-0.03495764519248787
2020-11-25,-0.03581667575748592
2020-11-26,-0.029694522896587902
2020-11-27,-0.04387156657004764
2020-12-01,-0.04183152031769026
2020-12-02,-0.037454567449518354
2020-12-03,-0.03868257485105762
2020-12-04,-0.037407187779697
2020-12-07,-0.03782121126659347
2020-12-08,-0.040715145309536474
2020-12-09,-0.04143899826829913
2020-12-10,-0.04322334180162808
2020-12-11,-0.04553639830264884
2020-12-14,-0.044901522217935405
2020-12-15,-0.04335010096065576
2020-12-16,-0.04735798266461782
2020-12-17,-0.05288032171646524
2020-12-18,-0.048358406109767035
2020-12-21,-0.050424293357711515
2020-12-22,-0.05400889062708825
2020-12-23,-0.05272422131767099
2020-12-24,-0.0534911275363879
2020-12-28,-0.054298704694780306
2020-12-29,-0.05479863054485601
2020-12-30,-0.054716372226707916
2020-12-31,-0.05415894233323356
2021-01-01,-0.055556976150826984
2021-01-04,-0.05184200148963256
2021-01-05,-0.05160604202102627
2021-01-06,-0.054826054739344744
2021-01-07,-0.05542907253005509
2021-01-08,-0.04794676013411525
2021-01-11,-0.04570250464003089
2021-01-12,-0.04441793155714578
2021-01-13,-0.04213487940894724
2021-01-14,-0.04251597420682098
2021-01-15,-0.04485260230856981
2021-01-18,-0.05547372171525488
2021-01-19,-0.056348418476884585
2021-01-20,-0.05660617121995166
2021-01-21,-0.0576531270816203
2021-01-22,-0.058871415603665975
2021-01-25,-0.06466565700258846
2021-01-27,-0.06198113391700265
2021-01-28,-0.05687266606777043
2021-01-29,-0.05157361737245894
2021-02-01,-0.058827311776849564
2021-02-02,-0.05999757417506187
2021-02-03,-0.059284939046394265
2021-02-04,-0.056486722466915856
2021-02-05,-0.05614120449769994
2021-02-08,-0.05174756430494267
2021-02-10,-0.060446775235831016
2021-02-11,-0.045900941656255724
2021-02-12,-0.04558815960486977
2021-02-15,-0.044983565722333106
2021-02-16,-0.029138755433393834
2021-02-17,-0.02208815990243694
2021-02-18,-0.013528418079184082
2021-02-19,-0.018151261167753015
2021-02-22,-0.03152559869282056
2021-02-23,-0.029901164382524686
2021-02-24,-0.03301767102632276
2021-02-25,-0.032720895421705705
2021-02-26,-0.04408013136975012
2021-03-01,-0.04346040670015023
2021-03-02,-0.04441641215097447
2021-03-03,-0.044800512883470894
2021-03-04,-0.04520931132809485
2021-03-05,-0.04737688987056118
2021-03-08,-0.046970406288690675
2021-03-09,-0.049547741271603975
2021-03-10,-0.04809764327293647
2021-03-12,-0.04293055757908855
2021-03-15,-0.043665541556023015
2021-03-16,-0.04379824107200271
2021-03-17,-0.04150818922514028
2021-03-18,-0.041930160004973724
2021-03-19,-0.042082166863900664
2021-03-22,-0.06334955507380928
2021-03-23,-0.05791694237057791
2021-03-24,-0.08175549866018844
2021-03-25,-0.07475451226419533
2021-03-26,-0.09077824142987255
2021-03-30,-0.11863668442549813
2021-03-31,-0.09806930651150057
2021-04-01,-0.10246500656789603
2021-04-05,-0.11476834227493887
2021-04-06,-0.10996215069299746
2021-04-07,-0.08473747513685116
2021-04-08,-0.08313226880588956
2021-04-09,-0.09104972255644127
2021-04-12,-0.07594559509865637
2021-04-13,-0.09162282755284343
2021-04-15,-0.08973039172398392
2021-04-16,-0.09008879552464932
2021-04-19,-0.08327049737882772
2021-04-20,-0.07653388165693085
2021-04-22,-0.07869629302675031
2021-04-23,-0.0850005255151299
2021-04-26,-0.08363200624853051
2021-04-27,-0.08373736034333691
2021-04-28,-0.08438553576108875
2021-04-29,-0.08538733249614756
2021-04-30,-0.08855683352624714
2021-05-03,-0.08821309126241658
2021-05-04,-0.0888908910855053
2021-05-05,-0.0913957565367442
2021-05-06,-0.09145053514734051
2021-05-07,-0.08566371583367213
2021-05-10,-0.08949888666570756
2021-05-11,-0.08522652592522982
2021-05-12,-0.08357095821211308
2021-05-14,-0.08192188038065842
2021-05-17,-0.08438956236260536
2021-05-18,-0.08000952407559253
2021-05-19,-0.07600117837595328
2021-05-21,-0.08114395151772502
2021-05-24,-0.07990726647984002
2021-05-25,-0.07931404673667863
2021-05-26,-0.09095236535154251
2021-05-27,-0.08534746133830962
2021-05-28,-0.08617493175837114
2021-05-31,-0.08619399003681404
2021-06-01,-0.08892165327726811
2021-06-02,-0.0885405510713861
2021-06-03,-0.0888567956433199
2021-06-04,-0.08848510400353675
2021-06-07,-0.08994134734237531
2021-06-08,-0.09179681073124667
2021-06-09,-0.0837803527022237
2021-06-10,-0.08553250506382856
2021-06-11,-0.08293610088597167
2021-06-14,-0.08349864222623764
2021-06-15,-0.08566156738277408
2021-06-16,-0.08743125972124749
2021-06-17,-0.08831373954639603
2021-06-18,-0.09013473183876498
2021-06-21,-0.08571246613476499
2021-06-22,-0.08613401766457321
2021-06-23,-0.0872145246004204
2021-06-24,-0.08925475620563339
2021-06-25,-0.08051103438814344
2021-06-28,-0.08005555525862117
2021-06-29,-0.08612235631508487
2021-06-30,-0.09602422269255152
2021-07-01,-0.08193403391323535
2021-07-02,-0.07989253361185887
2021-07-05,-0.08207461479051219
2021-07-06,-0.08016516140156342
2021-07-07,-0.0794821622330582
2021-07-08,-0.0789461235824367
2021-07-09,-0.07838349091109709
2021-07-12,-0.07780267284815838
2021-07-13,-0.07780333152435948
2021-07-14,-0.07565962091492774
2021-07-15,-0.076959195632106
2021-07-16,-0.0766716053261866
2021-07-19,-0.07645362256398404
2021-07-20,-0.07788438868357248
2021-07-22,-0.08438756163538734
2021-07-23,-0.0847631272443119
2021-07-26,-0.08860979456906823
2021-07-27,-0.08691705814448213
2021-07-28,-0.08424537131499761
2021-07-29,-0.06479709951526419
2021-07-30,-0.07432546662173385
2021-08-02,-0.07574631907392496
2021-08-03,-0.07705745222915864
2021-08-04,-0.07823226540971852
2021-08-05,-0.07732313269591949
2021-08-06,-0.07433329161637596
2021-08-09,-0.07450894152668933
2021-08-10,-0.074952722341972
2021-08-11,-0.07701138393013066
2021-08-12,-0.07310076317059071
2021-08-13,-0.07712554879925122
2021-08-16,-0.08172867841070808
2021-08-17,-0.08077855065091782
2021-08-18,-0.08219663070190306
2021-08-20,-0.08283795362099738
2021-08-23,-0.08181889918545436
2021-08-24,-0.08223516486346273
2021-08-25,-0.08042284032776299
2021-08-26,-0.0783481080640431
2021-08-27,-0.07915604448378331
2021-08-30,-0.08022245334664002
2021-08-31,-0.08716285588549555
2021-09-01,-0.07956973638522798
2021-09-02,-0.07916318059249093
2021-09-03,-0.07981816698831236
2021-09-06,-0.07848519188531489
2021-09-07,-0.07414718095601616
2021-09-08,-0.07364914320400719
2021-09-09,-0.07382058603319933
2021-09-13,-0.07335508083649683
2021-09-14,-0.07326448588428804
2021-09-15,-0.07911162503641032
2021-09-16,-0.07879287616416844
2021-09-17,-0.08019444139470663
2021-09-20,-0.08202094896694284
2021-09-21,-0.07944750219093623
2021-09-22,-0.08187261834349087
2021-09-23,-0.08741538979458251
2021-09-24,-0.0836807027460097
2021-09-27,-0.08610961392004117
2021-09-28,-0.0953996595290608
2021-09-29,-0.07647846943988472
2021-09-30,-0.09016946087032571
2021-10-01,-0.09051976903204245
2021-10-04,-0.10114540013652072
2021-10-05,-0.1174994786905683
2021-10-06,-0.12086409008705078
2021-10-07,-0.09955155861913835
2021-10-08,-0.10935338337479804
2021-10-11,-0.10714019083984078
2021-10-12,-0.10472315063915044
2021-10-13,-0.10041477600677563
2021-10-14,-0.09016863687015406
2021-10-18,-0.10453517227405594
2021-10-19,-0.1198492197077496
2021-10-20,-0.12405660219723295
2021-10-21,-0.12209165690594416
2021-10-22,-0.12078716623931421
2021-10-25,-0.1314117337488367
2021-10-26,-0.13971229183470935
2021-10-27,-0.12777600601328662
2021-10-28,-0.12370102418793719
2021-10-29,-0.12830065323755235
2021-11-01,-0.11617455015950365
2021-11-02,-0.11330918215694348
2021-11-03,-0.10686339181009326
2021-11-08,-0.11462799695709426
2021-11-09,-0.11467354347249815
2021-11-10,-0.10967425130273414
2021-11-11,-0.10462073615485881
2021-11-12,-0.10289870011544212
2021-11-15,-0.11327858227717955
2021-11-16,-0.11832922332047542
2021-11-17,-0.11481121025859357
2021-11-18,-0.1164177370584321
2021-11-22,-0.11570103192072752
2021-11-23,-0.11620659476320848
2021-11-24,-0.11956480332643571
2021-11-25,-0.1244548044836309
2021-11-26,-0.1272922944223155
2021-11-29,-0.12991502460627424
2021-11-30,-0.12199448651423213
2021-12-01,-0.11774801347224494
2021-12-02,-0.11180323610948106
2021-12-03,-0.13047227101574477
2021-12-07,-0.13677709377130706
2021-12-08,-0.13819545071378447
2021-12-09,-0.13821674758091532
2021-12-10,-0.1444878016607187
2021-12-13,-0.1314684685613592
2021-12-14,-0.1297868268127269
2021-12-15,-0.1356026671270029
2021-12-16,-0.1341302758445449
2021-12-17,-0.1345108084598836
2021-12-20,-0.13396949939620595
2021-12-21,-0.13419405552488045
2021-12-22,-0.13411278568483417
2021-12-23,-0.13808471944617617
2021-12-24,-0.13898661388902178
2021-12-27,-0.14021946560605766
2021-12-28,-0.13852716974854284
2021-12-29,-0.1399138642836947
2021-12-30,-0.13642188985206816
2021-12-31,-0.13635844585004336
2022-01-03,-0.13543367068567147
2022-01-04,-0.13015697566354792
2022-01-05,-0.13160016930194032
2022-01-06,-0.1319650653865444
2022-01-07,-0.1310772956724002
2022-01-10,-0.13114725100369926
2022-01-11,-0.13082187792685104
2022-01-12,-0.13201017306204346
2022-01-13,-0.1328434597117457
2022-01-14,-0.13410531445196025
2022-01-17,-0.13493963827000605
2022-01-18,-0.12754822935293045
2022-01-19,-0.12817613420573526
2022-01-20,-0.13815648497162375
2022-01-21,-0.1375028184541405
2022-01-24,-0.1393695559170017
2022-01-25,-0.13775176005335543
2022-01-27,-0.1417451958618296
2022-01-28,-0.14191985074386707
2022-01-31,-0.13240604835915817
2022-02-01,-0.1317649740998832
2022-02-02,-0.13180055515898953
2022-02-03,-0.132582031923704
2022-02-04,-0.13265762563523084
2022-02-07,-0.13936025146695621
2022-02-08,-0.13865297316636543
2022-02-09,-0.14492490490768387
2022-02-10,-0.15579654207473598
2022-02-11,-0.14283313742356477
2022-02-14,-0.12885610098432948
2022-02-15,-0.12881017139945852
2022-02-16,-0.11553063965756291
2022-02-17,-0.11598215335224188
2022-02-18,-0.11789836058849146
2022-02-21,-0.11852932803599357
2022-02-22,-0.12355614362887245
2022-02-23,-0.11979968558343407
2022-02-24,-0.10730951041917819
2022-02-25,-0.14069680475986088
2022-02-28,-0.16348693795110633
2022-03-02,-0.17853503702566284
2022-03-03,-0.17016544122939856
2022-03-04,-0.1568056749340775
2022-03-07,-0.15888157338986778
2022-03-08,-0.1582817574363886
2022-03-09,-0.16383687398859212
2022-03-10,-0.1473298206708904
2022-03-11,-0.1459571314291028
2022-03-14,-0.14339820364155115
2022-03-15,-0.14526538723507434
2022-03-17,-0.14465085275413506
2022-03-21,-0.1430352991193863
2022-03-22,-0.14573554301408087
2022-03-23,-0.1471401004568742
2022-03-24,-0.14759158584649507
2022-03-25,-0.14512998130182128
2022-03-28,-0.14536328724369832
2022-03-29,-0.14570597955649583
2022-03-30,-0.14345828191359036
2022-03-31,-0.14343782491412946
2022-04-01,-0.13516081621959294
2022-04-04,-0.12747473341507978
2022-04-05,-0.11716368500516873
2022-04-06,-0.10552862950212771
2022-04-07,-0.11797866236587098
2022-04-08,-0.12006985356429217
2022-04-11,-0.11586102231059951
2022-04-12,-0.1158665850801804
2022-04-13,-0.11866559422364906
2022-04-18,-0.11954584512299157
2022-04-19,-0.1298771964365195
2022-04-20,-0.12967794023827328
2022-04-21,-0.13375847827819964
2022-04-22,-0.13485799633420695
2022-04-25,-0.15004905170398924
2022-04-26,-0.1374748380637853
2022-04-27,-0.14200000322748516
2022-04-28,-0.13768242298364838
2022-04-29,-0.15575696006767653
2022-05-02,-0.1535441678045831
2022-05-04,-0.15210876284101538
2022-05-05,-0.1433422373480831
2022-05-06,-0.13858305185227715
2022-05-09,-0.1320992059599318
2022-05-10,-0.13559569733908314
2022-05-11,-0.13819580685727217
2022-05-12,-0.14015322723337703
2022-05-13,-0.14025001603503226
2022-05-16,-0.13933443094016199
2022-05-17,-0.13932683702341003
2022-05-18,-0.1412475236159918
2022-05-19,-0.14272735379139856
2022-05-20,-0.13926834476126632
2022-05-23,-0.134737790178633
2022-05-24,-0.1392510132976716
2022-05-25,-0.13820938725187148
2022-05-26,-0.14151683917222058
2022-05-27,-0.14359593917732716
2022-05-30,-0.1474373818962214
2022-05-31,-0.14337515853993604
2022-06-01,-0.14391544166675363
2022-06-02,-0.14372383200182015
2022-06-03,-0.13522779543264768
2022-06-06,-0.1333894713362596
2022-06-07,-0.13250498192282226
2022-06-08,-0.1306271804201252
2022-06-09,-0.13181159723474248
2022-06-10,-0.12890749909818586
2022-06-13,-0.12730239680057875
2022-06-14,-0.1269798569128189
2022-06-15,-0.12434670173640566
2022-06-16,-0.11089100415546677
2022-06-17,-0.10086758392602774
2022-06-20,-0.09221890684907481
2022-06-21,-0.10254427752285918
2022-06-22,-0.10606597580903297
2022-06-23,-0.09429359363919505
2022-06-27,-0.09566416065511381
2022-06-28,-0.09115036394185616
2022-06-29,-0.08711373682883487
2022-06-30,-0.08802613477076573
2022-07-01,-0.07764405503966315
2022-07-04,-0.08818416902775186
2022-07-05,-0.09236069702787827
2022-07-06,-0.09010804562724296
2022-07-07,-0.09083794062365463
2022-07-08,-0.0947771374186888
2022-07-11,-0.0946216491318416
2022-07-12,-0.09442491506410536
2022-07-13,-0.09705426503549676
2022-07-14,-0.09522009070448653
2022-07-15,-0.09248847945989999
2022-07-18,-0.09200260436532393
2022-07-19,-0.0914638120833914
2022-07-20,-0.09029799004370295
2022-07-21,-0.09543958013101375
2022-07-22,-0.09383276270423792
2022-07-25,-0.0902196079799229
2022-07-26,-0.09160517948589861
2022-07-27,-0.09178084267852692
2022-07-28,-0.09421061506951059
2022-07-29,-0.09402889884641143
2022-08-01,-0.093843940595861
2022-08-02,-0.09206239004917685
2022-08-03,-0.09058589386627193
2022-08-04,-0.09363522055885672
2022-08-05,-0.09436616647268639
2022-08-08,-0.10136968243154008
2022-08-10,-0.09259700891082523
2022-08-11,-0.0935740484561723
2022-08-12,-0.08619199655447576
2022-08-16,-0.08460395616887065
2022-08-17,-0.08614791588674642
2022-08-18,-0.08199840856266358
2022-08-19,-0.08710200642954874
2022-08-22,-0.08780441350555437
2022-08-23,-0.08477684303725637
2022-08-24,-0.08939703251523073
2022-08-25,-0.08635390247716654
2022-08-26,-0.07882165578020216
2022-08-29,-0.08332800758867742
2022-08-30,-0.08047852883347295
2022-09-01,-0.08154656359323208
2022-09-02,-0.08209085533394794
2022-09-05,-0.08147083113456256
2022-09-06,-0.08256242619255234
2022-09-07,-0.08449619906098849
2022-09-08,-0.08332230947934
2022-09-09,-0.08176247454235178
2022-09-12,-0.082599493628077
2022-09-13,-0.08356331321495927
2022-09-14,-0.081841984502362
2022-09-15,-0.07693697115519532
2022-09-16,-0.0797523216090063
2022-09-19,-0.08570924020355439
2022-09-20,-0.08655900510483733
2022-09-21,-0.09029432776353194
2022-09-22,-0.08599344508764686
2022-09-23,-0.05503402321486686
2022-09-26,-0.043755539500688036
2022-09-27,-0.059130727053237825
2022-09-28,-0.06245465347370922
2022-09-29,-0.05889510163594532
2022-09-30,-0.06802115379548848
2022-10-03,-0.06485551990406435
2022-10-04,-0.06228880475767006
2022-10-06,-0.05784637835744317
2022-10-07,-0.06195047119231611
2022-10-10,-0.05851025842242804
2022-10-11,-0.0746387723078777
2022-10-12,-0.07069783183012841
2022-10-13,-0.07310407238220269
2022-10-14,-0.07294585017916684
2022-10-17,-0.06900646601874462
2022-10-18,-0.0670655640860486
2022-10-19,-0.06847113696963154
2022-10-20,-0.06920092870685436
2022-10-21,-0.07518044018384643
2022-10-25,-0.0753178041542798
2022-10-27,-0.08527975472694456
2022-10-28,-0.0939601653813952
2022-10-31,-0.08840632438979525
2022-11-01,-0.06473231755142304
2022-11-02,-0.06407796628680996
2022-11-03,-0.0740499102721279
2022-11-04,-0.07394807008284675
2022-11-07,-0.0726068594792739
2022-11-09,-0.07839197167274194
2022-11-10,-0.07630814408246878
2022-11-11,-0.0768478544362313
2022-11-14,-0.07436222046694899
2022-11-15,-0.07740510179235324
2022-11-16,-0.07916345176627695
2022-11-17,-0.08188809178171606
2022-11-18,-0.0761530791176028
2022-11-21,-0.07684246559148063
2022-11-22,-0.07830865640900893
2022-11-23,-0.07968940029995486
2022-11-24,-0.08464432387715287
2022-11-25,-0.07662491162320163
2022-11-28,-0.07663749299695004
2022-11-29,-0.0762356777702004
2022-11-30,-0.07733375130152825
2022-12-01,-0.07923498395910016
2022-12-02,-0.08692404888377245
2022-12-05,-0.08950669023920094
2022-12-06,-0.09362247939296366
2022-12-07,-0.08978020776464408
2022-12-08,-0.0849745294913266
2022-12-09,-0.09224834323697835
2022-12-12,-0.09258177793104382
2022-12-13,-0.10894283091356381
2022-12-14,-0.08976085192981414
2022-12-15,-0.08835263590404877
2022-12-16,-0.08548953544513108
2022-12-19,-0.09061903509235332
2022-12-20,-0.08943727018399335
2022-12-21,-0.08987797133036635
2022-12-22,-0.09550753848635644
2022-12-23,-0.08630951059994814
2022-12-26,-0.08778799009875562
2022-12-27,-0.08853318302897219
2022-12-28,-0.09276344677117405
2022-12-29,-0.08901061660143911
2022-12-30,-0.0864003795971477
2023-01-02,-0.08545031841729088
2023-01-03,-0.08314753335272666
2023-01-04,-0.08164791757470821
2023-01-05,-0.07812100433297868
2023-01-06,-0.07649026262686764
2023-01-09,-0.07746919326714846
2023-01-11,-0.08107022513298652
2023-01-12,-0.08223460186449978
2023-01-13,-0.08361249550070446
2023-01-16,-0.08166869301890863
2023-01-17,-0.07999474811101688
2023-01-18,-0.07884948875181427
2023-01-19,-0.07697120405163753
2023-01-20,-0.07388241214283203
2023-01-23,-0.07156647629601162
2023-01-24,-0.07772640729121817
2023-01-25,-0.07912143455992013
2023-01-27,-0.0782056970114323
2023-01-30,-0.08024634600640723
2023-01-31,-0.08603312225771043
2023-02-01,-0.0866440884050856
2023-02-02,-0.08667713490407669
2023-02-03,-0.08662580426420625
2023-02-06,-0.09414462873705814
2023-02-07,-0.088468364624735
2023-02-08,-0.0837830086484036
2023-02-09,-0.08617963342448923
2023-02-10,-0.08416931566677875
2023-02-13,-0.0858835738839188
2023-02-14,-0.084154185053396
2023-02-15,-0.08343607122355452
2023-02-16,-0.08338005735003896
2023-02-17,-0.08093986546427955
2023-02-20,-0.0822178601205054
2023-02-21,-0.08198695360944226
2023-02-22,-0.08195149467257833
2023-02-23,-0.08497853994374488
2023-02-24,-0.08365187639813672
2023-02-27,-0.09306943488028152
2023-02-28,-0.09025247484258876
2023-03-01,-0.09664839962675716
2023-03-02,-0.09244571492490113
2023-03-03,-0.09155863483799698
2023-03-06,-0.08600583972588809
2023-03-08,-0.09649493837124563
2023-03-09,-0.08520157841516528
2023-03-10,-0.07433752694867246
2023-03-13,-0.07567220453122411
2023-03-14,-0.08255519189604835
2023-03-15,-0.07467241662549175
2023-03-16,-0.06868947031071265
2023-03-17,-0.07364917658388577
2023-03-20,-0.07209036586973407
2023-03-21,-0.07584106175914827
2023-03-22,-0.07656358073691556
2023-03-23,-0.07693225871431796
2023-03-24,-0.07509362693778661
2023-03-27,-0.07478931222588762
2023-03-28,-0.07344971029841474
2023-03-29,-0.07191019133786955
2023-03-31,-0.07172033184614753
2023-04-03,-0.07226995327734284
2023-04-05,-0.07170790295286535
2023-04-06,-0.07254106044820861
2023-04-10,-0.07117252737762508
2023-04-11,-0.07075603247020182
2023-04-12,-0.07600815006728665
2023-04-13,-0.08464282876867343
2023-04-17,-0.08316555696090662
2023-04-18,-0.10487941232606204
2023-04-19,-0.11833723116020976
2023-04-21,-0.10564117274413509
2023-04-24,-0.10677771385185214
2023-04-25,-0.10336081588409458
2023-04-26,-0.09951481610141535
2023-04-27,-0.09877010240151293
2023-04-28,-0.10138797734651517
2023-05-02,-0.09034689687128736
2023-05-03,-0.08930803979413007
2023-05-04,-0.09257463488773118
2023-05-05,-0.08759193061597698
2023-05-08,-0.0793987801287277
2023-05-09,-0.0824581488678954
2023-05-10,-0.07166101212448314
2023-05-11,-0.07335401552055672
2023-05-12,-0.08003562599708867
2023-05-15,-0.08055755614167578
2023-05-16,-0.08825869083653388
2023-05-17,-0.08402866136625052
2023-05-18,-0.08864196534166768
2023-05-19,-0.09842761259761316
2023-05-22,-0.09421937190465153
2023-05-23,-0.08925404507145646
2023-05-24,-0.08656761667540346
2023-05-25,-0.08701559399334761
2023-05-26,-0.08712145892877886
2023-05-29,-0.08880226086453083
2023-05-30,-0.08084008194680306
2023-05-31,-0.07841359553019789
2023-06-01,-0.08007429563987872
2023-06-02,-0.08354142295249173
2023-06-05,-0.08100797397884973
2023-06-06,-0.08293352998447887
2023-06-07,-0.07999816959314525
2023-06-08,-0.07979016182670615
2023-06-09,-0.07342499421950999
2023-06-12,-0.07608584311939924
2023-06-13,-0.07426288442328992
2023-06-14,-0.07145294763793356
2023-06-15,-0.07171911384836964
2023-06-16,-0.07341470178498874
2023-06-19,-0.07534369968683055
2023-06-20,-0.07054241855122034
2023-06-21,-0.05333042145772695
2023-06-22,-0.06574687695571257
2023-06-23,-0.07226150396763063
2023-06-26,-0.07405829715049067
2023-06-27,-0.07537578772696657
2023-06-28,-0.0812729704006914
2023-06-30,-0.09508820372493658
2023-07-03,-0.10605319451404495
2023-07-04,-0.10247929466649468
2023-07-05,-0.1015947082669202
2023-07-06,-0.10108674778369159
2023-07-07,-0.103688393145799
2023-07-10,-0.11076925003516055
2023-07-11,-0.11283007159483213
2023-07-12,-0.11177080068008616
2023-07-13,-0.12474900445839861
2023-07-14,-0.10896381703458143
2023-07-17,-0.10493092611030785
2023-07-18,-0.10780532044519137
2023-07-19,-0.10898286679690301
2023-07-20,-0.10190512219770399
2023-07-21,-0.10138141291357958
2023-07-24,-0.1053514934758265
2023-07-25,-0.10512337155277597
2023-07-26,-0.105243063286942
2023-07-27,-0.11047180964596774
2023-07-28,-0.10548784996047812
2023-07-31,-0.09446214292367529
2023-08-01,-0.12352008840984202
2023-08-02,-0.11749691793671826
2023-08-03,-0.12043308530353772
2023-08-04,-0.12324289885140832
2023-08-07,-0.12195837920998459
2023-08-08,-0.11844335692891887
2023-08-09,-0.11427806315585161
2023-08-10,-0.11498449457235885
2023-08-11,-0.11585658861759729
2023-08-14,-0.11799963345249527
2023-08-16,-0.12085268882984616
2023-08-17,-0.11822987580290006
2023-08-18,-0.1178928036924141
2023-08-21,-0.12204855993700978
2023-08-22,-0.12291856268238531
2023-08-23,-0.12225854640010557
2023-08-24,-0.12904828390075015
2023-08-25,-0.13040434154737243
2023-08-28,-0.13318401166037855
2023-08-29,-0.13857776452270884
2023-08-30,-0.1341178608551525
2023-08-31,-0.1315197994292782
2023-09-01,-0.13495498075468487
2023-09-04,-0.13430283717027994
2023-09-05,-0.13322921482928032
2023-09-06,-0.13626007368939347
2023-09-07,-0.1298951298111964
2023-09-08,-0.12975917434441278
2023-09-11,-0.12023315587476983
2023-09-12,-0.1325578782130778
2023-09-13,-0.13200901320538333
2023-09-14,-0.1302642758188834
2023-09-15,-0.13148821332673388
2023-09-18,-0.1262342646425759
2023-09-20,-0.1181868918338464
2023-09-21,-0.1230925758888316
2023-09-22,-0.1269557284351848
2023-09-25,-0.1288853422799246
2023-09-26,-0.136643643981583
2023-09-27,-0.13450334557176435
2023-09-28,-0.12937855348010835
2023-09-29,-0.12872977600432184
2023-10-03,-0.12433078074354537
2023-10-04,-0.1299406667913569
2023-10-05,-0.17836257094631458
2023-10-06,-0.19215146881256043
2023-10-09,-0.1737130924818321
2023-10-10,-0.17100734944498908
2023-10-11,-0.17381759874206376
2023-10-12,-0.15932918292744952
2023-10-13,-0.16402665469464334
2023-10-16,-0.16718580787566895
2023-10-17,-0.16691163390535696
2023-10-18,-0.16294488152213701
2023-10-19,-0.16683200060999356
2023-10-20,-0.17345654495691304
2023-10-23,-0.1617709707769555
2023-10-25,-0.1634254661077963
2023-10-26,-0.16425289258725081
2023-10-27,-0.16731944695138784
2023-10-30,-0.16667995210226247
2023-10-31,-0.16631979572540745
2023-11-01,-0.16296306655337417
2023-11-02,-0.1634609717675805
2023-11-03,-0.1624268073134188
2023-11-07,-0.1599305307362682
2023-11-08,-0.1653620311256743
2023-11-09,-0.1605797753091443
2023-11-10,-0.1721385818697736
2023-11-13,-0.16635425196326553
2023-11-15,-0.15942343831767875
2023-11-16,-0.1627304482751613
2023-11-17,-0.16246225119922306
2023-11-20,-0.1574794201130645
2023-11-21,-0.16406092516966714
2023-11-22,-0.1640414089978569
2023-11-23,-0.17196496065396322
2023-11-24,-0.16455335722363298
2023-11-28,-0.1644377466880562
2023-11-29,-0.16180215027335162
2023-11-30,-0.16473671789121885
2023-12-01,-0.16424733902632824
2023-12-04,-0.16340604646876147
2023-12-05,-0.14759525444461127
2023-12-06,-0.1342127592645722
2023-12-07,-0.11202215080698574
2023-12-08,-0.11799894502190851
2023-12-11,-0.1064209294768258
2023-12-12,-0.10289437673559158
2023-12-13,-0.08355281208496616
2023-12-14,-0.10148439278250185
2023-12-15,-0.08737928455735
2023-12-18,-0.10042107134750816
2023-12-19,-0.09890576078856222
2023-12-20,-0.11217233308947527
2023-12-21,-0.1123617971352309
2023-12-22,-0.1169347472894275
2023-12-26,-0.11619946638881044
2023-12-27,-0.11114284476765628
2023-12-28,-0.11177171418391495
2023-12-29,-0.11944976870039085
2024-01-01,-0.10786060539176807
2024-01-02,-0.10928479121373001
2024-01-03,-0.1132304062670867
2024-01-04,-0.11111932945113023
2024-01-05,-0.12102612329504496
2024-01-08,-0.11974103314162061
2024-01-09,-0.12104119661756882
2024-01-10,-0.11995449420400423
2024-01-11,-0.11975426333786161
2024-01-12,-0.12536024502940007
2024-01-15,-0.1241616034545915
2024-01-16,-0.12558411406861122
2024-01-17,-0.13387616736522845
2024-01-18,-0.14155475464501213
2024-01-19,-0.14991136279657605
2024-01-20,-0.1501587772256886
2024-01-23,-0.14384181826793138
2024-01-24,-0.14520354692160511
2024-01-25,-0.14554919221409515
2024-01-29,-0.13572011100294135
2024-01-30,-0.13281821258640952
2024-01-31,-0.12144716763285324
2024-02-01,-0.10628238291936318
2024-02-02,-0.07494398855806021
2024-02-05,-0.05991884865063043
2024-02-06,-0.08050945408652205
2024-02-07,-0.09438478173844433
2024-02-08,-0.08785079827341911
2024-02-09,-0.09825168813801148
2024-02-12,-0.08798611844165052
2024-02-13,-0.09086765745527083
2024-02-15,-0.09111184604965586
2024-02-16,-0.09518618033538476
2024-02-19,-0.09202670970045046
2024-02-20,-0.08571800201498447
2024-02-21,-0.10190604295211966
2024-02-22,-0.1021973243337017
2024-02-23,-0.10223613803629147
2024-02-26,-0.09692492432405171
2024-02-27,-0.09537428719914166
2024-02-28,-0.10904557781510793
2024-02-29,-0.11006391573513832
2024-03-01,-0.11356615973384879
2024-03-02,-0.11014180943642872
2024-03-04,-0.10763907514981541
2024-03-05,-0.11068311818207563
2024-03-06,-0.11588827041325857
2024-03-07,-0.11529154333107602
2024-03-11,-0.11018747132635617
2024-03-12,-0.10916350705443696
2024-03-13,-0.09360959178671367
2024-03-14,-0.09459411170002338
2024-03-15,-0.08954344041218124
2024-03-18,-0.08605167957772902
2024-03-19,-0.07139811572142274
2024-03-20,-0.08237982538215828
2024-03-21,-0.09599640703131204
2024-03-22,-0.09750022227624733
2024-03-26,-0.09148212694977918
2024-03-27,-0.09098141392061479
2024-03-28,-0.1002590408945901
2024-04-01,-0.09702084874388181
2024-04-02,-0.09631143871976733
2024-04-03,-0.09676637692275422
2024-04-04,-0.09508184844095137
2024-04-05,-0.09721335056426295
2024-04-08,-0.09909775809482395
2024-04-09,-0.1028178387804802
2024-04-10,-0.10076152491733766
2024-04-12,-0.0970916053069549
2024-04-15,-0.09355342021417637
2024-04-16,-0.09315102700574726
2024-04-18,-0.09965358986070469
2024-04-19,-0.09996492943127071
2024-04-22,-0.0986605038973028
2024-04-23,-0.09901983073732118
2024-04-24,-0.09685367002398688
2024-04-25,-0.09482015908876464
2024-04-26,-0.09620727178856898
2024-04-29,-0.09098409661372887
2024-04-30,-0.08528482475289648
2024-05-02,-0.07081327696903703
2024-05-03,-0.07649812819181456
2024-05-06,-0.07961755536755545
2024-05-07,-0.09281938426280241
2024-05-08,-0.09162820017354784
2024-05-09,-0.09161593177509707
2024-05-10,-0.09424196611819323
2024-05-13,-0.09355660546912073
2024-05-14,-0.09154749748924362
2024-05-15,-0.09001465962604895
2024-05-16,-0.09445201408044994
2024-05-17,-0.09204594783434282
2024-05-18,-0.09422461876405029
2024-05-21,-0.0895411444505436
2024-05-22,-0.08053254863656957
2024-05-23,-0.08806939728215565
2024-05-27,-0.08848799236493483
2024-05-28,-0.09089844165380065
2024-05-29,-0.09500445616239804
2024-05-30,-0.09764863284014155
2024-05-31,-0.09788337187527324
2024-06-03,-0.11001473653189446
2024-06-04,-0.12586002251075407
2024-06-05,-0.12210981727095561
2024-06-06,-0.12570308616718984
2024-06-07,-0.13429605698807495
2024-06-10,-0.13768372713528326
2024-06-11,-0.1436198717458263
2024-06-12,-0.14439676952362282
2024-06-13,-0.14313988374499298
2024-06-14,-0.1434070790228698
2024-06-18,-0.1454118343907148
2024-06-19,-0.14283292415841453
2024-06-20,-0.14222771840287393
2024-06-21,-0.14218602000594752
2024-06-24,-0.14230931146381906
2024-06-25,-0.14262316113668227
2024-06-26,-0.1425879232660117
2024-06-27,-0.14306787891597186
2024-06-28,-0.14259338292460638
2024-07-01,-0.14176622696406083
2024-07-02,-0.14196622578139872
2024-07-03,-0.14875129529941844
2024-07-04,-0.14312811811588189
2024-07-05,-0.14055444552048002
2024-07-08,-0.14053590344789094
2024-07-09,-0.14027656677256603
2024-07-10,-0.13882716574476056
2024-07-11,-0.14013844671178982
2024-07-12,-0.1392734466850303
2024-07-15,-0.13943034532138482
2024-07-16,-0.13911076731501162
2024-07-18,-0.1414690691277013
2024-07-19,-0.13587595021460902
2024-07-22,-0.14024076519899717
2024-07-23,-0.137605581880793
2024-07-24,-0.1389112070827013
2024-07-25,-0.14501295481720025
2024-07-26,-0.15305746482512517
2024-07-29,-0.1546954163862625
2024-07-30,-0.15691174485860448
2024-07-31,-0.15523042574905435
2024-08-01,-0.15280204454286428
2024-08-02,-0.15788207198725068
2024-08-05,-0.15966323303255756
2024-08-06,-0.15604370642469048
2024-08-07,-0.16125336978305246
2024-08-08,-0.15957749524301149
2024-08-09,-0.15805404492187672
2024-08-12,-0.15877477117798253
2024-08-13,-0.1409749176845279
2024-08-14,-0.14042384483420067
2024-08-16,-0.14549895650356875
2024-08-19,-0.148686946890719
2024-08-20,-0.14792765559330884
2024-08-21,-0.14813759334749566
2024-08-22,-0.1458219733797936
2024-08-23,-0.14678475434601052
2024-08-26,-0.14559348511273165
2024-08-27,-0.14270191240587146
2024-08-28,-0.13762831320377208
2024-08-29,-0.13991372997595547
2024-08-30,-0.14514106547232314
2024-09-02,-0.13504684995148855
2024-09-03,-0.13234803863497827
2024-09-04,-0.12877629030859458
2024-09-05,-0.12553136189192649
2024-09-06,-0.12631889583025158
2024-09-09,-0.11524288641515354
2024-09-10,-0.1218694964311237
2024-09-11,-0.12083844013816349
2024-09-12,-0.12573115723300976
2024-09-13,-0.11955817100948535
2024-09-16,-0.11906097435161038
2024-09-17,-0.11756259877343841
2024-09-18,-0.1154056987979924
2024-09-19,-0.11545244945207363
2024-09-20,-0.11784313987144422
2024-09-23,-0.11972322510598896
2024-09-24,-0.11473095201709892
2024-09-25,-0.10747068931850294
2024-09-26,-0.10683713363835592
2024-09-27,-0.11677611873289014
2024-09-30,-0.11676918291621254
2024-10-01,-0.11949791324081067
2024-10-03,-0.1152608276331494
2024-10-04,-0.10933992335519366
2024-10-07,-0.09811890860997449
2024-10-08,-0.09476898215414108
2024-10-09,-0.09693852409899334
2024-10-10,-0.09991469104572327
2024-10-11,-0.09480232974696161
2024-10-14,-0.09359258056157584
2024-10-15,-0.09084722177812896
2024-10-16,-0.08698637817105505
2024-10-17,-0.09090970462461845
2024-10-18,-0.09082437395736452
2024-10-21,-0.08819016633133965
2024-10-22,-0.07794679717411024
2024-10-23,-0.06640746982888619
2024-10-24,-0.07126635932329513
2024-10-25,-0.06445586265916015
2024-10-28,-0.06960906827405663
2024-10-29,-0.06898470616492065
2024-10-30,-0.06535818042652021
2024-10-31,-0.06465567752812466
2024-11-04,-0.057171405183823604
2024-11-05,-0.05830660199783563
2024-11-06,-0.05932742141514323
2024-11-07,-0.051349748941605725
2024-11-08,-0.05290906983583922
2024-11-11,-0.06927955109672136
2024-11-12,-0.06811362979778711
2024-11-13,-0.06473136576704672
2024-11-14,-0.05891630934122787
2024-11-18,-0.05884371299062112
2024-11-19,-0.0596682211814654
2024-11-21,-0.06989987796786927
2024-11-22,-0.07312347843171649
2024-11-25,-0.07261229876528556
2024-11-26,-0.07185663555795836
2024-11-27,-0.06988336994896319
2024-11-28,-0.0706252582570792
2024-11-29,-0.07013461230043225
2024-12-02,-0.06929535059713353
2024-12-03,-0.07009374050102227
2024-12-04,-0.06839475049261637
2024-12-05,-0.0686498897124601
2024-12-06,-0.06860509761339074
2024-12-09,-0.06872662844095753
2024-12-11,-0.06694290125921956
2024-12-12,-0.06767769382833666
2024-12-13,-0.06897045091171267
2024-12-16,-0.07623956516101882
2024-12-17,-0.07807160429757529
2024-12-18,-0.08527897182341998
2024-12-19,-0.08222956776426658
2024-12-20,-0.08280389025628307
2024-12-23,-0.0817642335711706
2024-12-24,-0.08550379566011512
2024-12-26,-0.07624699838645882
2024-12-27,-0.08099967204237384
2024-12-30,-0.07287879830506026
2024-12-31,-0.07178349137271807
2025-01-01,-0.06587969823571914
2025-01-02,-0.07062487344896534
2025-01-03,-0.07034534536059173
2025-01-06,-0.06431633280883539
2025-01-07,-0.06300788751908044
2025-01-08,-0.06471793015965395
2025-01-09,-0.06314868640155956
2025-01-10,-0.05508895277156986
2025-01-13,-0.035502628498486705
2025-01-14,-0.042794515048723246
2025-01-15,-0.05568115398313578
2025-01-16,-0.05392277972111753
2025-01-17,-0.0591640262197381
2025-01-20,-0.06165410832107785
2025-01-21,-0.055226203518777224
2025-01-22,-0.054052425977562185
2025-01-23,-0.04888137346444563
2025-01-24,-0.05047133852508097
2025-01-27,-0.040195819194256945
2025-01-28,-0.0373202402747406
2025-01-29,-0.03958505262472687
2025-01-30,-0.045681050598684346
2025-01-31,-0.0484951039519612
2025-02-01,-0.046057470472429564
2025-02-03,-0.04223883249358577
2025-02-04,-0.04270207033599592
2025-02-05,-0.0500351946986184
2025-02-06,-0.04730302666348878
2025-02-07,-0.051550395775014586
2025-02-10,-0.05104112549868817
2025-02-11,-0.06128680064048496
2025-02-12,-0.06626582014306653
2025-02-13,-0.052225402507468696
2025-02-14,-0.03600846812841041
2025-02-17,-0.05594201662490244
2025-02-18,-0.055470695590418714
2025-02-19,-0.05005010027132316
2025-02-20,-0.05304611349927149
2025-02-21,-0.05783197731442079
2025-02-24,-0.04810572857698567
2025-02-25,-0.04476045708484133
2025-02-27,-0.05697916289545252
2025-02-28,-0.04070338556256484
2025-03-03,-0.043224155385634795
2025-03-04,-0.04575784888409848
2025-03-05,-0.06352090800041815
2025-03-06,-0.06964848279193539
2025-03-07,-0.054418368965830646
2025-03-10,-0.05859401162388061
2025-03-11,-0.06165084681824007
2025-03-12,-0.06175384324892886
2025-03-13,-0.06786767739014728
2025-03-17,-0.06863941202664162
2025-03-18,-0.06806304045610302
2025-03-19,-0.06474935216113589
2025-03-21,-0.05518233773060016
2025-03-24,-0.047246999469371
2025-03-25,-0.04351136661253986
2025-03-26,-0.03934330774717101
2025-03-27,-0.040133564616385696
2025-03-28,-0.04338351423738943
2025-04-01,-0.048127089009452076
2025-04-02,-0.0449200167189848
2025-04-03,-0.0316904184978865
2025-04-04,-0.038291823495119656
2025-04-07,-0.04008524477416501
2025-04-08,-0.04119908851637502
2025-04-09,-0.037706824926261415
2025-04-11,-0.031039514212024284
2025-04-15,-0.0301618468304316
2025-04-16,-0.029759087897675892
2025-04-17,-0.02566166999496638
2025-04-21,-0.012380387891012503
2025-04-22,-0.023819154465689493
2025-04-23,-0.022023559168989976
2025-04-24,-0.022550158654802276
2025-04-25,-0.028333627730580013
2025-04-28,-0.027304955396106143
2025-04-29,-0.029634139403501618
2025-04-30,-0.027557267295469312
2025-05-02,-0.028236522712230403
2025-05-05,-0.027725871346501365
2025-05-06,-0.028820776946477025
2025-05-07,-0.029844741366424378
2025-05-08,-0.03502258477284365
2025-05-09,-0.03632824253482232
2025-05-12,-0.03848475438659671
2025-05-13,-0.05023303659096945
2025-05-14,-0.06570564307752672
2025-05-15,-0.06235128284701486
2025-05-16,-0.060097506777861624
2025-05-19,-0.044803982324834735
2025-05-20,-0.047779973217510215
2025-05-21,-0.044777736921976716
2025-05-22,-0.046076960099083804
2025-05-23,-0.05079346710431601
2025-05-26,-0.05298299988431687
2025-05-27,-0.05790188338533765
2025-05-28,-0.054364037166961185
2025-05-29,-0.056607085246339034
2025-05-30,-0.05797543041489517
2025-06-02,-0.06929808696272116
2025-06-03,-0.06997460703190744
2025-06-04,-0.061695018436827884
2025-06-05,-0.06341128931005097
2025-06-06,-0.05968744762352127
2025-06-09,-0.061626981474684754
2025-06-10,-0.05635336572042413
2025-06-11,-0.05826680298298877
2025-06-12,-0.0667308771774009
2025-06-13,-0.018483008638342523
2025-06-16,-0.02070759910933254
2025-06-17,-0.019770316817334665
2025-06-18,-0.018380824794174504
2025-06-19,-0.018737201265611854
2025-06-20,-0.02346230491482907
2025-06-23,-0.026779192123602413
2025-06-24,-0.024140235236487725
2025-06-25,-0.026717795669429244
2025-06-26,-0.03259113276659145
2025-06-27,-0.028079486340047855
2025-06-30,-0.026569332468287073
2025-07-01,-0.02702671051133893
2025-07-02,-0.03339609487803031
2025-07-03,-0.028687590131900715
2025-07-04,-0.02882405289693026
2025-07-07,-0.031230811139134673
2025-07-08,-0.030247606168954406
2025-07-09,-0.02828611770769213
2025-07-10,-0.0296596579948294
2025-07-11,-0.03356114097724808
2025-07-14,-0.03304116751790506
2025-07-15,-0.03664964297106767
2025-07-16,-0.03815121470116505
2025-07-17,-0.03960343973267925
2025-07-18,-0.04536574059381938
2025-07-21,-0.0442318418558826
2025-07-22,-0.04366956432907827
2025-07-23,-0.04464733352507124
2025-07-24,-0.04404905825492462
2025-07-25,-0.04580795232572119
2025-07-28,-0.03840668374501102
2025-07-29,-0.03956082275186809
2025-07-30,-0.03656878800761145
2025-07-31,-0.03818646475390308
2025-08-01,-0.03844340145741216
2025-08-04,-0.04077173812237349
2025-08-05,-0.03789804599482628
2025-08-06,-0.04238593817781248
2025-08-07,-0.04398202263220415
2025-08-08,-0.05833880590105954
2025-08-11,-0.05333986469620034
2025-08-12,-0.03367246944383179
2025-08-13,-0.03746449566917709
2025-08-14,-0.040840656312508966
2025-08-18,-0.034566649734327506
2025-08-19,-0.03579431178387067
2025-08-20,-0.03394484288667567
2025-08-21,-0.032278769341372845
2025-08-22,-0.03237146651448308
2025-08-25,-0.03172170288067741
2025-08-26,-0.02873539792713383
2025-08-28,-0.020381746309361282
2025-08-29,-0.02372629264413546
2025-09-01,-0.02923993083443384
2025-09-02,-0.033575695893716236
2025-09-03,-0.03353624666429873
2025-09-04,-0.03407695109149912
2025-09-05,-0.034674689806312824
2025-09-08,-0.035197038014799585
2025-09-09,-0.035317257857454376
2025-09-10,-0.03504106080072296
2025-09-11,-0.035043334538613656
2025-09-12,-0.03406766150258421
2025-09-15,-0.0358151224793546
2025-09-16,-0.035401397593892034
2025-09-17,-0.03630394951274599
2025-09-18,-0.031128556696244307
2025-09-19,-0.033055609574328126
2025-09-22,-0.03302827498098506
2025-09-23,-0.03233784905998894
2025-09-24,-0.02963707871862912
2025-09-25,-0.039603423030010784
2025-09-26,-0.039060934384578666
2025-09-29,-0.038815176043067626
2025-09-30,-0.03968866753774755
2025-10-01,-0.04154625343261524
2025-10-03,-0.05090266937523974
2025-10-07,-0.07032334081312373
2025-10-08,-0.07679529406627271
2025-10-09,-0.05772964106566016
2025-10-10,-0.05322902371159315
2025-10-13,-0.05403984613662858
2025-10-14,-0.04920672632337705
2025-10-15,-0.04539367851838505
2025-10-16,-0.045391991049559544
2025-10-17,-0.04835018689611484
2025-10-20,-0.04704583236103196
2025-10-21,-0.044912248929056764
2025-10-23,-0.045177398812096654
2025-10-24,-0.045168345115964265
2025-10-27,-0.04424822979264195
2025-10-28,-0.04676296477929082
2025-10-29,-0.04005180045440588
2025-10-30,-0.04574491878914208
2025-10-31,-0.04803900595979063
2025-11-03,-0.050709261042691973
2025-11-04,-0.05758405615476313
2025-11-06,-0.04463838655067011
2025-11-07,-0.050399506156832675
2025-11-10,-0.042620715499360314
2025-11-11,-0.04123268260621695
2025-11-12,-0.039844269326169135
2025-11-13,-0.04461399370450662
2025-11-14,-0.04820625411061169
2025-11-17,-0.049459820242317355
2025-11-18,-0.0489805326854588
2025-11-19,-0.05275967071712295
2025-11-20,-0.051414394266880284
2025-11-21,-0.04087600189326254
2025-11-24,-0.03648388940492226
2025-11-25,-0.03548158140230627
2025-11-26,-0.037815897913488605
2025-11-27,-0.037708986240636774
2025-11-28,-0.034815461301149146
2025-12-01,-0.030916284351347675
2025-12-02,-0.03409533544390787
2025-12-03,-0.044275757571963205
2025-12-04,-0.03834756917227413
2025-12-05,-0.040270631835217216
2025-12-08,-0.0326582484989293
2025-12-09,-0.028459669408836447
2025-12-10,-0.02987874820880809
2025-12-11,-0.030037836950312344
2025-12-12,-0.026590532720156167
2025-12-15,-0.025343845637663797
2025-12-16,-0.02249295268558561
2025-12-17,-0.024752290389577138
2025-12-18,-0.019267917144730785
2025-12-19,-0.031180695138230203
2025-12-22,-0.034640510955176354
2025-12-23,-0.03566791266329691
2025-12-24,-0.03158547828199631
2025-12-26,-0.029150628674234284
2025-12-29,-0.028721474262298412
2025-12-30,-0.028626098661565513
2025-12-31,-0.03321059474570873
2026-01-01,-0.03650701973847615
2026-01-02,-0.03322484581124885
2026-01-05,-0.03395198749538138
2026-01-06,-0.036009810205138944
2026-01-07,-0.03886711047304304
2026-01-08,-0.036833069376908126
2026-01-09,-0.03368849361613226
2026-01-12,-0.03349775320184003
2026-01-13,-0.03513261493962328
2026-01-14,-0.03556356318216507
2026-01-16,-0.03439573297105007
2026-01-19,-0.03448449095714287
2026-01-20,-0.03781894491269421
2026-01-21,-0.059275683879236
2026-01-22,-0.05286272499273624
2026-01-23,-0.04148172652796581
2026-01-27,-0.042738611689578355
2026-01-28,-0.04266750217399412
2026-01-29,-0.04143687839034483
2026-01-30,-0.04381712576550961
2026-02-01,-0.04245136056932512
2026-02-02,-0.06074924522247559
2026-02-03,-0.041934168006972264
2026-02-04,-0.03598911502885967
2026-02-05,-0.03745971498776236
2026-02-06,-0.024465962288540435
2026-02-09,-0.026055839516924625
2026-02-10,-0.016252775290334066
2026-02-11,-0.011754762570707764
2026-02-12,-0.01619817778428393
2026-02-13,-0.027631597137662986
2026-02-16,-0.0100952749512629
2026-02-17,-0.013831154115026896
2026-02-18,-0.01888380548959384
2026-02-19,-0.04066604188643987
2026-02-20,-0.04850797659178312
2026-02-23,-0.05231373333514757
2026-02-24,-0.04641672016843543
2026-02-25,-0.04881178547605268
2026-02-26,-0.040751044044365844
2026-02-27,-0.04258524047591842
2026-03-02,-0.05039106931138071
2026-03-04,-0.050023986519884406
2026-03-05,-0.05296722267891973
2026-03-06,-0.05557078882637435
2026-03-09,-0.06699679710428094
2026-03-10,-0.06413946413458999
2026-03-11,-0.07386885721488164
2026-03-12,-0.0704620679470551
2026-03-13,-0.06999769650112926
2026-03-16,-0.055766330436499645
2026-03-17,-0.05543836337776165
2026-03-18,-0.056021814666429734
2026-03-19,-0.05275581292370032
2026-03-20,-0.051611477622959416
2026-03-23,-0.05105405536438127
2026-03-24,-0.05193652617980317
2026-03-25,-0.05326797031548962
2026-03-27,-0.05286674097205187
2026-03-30,-0.05448304344921115
2026-04-01,-0.06088905353283209
2026-04-02,-0.07155253556966944
2026-04-06,-0.06957092241535964
2026-04-07,-0.07415932549527243
2026-04-08,-0.0745781268770053
2026-04-09,-0.07086506031787797
2026-04-10,-0.06847592409841574
2026-04-13,-0.06669414864495947
2026-04-15,-0.07200742806663472
2026-04-16,-0.05921503616013255
2026-04-17,-0.04679533529251243
2026-04-20,-0.041310128426560545
2026-04-21,-0.04660056802300987
2026-04-22,-0.05559217695925904
2026-04-23,-0.058777947156790473
2026-04-24,-0.06425332679166185
2026-04-27,-0.06262541828113985
2026-04-28,-0.08729193591821029
2026-04-29,-0.06989852991417689
2026-04-30,-0.07394211424351796
2026-05-04,-0.07281313217686838
2026-05-05,-0.060909453102064165
2026-05-06,-0.06792783044318987
2026-05-07,-0.06456173679728647
2026-05-08,-0.06578152303182182
2026-05-11,-0.06611284576604101
2026-05-12,-0.06843332376448269
2026-05-13,-0.06476248263983564
2026-05-14,-0.06810474488488465
2026-05-15,-0.06424885197060991
2026-05-18,-0.056636028036901744
2026-05-19,-0.05907148280894674
2026-05-20,-0.05471770575951691
2026-05-21,-0.05348388182679144
2026-05-22,-0.04738653324722125
2026-05-25,-0.048813842573710145
2026-05-26,-0.045588830625976004
2026-05-27,-0.054990773963415555
2026-05-29,-0.04994903571540313
2026-06-01,-0.04704009097951302
2026-06-02,-0.0388131695126311
2026-06-03,-0.04365958740324093
2026-06-04,-0.04450093779864031
2026-06-05,-0.04570098336217649
2026-06-08,-0.0510173522912422
2026-06-09,-0.04920520681560385
2026-06-10,-0.0489080873214328
2026-06-11,-0.05041013716369454
2026-06-12,-0.048245148109463565
2026-06-15,-0.04578332910993365
2026-06-16,-0.04556749846862706
2026-06-17,-0.047098215009413705
2026-06-18,-0.04951014693080077
2026-06-19,-0.04733443469847176
2026-06-22,-0.047981702306774614
2026-06-23,-0.04994118629604347
2026-06-24,-0.048403463432156374
2026-06-25,-0.04783240740450641
2026-06-29,-0.050203344053195396
2026-06-30,-0.050864307601669996
2026-07-01,-0.04674165242719911
2026-07-02,-0.046981712127406615
2026-07-03,-0.04772799617327892
2026-07-06,-0.04475855730578526
2026-07-07,-0.043842227426164025
2026-07-08,-0.04220580602586732
2026-07-09,-0.044311891823744454
2026-07-10,-0.04572558361794942
2026-07-13,-0.044624430427913815
2026-07-14,-0.04427475771644584
2026-07-15,-0.043390959587153666
2026-07-16,-0.044023989975144534
2026-07-17,-0.04725461130817891
2026-07-20,-0.04943465591427842
2026-07-21,-0.05040458337065993
2026-07-22,-0.04996920345322682
2026-07-23,-0.04888918303202179
2026-07-24,-0.04928320480723381
2026-07-27,-0.048942087126121164
2026-07-28,-0.0499326749032697
2026-07-29,-0.048672128127817904
2026-07-30,-0.04929346864938567
2026-07-31,-0.0494488374417747
