symbol,entry_dt,entry,sl,tp,exit_dt,exit_price,outcome,pnl,touch_dt,atr_pct_at_touch,hidden_atr_pct_rollmean40,bucket
TATAMOTORS,2023-01-02 11:05:00,271.3,272.2357142857143,269.19464285714287,2023-01-02 12:10:00,272.2357142857143,L,-0.9357142857143116,2023-01-02 11:00:00,0.1724818959842004,0.2707589561782421,High vol
TATAMOTORS,2023-01-02 13:40:00,271.75,272.43571428571425,270.20714285714286,2023-01-02 14:45:00,272.43571428571425,L,-0.6857142857142549,2023-01-02 13:35:00,0.1261663819161507,0.1666801926183971,Low vol
TATAMOTORS,2023-01-04 13:00:00,266.0,266.8,264.2,2023-01-04 13:50:00,266.8,L,-0.8000000000000114,2023-01-04 12:55:00,0.1503759398496231,0.1844732847341183,Mid vol
TATAMOTORS,2023-01-05 11:30:00,266.3,267.25714285714287,264.1464285714286,2023-01-05 13:05:00,264.1464285714286,W,2.1535714285714107,2023-01-05 11:25:00,0.1797113888739841,0.2348720594592733,High vol
TATAMOTORS,2023-01-05 14:00:00,264.75,265.97142857142853,262.00178571428575,2023-01-05 14:25:00,265.97142857142853,L,-1.2214285714285325,2023-01-05 13:55:00,0.2307194128123454,0.1929903968385833,Mid vol
TATAMOTORS,2023-01-06 11:25:00,265.15,266.0285714285714,263.17321428571427,2023-01-06 12:55:00,263.17321428571427,W,1.976785714285711,2023-01-06 11:20:00,0.1656744160987036,0.2603161894696171,High vol
TATAMOTORS,2023-01-09 12:20:00,269.5,270.3285714285714,267.6357142857143,2023-01-09 13:10:00,267.6357142857143,W,1.8642857142857,2023-01-09 12:15:00,0.1537238271932152,0.257569338178143,High vol
TATAMOTORS,2023-01-11 11:05:00,286.65,287.6428571428571,284.4160714285714,2023-01-11 12:20:00,287.6428571428571,L,-0.9928571428571332,2023-01-11 11:00:00,0.1732130395773086,0.4324253225553588,High vol
TATAMOTORS,2023-01-11 14:05:00,288.05,288.6857142857143,286.6196428571429,2023-01-11 14:20:00,288.6857142857143,L,-0.6357142857143003,2023-01-11 14:00:00,0.1103670634920618,0.1443016583720248,Low vol
TATAMOTORS,2023-01-12 09:30:00,288.15,289.6428571428571,284.7910714285714,2023-01-12 12:15:00,284.7910714285714,W,3.358928571428578,2023-01-12 09:25:00,0.2590416697652524,0.1625661110328571,Low vol
TATAMOTORS,2023-01-13 09:25:00,283.25,284.4642857142857,280.5178571428572,2023-01-13 09:35:00,284.4642857142857,L,-1.2142857142857224,2023-01-13 09:20:00,0.2143866020984665,0.1794510363781677,Low vol
TATAMOTORS,2023-01-13 10:45:00,282.15,283.75714285714287,278.5339285714285,2023-01-13 13:10:00,283.75714285714287,L,-1.6071428571428896,2023-01-13 10:40:00,0.284802916381868,0.2247403551882265,High vol
TATAMOTORS,2023-01-16 10:25:00,282.55,284.45714285714286,278.2589285714286,2023-01-16 15:00:00,284.4,EOD-,-1.849999999999966,2023-01-16 10:20:00,0.3375474083438647,0.2503387203830081,High vol
TATAMOTORS,2023-01-17 11:05:00,287.6,288.51428571428573,285.5428571428572,2023-01-17 15:00:00,286.1,EOD+,1.5,2023-01-17 11:00:00,0.1589509239022432,0.1907942709891313,Mid vol
TATAMOTORS,2023-01-18 11:15:00,282.55,283.5357142857143,280.33214285714297,2023-01-18 15:00:00,281.7,EOD+,0.8500000000000227,2023-01-18 11:10:00,0.1745244840145627,0.2041436563417134,Mid vol
TATAMOTORS,2023-01-19 13:40:00,279.15,280.1,277.0125,2023-01-19 14:45:00,277.0125,W,2.1374999999999886,2023-01-19 13:35:00,0.1701594125022398,0.1781832426694828,Low vol
TATAMOTORS,2023-01-20 12:15:00,281.75,283.10714285714283,278.69642857142856,2023-01-20 15:00:00,278.9,EOD+,2.8500000000000227,2023-01-20 12:10:00,0.2409699675324675,0.2638331675582958,High vol
TATAMOTORS,2023-01-23 11:55:00,281.55,282.4071428571429,279.6214285714285,2023-01-23 13:45:00,282.4071428571429,L,-0.8571428571428896,2023-01-23 11:50:00,0.1521915584415642,0.274418852888982,High vol
TATAMOTORS,2023-01-24 13:10:00,290.4,291.74285714285713,287.37857142857143,2023-01-24 15:00:00,290.7,EOD-,-0.3000000000000113,2023-01-24 13:05:00,0.2312081857536383,0.2438683783511487,High vol
TATAMOTORS,2023-01-25 09:55:00,290.65,292.68571428571425,286.06964285714287,2023-01-25 15:00:00,289.15,EOD+,1.5,2023-01-25 09:50:00,0.3502002899904128,0.2052476988683891,Mid vol
TATAMOTORS,2023-01-27 11:05:00,307.75,310.87857142857143,300.7107142857143,2023-01-27 14:10:00,300.7107142857143,W,7.039285714285711,2023-01-27 11:00:00,0.5082975513519794,0.5778741012315279,High vol
TATAMOTORS,2023-01-27 14:30:00,303.1,305.5785714285714,297.52321428571435,2023-01-27 14:35:00,305.5785714285714,L,-2.4785714285714,2023-01-27 14:25:00,0.4090726899771289,0.4044061897748898,High vol
TATAMOTORS,2023-01-30 10:10:00,307.0,309.81428571428575,300.6678571428571,2023-01-30 15:00:00,304.65,EOD+,2.3500000000000227,2023-01-30 10:05:00,0.4584273846368688,0.4494949264279592,High vol
TATAMOTORS,2023-01-31 14:10:00,310.15,311.55,306.99999999999994,2023-01-31 14:25:00,311.55,L,-1.400000000000034,2023-01-31 14:05:00,0.2256972432693899,0.2227635244479925,Mid vol
TATAMOTORS,2023-02-01 09:35:00,311.1,313.50714285714287,305.68392857142857,2023-02-01 11:00:00,313.50714285714287,L,-2.407142857142844,2023-02-01 09:30:00,0.3869382506257612,0.2541423919638239,High vol
TATAMOTORS,2023-02-01 13:20:00,312.9,315.90714285714284,306.13392857142856,2023-02-01 14:20:00,306.13392857142856,W,6.766071428571422,2023-02-01 13:15:00,0.4805277815824292,0.32300195398398,High vol
TATAMOTORS,2023-02-02 09:25:00,307.05,311.5857142857143,296.8446428571429,2023-02-02 15:00:00,306.1,EOD+,0.9499999999999886,2023-02-02 09:20:00,0.7388360133106808,0.516611659303111,High vol
TATAMOTORS,2023-02-03 11:20:00,306.2,307.98571428571427,302.1821428571428,2023-02-03 13:55:00,307.98571428571427,L,-1.7857142857142776,2023-02-03 11:15:00,0.2916404190289554,0.3267671329687283,High vol
TATAMOTORS,2023-02-06 09:20:00,307.0,309.1357142857143,302.19464285714287,2023-02-06 15:00:00,304.45,EOD+,2.550000000000012,2023-02-06 09:15:00,0.3478928629604619,0.2390366043581672,High vol
TATAMOTORS,2023-02-07 09:30:00,303.65,305.37142857142857,299.77678571428567,2023-02-07 10:55:00,299.77678571428567,W,3.873214285714312,2023-02-07 09:25:00,0.2834093795568938,0.1813911128251226,Mid vol
TATAMOTORS,2023-02-07 11:35:00,300.5,301.7214285714286,297.7517857142857,2023-02-07 14:50:00,301.7214285714286,L,-1.2214285714285893,2023-02-07 11:30:00,0.2032665287782614,0.2602101786757764,High vol
TATAMOTORS,2023-02-08 09:20:00,298.9,300.5642857142857,295.1553571428571,2023-02-08 09:55:00,300.5642857142857,L,-1.664285714285711,2023-02-08 09:15:00,0.2784949321093934,0.2029097910910518,Mid vol
TATAMOTORS,2023-02-08 11:30:00,301.45,302.6,298.8625,2023-02-08 14:30:00,302.6,L,-1.1499999999999773,2023-02-08 11:25:00,0.1907447337866979,0.2798741944922159,High vol
TATAMOTORS,2023-02-09 10:35:00,300.4,301.8071428571428,297.2339285714285,2023-02-09 15:00:00,301.0,EOD-,-0.6000000000000227,2023-02-09 10:30:00,0.2342115274871619,0.2607759164295778,High vol
TATAMOTORS,2023-02-10 10:35:00,298.8,300.2,295.65000000000003,2023-02-10 11:35:00,300.2,L,-1.3999999999999773,2023-02-10 10:30:00,0.2343488449949771,0.1924454390186288,Mid vol
TATAMOTORS,2023-02-13 09:25:00,306.0,308.07142857142856,301.3392857142857,2023-02-13 15:00:00,304.7,EOD+,1.3000000000000114,2023-02-13 09:20:00,0.3385240352064983,0.2204475506146365,Mid vol
TATAMOTORS,2023-02-14 14:20:00,304.2,305.2714285714286,301.78928571428565,2023-02-14 15:00:00,303.95,EOD+,0.25,2023-02-14 14:15:00,0.1761059453367172,0.1873124061671351,Mid vol
TATAMOTORS,2023-02-15 11:05:00,303.2,304.52142857142854,300.2267857142857,2023-02-15 14:40:00,304.52142857142854,L,-1.3214285714285552,2023-02-15 11:00:00,0.2179136826234451,0.2420269166980087,High vol
TATAMOTORS,2023-02-16 10:25:00,306.5,308.1,302.9,2023-02-16 15:00:00,304.85,EOD+,1.6499999999999773,2023-02-16 10:20:00,0.2610966057441264,0.2043861621672664,Mid vol
TATAMOTORS,2023-02-17 09:30:00,304.1,305.77857142857147,300.3232142857143,2023-02-17 15:00:00,303.2,EOD+,0.9000000000000341,2023-02-17 09:25:00,0.2759900408700145,0.1547273061060654,Low vol
TATAMOTORS,2023-02-20 10:05:00,302.35,304.04285714285714,298.54107142857146,2023-02-20 12:30:00,304.04285714285714,L,-1.6928571428571215,2023-02-20 10:00:00,0.279949916133148,0.182097576083045,Mid vol
TATAMOTORS,2023-02-20 13:35:00,303.5,304.51428571428573,301.2178571428571,2023-02-20 13:45:00,304.51428571428573,L,-1.0142857142857338,2023-02-20 13:30:00,0.1670981407389992,0.1664157856519483,Low vol
TATAMOTORS,2023-02-21 09:30:00,305.05,306.5357142857143,301.7071428571429,2023-02-21 14:20:00,301.7071428571429,W,3.342857142857099,2023-02-21 09:25:00,0.2435597189695518,0.1943873438027119,Mid vol
TATAMOTORS,2023-02-22 12:00:00,296.55,297.42857142857144,294.5732142857143,2023-02-22 15:00:00,296.85,EOD-,-0.3000000000000113,2023-02-22 11:55:00,0.1481570705854005,0.2128307154814204,Mid vol
TATAMOTORS,2023-02-23 09:20:00,295.7,297.0571428571429,292.64642857142854,2023-02-23 10:10:00,297.0571428571429,L,-1.3571428571428896,2023-02-23 09:15:00,0.229479685008939,0.1591610357927365,Low vol
TATAMOTORS,2023-02-23 11:10:00,296.9,298.5642857142857,293.1553571428572,2023-02-23 11:35:00,298.5642857142857,L,-1.664285714285711,2023-02-23 11:05:00,0.2802299569432078,0.2419218816597828,High vol
TATAMOTORS,2023-02-23 12:10:00,297.45,298.65,294.75,2023-02-23 13:20:00,298.65,L,-1.1999999999999886,2023-02-23 12:05:00,0.2017145738779608,0.2577301055661655,High vol
TATAMOTORS,2023-02-24 10:35:00,296.8,298.4428571428571,293.1035714285715,2023-02-24 15:00:00,294.65,EOD+,2.150000000000034,2023-02-24 10:30:00,0.2767616480554431,0.245445334773784,High vol
TATAMOTORS,2023-02-27 09:20:00,290.95,292.45,287.575,2023-02-27 10:05:00,287.575,W,3.375,2023-02-27 09:15:00,0.2580423189403048,0.1616054937904184,Low vol
TATAMOTORS,2023-02-27 14:35:00,285.7,286.7642857142857,283.30535714285713,2023-02-27 14:50:00,286.7642857142857,L,-1.0642857142856883,2023-02-27 14:30:00,0.1863571553643327,0.2521784762339382,High vol
TATAMOTORS,2023-02-28 11:00:00,290.75,292.2571428571428,287.35892857142863,2023-02-28 11:55:00,292.2571428571428,L,-1.50714285714281,2023-02-28 10:55:00,0.2592264976165866,0.2788084525866025,High vol
TATAMOTORS,2023-02-28 12:40:00,291.0,291.9214285714286,288.9267857142857,2023-02-28 14:05:00,288.9267857142857,W,2.0732142857143003,2023-02-28 12:35:00,0.1582666732099913,0.2623113989992575,High vol
TATAMOTORS,2023-03-01 11:00:00,292.7,293.7642857142857,290.3053571428572,2023-03-01 12:05:00,293.7642857142857,L,-1.0642857142856883,2023-03-01 10:55:00,0.1818048709063369,0.2335540084205779,High vol
TATAMOTORS,2023-03-01 13:40:00,293.45,294.4,291.3125,2023-03-01 15:00:00,293.45,EOD-,0.0,2023-03-01 13:35:00,0.1618674390867277,0.1646529097977787,Low vol
TATAMOTORS,2023-03-02 13:35:00,290.65,291.40714285714284,288.94642857142856,2023-03-02 15:00:00,289.5,EOD+,1.1499999999999773,2023-03-02 13:30:00,0.130227529608332,0.1457454253892028,Low vol
TATAMOTORS,2023-03-03 11:20:00,292.6,293.65714285714284,290.22142857142865,2023-03-03 13:35:00,293.65714285714284,L,-1.0571428571428214,2023-03-03 11:15:00,0.1806155573454375,0.2206723449005554,Mid vol
TATAMOTORS,2023-03-06 12:55:00,300.3,301.3357142857143,297.96964285714284,2023-03-06 13:40:00,301.3357142857143,L,-1.0357142857142776,2023-03-06 12:50:00,0.1724466010180296,0.2351499963753008,High vol
TATAMOTORS,2023-03-08 10:00:00,301.9,303.79285714285714,297.6410714285714,2023-03-08 10:45:00,303.79285714285714,L,-1.8928571428571672,2023-03-08 09:55:00,0.3134907490654427,0.211920718720686,Mid vol
TATAMOTORS,2023-03-08 11:40:00,302.0,303.0928571428572,299.54107142857146,2023-03-08 15:00:00,301.9,EOD+,0.1000000000000227,2023-03-08 11:35:00,0.1809366130558178,0.2283719333264218,High vol
TATAMOTORS,2023-03-09 11:55:00,300.1,300.75714285714287,298.6214285714286,2023-03-09 12:35:00,298.6214285714286,W,1.4785714285713991,2023-03-09 11:50:00,0.1094873137525578,0.2007307522048591,Mid vol
TATAMOTORS,2023-03-09 14:30:00,298.25,299.12142857142857,296.28928571428577,2023-03-09 15:00:00,297.6,EOD+,0.6499999999999773,2023-03-09 14:25:00,0.1460902885881908,0.1365863693309087,Low vol
TATAMOTORS,2023-03-10 11:10:00,300.0,300.92857142857144,297.9107142857143,2023-03-10 15:00:00,299.45,EOD+,0.5500000000000114,2023-03-10 11:05:00,0.1547103346503546,0.2239487156030801,High vol
TATAMOTORS,2023-03-13 09:30:00,299.6,301.0214285714286,296.40178571428567,2023-03-13 10:30:00,296.40178571428567,W,3.198214285714357,2023-03-13 09:25:00,0.2372606528840918,0.1654772750882761,Low vol
TATAMOTORS,2023-03-13 11:25:00,296.55,297.81428571428575,293.7053571428572,2023-03-13 12:30:00,293.7053571428572,W,2.844642857142844,2023-03-13 11:20:00,0.2131656911626568,0.2285159442299362,High vol
TATAMOTORS,2023-03-13 14:10:00,292.2,293.2285714285714,289.8857142857143,2023-03-13 14:30:00,289.8857142857143,W,2.3142857142856883,2023-03-13 14:05:00,0.1760046934584919,0.1990096375192886,Mid vol
TATAMOTORS,2023-03-14 10:15:00,289.95,292.6428571428571,283.8910714285714,2023-03-14 15:00:00,286.95,EOD+,3.0,2023-03-14 10:10:00,0.4643657773507725,0.293323260601105,High vol
TATAMOTORS,2023-03-15 11:00:00,287.95,289.2,285.13750000000005,2023-03-15 14:45:00,285.13750000000005,W,2.812499999999943,2023-03-15 10:55:00,0.2170138888888861,0.2695912107782193,High vol
TATAMOTORS,2023-03-17 10:25:00,288.15,290.1785714285714,283.58571428571423,2023-03-17 15:00:00,289.1,EOD-,-0.9500000000000456,2023-03-17 10:20:00,0.3518770908189826,0.2873943448678218,High vol
TATAMOTORS,2023-03-20 11:10:00,281.45,282.8428571428572,278.31607142857143,2023-03-20 15:00:00,282.05,EOD-,-0.6000000000000227,2023-03-20 11:05:00,0.2474430880897394,0.2977391668055933,High vol
TATAMOTORS,2023-03-21 10:00:00,282.2,284.02142857142854,278.1017857142857,2023-03-21 13:15:00,284.02142857142854,L,-1.8214285714285552,2023-03-21 09:55:00,0.3227194492254748,0.2307744960515459,High vol
TATAMOTORS,2023-03-22 10:30:00,286.05,287.25714285714287,283.3339285714286,2023-03-22 15:00:00,286.4,EOD-,-0.3499999999999659,2023-03-22 10:25:00,0.2110020725647361,0.1962378069342698,Mid vol
TATAMOTORS,2023-03-23 12:20:00,289.95,290.8285714285714,287.9732142857143,2023-03-23 12:35:00,290.8285714285714,L,-0.8785714285714334,2023-03-23 12:15:00,0.1515562236624835,0.2160221757711299,Mid vol
TATAMOTORS,2023-03-23 13:00:00,290.1,290.9071428571429,288.2839285714286,2023-03-23 14:40:00,288.2839285714286,W,1.8160714285714332,2023-03-23 12:55:00,0.1391145910277238,0.2075814896433778,Mid vol
TATAMOTORS,2023-03-24 09:45:00,287.9,289.4,284.525,2023-03-24 12:15:00,289.4,L,-1.5,2023-03-24 09:40:00,0.2604618857440513,0.1571370544172943,Low vol
TATAMOTORS,2023-03-27 09:45:00,286.3,287.9357142857143,282.6196428571429,2023-03-27 14:10:00,282.6196428571429,W,3.680357142857133,2023-03-27 09:40:00,0.2856145077203234,0.2027844808684247,Mid vol
TATAMOTORS,2023-03-27 14:20:00,283.0,283.8857142857143,281.00714285714287,2023-03-27 14:20:00,283.8857142857143,L,-0.8857142857143003,2023-03-27 14:15:00,0.1564313468234341,0.1469955741119071,Low vol
TATAMOTORS,2023-03-28 09:25:00,282.3,283.74285714285713,279.05357142857144,2023-03-28 10:40:00,279.05357142857144,W,3.2464285714285666,2023-03-28 09:20:00,0.2554633751517596,0.1641907313837575,Low vol
TATAMOTORS,2023-03-28 12:25:00,279.2,280.3642857142857,276.5803571428571,2023-03-28 15:00:00,277.5,EOD+,1.6999999999999886,2023-03-28 12:20:00,0.208466555825554,0.2763141285743826,High vol
TATAMOTORS,2023-03-29 11:25:00,279.55,280.5928571428572,277.2035714285715,2023-03-29 14:00:00,280.5928571428572,L,-1.0428571428571445,2023-03-29 11:20:00,0.1864575617481009,0.2430482029692209,High vol
TATAMOTORS,2023-03-31 11:10:00,285.85,287.79285714285714,281.47857142857146,2023-03-31 12:20:00,287.79285714285714,L,-1.9428571428571215,2023-03-31 11:05:00,0.3398385766760794,0.30128586250002,High vol
TATAMOTORS,2023-04-03 10:20:00,290.05,291.87142857142857,285.95178571428573,2023-04-03 14:50:00,291.87142857142857,L,-1.8214285714285552,2023-04-03 10:15:00,0.313985273475018,0.2160744355785384,Mid vol
TATAMOTORS,2023-04-05 11:10:00,292.3,293.51428571428573,289.5678571428571,2023-04-05 12:15:00,293.51428571428573,L,-1.2142857142857224,2023-04-05 11:05:00,0.2077122330286901,0.2113397744988006,Mid vol
TATAMOTORS,2023-04-05 14:40:00,294.35,295.40000000000003,291.98750000000007,2023-04-05 15:00:00,293.9,EOD+,0.4500000000000455,2023-04-05 14:35:00,0.1784197111299892,0.1614037984450515,Low vol
TATAMOTORS,2023-04-06 09:20:00,292.8,293.87142857142857,290.38928571428573,2023-04-06 10:05:00,293.87142857142857,L,-1.0714285714285552,2023-04-06 09:15:00,0.182962529274006,0.1538981760283877,Low vol
TATAMOTORS,2023-04-06 14:45:00,300.75,301.8142857142857,298.35535714285714,2023-04-06 14:50:00,301.8142857142857,L,-1.0642857142856883,2023-04-06 14:40:00,0.1769091945288737,0.2015996804375537,Mid vol
TATAMOTORS,2023-04-10 13:50:00,317.25,318.6642857142857,314.0678571428572,2023-04-10 14:45:00,318.6642857142857,L,-1.414285714285711,2023-04-10 13:45:00,0.2229328049000175,0.2442054938028468,High vol
TATAMOTORS,2023-04-11 09:25:00,317.05,318.95714285714286,312.75892857142856,2023-04-11 10:05:00,318.95714285714286,L,-1.907142857142844,2023-04-11 09:20:00,0.3007637371302413,0.2227789020649679,Mid vol
TATAMOTORS,2023-04-11 10:50:00,317.4,318.8214285714286,314.2017857142856,2023-04-11 12:00:00,314.2017857142856,W,3.198214285714357,2023-04-11 10:45:00,0.2239175443334295,0.2807471976865466,High vol
TATAMOTORS,2023-04-11 12:35:00,315.15,316.5571428571428,311.9839285714285,2023-04-11 15:00:00,315.4,EOD-,-0.25,2023-04-11 12:30:00,0.2231788829726979,0.2481234009245721,High vol
TATAMOTORS,2023-04-12 13:00:00,319.4,320.29999999999995,317.375,2023-04-12 13:15:00,320.29999999999995,L,-0.8999999999999773,2023-04-12 12:55:00,0.1408891671884761,0.2336906011232292,High vol
TATAMOTORS,2023-04-12 14:30:00,319.9,320.8142857142857,317.8428571428571,2023-04-12 15:00:00,319.7,EOD+,0.1999999999999886,2023-04-12 14:25:00,0.1429017996695416,0.1864573276041612,Mid vol
TATAMOTORS,2023-04-13 12:25:00,321.45,322.40714285714284,319.2964285714285,2023-04-13 12:45:00,322.40714285714284,L,-0.9571428571428556,2023-04-13 12:20:00,0.1489021246333017,0.2078974231282378,Mid vol
TATAMOTORS,2023-04-13 14:05:00,323.05,324.37857142857143,320.0607142857143,2023-04-13 15:00:00,323.4,EOD-,-0.3499999999999659,2023-04-13 14:00:00,0.20566121185316,0.190758922710223,Mid vol
TATAMOTORS,2023-04-17 09:45:00,323.1,325.0857142857143,318.6321428571429,2023-04-17 12:35:00,325.0857142857143,L,-1.9857142857142664,2023-04-17 09:40:00,0.3072909758146496,0.2152199862732651,Mid vol
TATAMOTORS,2023-04-17 14:30:00,324.1,324.97142857142865,322.1392857142857,2023-04-17 15:00:00,324.5,EOD-,-0.3999999999999772,2023-04-17 14:25:00,0.1344174874947708,0.150875103177121,Low vol
TATAMOTORS,2023-04-18 11:45:00,326.65,327.6714285714286,324.35178571428565,2023-04-18 12:10:00,327.6714285714286,L,-1.0214285714286009,2023-04-18 11:40:00,0.156301235107664,0.2507281117433387,High vol
TATAMOTORS,2023-04-18 13:10:00,326.6,327.4142857142857,324.7678571428572,2023-04-18 13:40:00,324.7678571428572,W,1.8321428571428555,2023-04-18 13:05:00,0.1246228518955789,0.2173882545415545,Mid vol
TATAMOTORS,2023-04-19 09:35:00,325.3,327.01428571428573,321.4428571428571,2023-04-19 10:30:00,327.01428571428573,L,-1.7142857142857224,2023-04-19 09:30:00,0.2634930393922106,0.1965163966451283,Mid vol
TATAMOTORS,2023-04-19 11:45:00,326.4,327.35,324.26249999999993,2023-04-19 13:40:00,324.26249999999993,W,2.137500000000045,2023-04-19 11:40:00,0.1455269607843169,0.2125084702412865,Mid vol
TATAMOTORS,2023-04-21 10:15:00,324.6,326.97857142857146,319.2482142857143,2023-04-21 15:00:00,324.6,EOD-,0.0,2023-04-21 10:10:00,0.3663850013203058,0.2176944034996985,Mid vol
TATAMOTORS,2023-04-25 09:25:00,326.75,327.97857142857146,323.98571428571427,2023-04-25 15:00:00,326.45,EOD+,0.3000000000000113,2023-04-25 09:20:00,0.1879986883812443,0.1399782089687987,Low vol
TATAMOTORS,2023-04-26 11:00:00,327.55,328.62857142857143,325.12321428571425,2023-04-26 11:30:00,328.62857142857143,L,-1.078571428571422,2023-04-26 10:55:00,0.1647176891526326,0.1740785722590021,Low vol
TATAMOTORS,2023-04-26 13:25:00,329.1,329.9642857142857,327.1553571428572,2023-04-26 14:00:00,329.9642857142857,L,-0.8642857142856997,2023-04-26 13:20:00,0.1313105004991971,0.1664393039844932,Low vol
TATAMOTORS,2023-04-26 14:25:00,329.25,329.9642857142857,327.6428571428572,2023-04-26 15:00:00,329.05,EOD+,0.1999999999999886,2023-04-26 14:20:00,0.1084716346675332,0.141496715947608,Low vol
TATAMOTORS,2023-04-27 09:35:00,328.95,329.9714285714286,326.65178571428567,2023-04-27 09:35:00,329.9714285714286,L,-1.0214285714286009,2023-04-27 09:30:00,0.1552559008099383,0.123268577978156,Low vol
TATAMOTORS,2023-04-27 12:20:00,330.6,331.45714285714286,328.67142857142863,2023-04-27 13:15:00,331.45714285714286,L,-0.8571428571428328,2023-04-27 12:15:00,0.1296344309048446,0.1677570271432562,Low vol
TATAMOTORS,2023-04-28 09:35:00,330.2,331.35,327.61249999999995,2023-04-28 10:05:00,331.35,L,-1.150000000000034,2023-04-28 09:30:00,0.1741368867353146,0.1066593485649393,Low vol
TATAMOTORS,2023-04-28 12:40:00,334.9,335.8,332.87499999999994,2023-04-28 14:20:00,332.87499999999994,W,2.025000000000034,2023-04-28 12:35:00,0.134368468199464,0.2079865852602846,Mid vol
TATAMOTORS,2023-05-02 09:20:00,331.15,332.6928571428571,327.6785714285714,2023-05-02 09:45:00,327.6785714285714,W,3.4714285714285893,2023-05-02 09:15:00,0.2329544228985572,0.1331630955544705,Low vol
TATAMOTORS,2023-05-02 11:40:00,329.45,330.5285714285714,327.0232142857143,2023-05-02 12:35:00,330.5285714285714,L,-1.078571428571422,2023-05-02 11:35:00,0.1637175817503676,0.2405874469196068,High vol
TATAMOTORS,2023-05-02 13:45:00,330.2,331.1285714285714,328.1107142857143,2023-05-02 14:05:00,331.1285714285714,L,-0.928571428571388,2023-05-02 13:40:00,0.1406074240719885,0.1661682480271248,Low vol
TATAMOTORS,2023-05-02 14:50:00,330.65,331.72142857142853,328.2392857142857,2023-05-02 15:00:00,329.75,EOD+,0.8999999999999773,2023-05-02 14:45:00,0.1620430386310604,0.136350377652843,Low vol
TATAMOTORS,2023-05-03 10:15:00,330.95,332.8285714285714,326.7232142857143,2023-05-03 14:55:00,332.8285714285714,L,-1.8785714285714332,2023-05-03 10:10:00,0.2836864132545202,0.1885676286893045,Mid vol
TATAMOTORS,2023-05-04 09:55:00,332.35,334.25714285714287,328.0589285714286,2023-05-04 15:00:00,331.1,EOD+,1.25,2023-05-04 09:50:00,0.2867883995703525,0.1797207210132957,Low vol
TATAMOTORS,2023-05-05 13:55:00,330.15,331.1428571428571,327.9160714285714,2023-05-05 14:20:00,331.1428571428571,L,-0.9928571428571332,2023-05-05 13:50:00,0.1503190223856371,0.1505569133765112,Low vol
TATAMOTORS,2023-05-08 14:40:00,342.85,344.16428571428577,339.8928571428571,2023-05-08 15:00:00,342.55,EOD+,0.3000000000000113,2023-05-08 14:35:00,0.1916706598054147,0.2403382908480492,High vol
TATAMOTORS,2023-05-09 12:45:00,349.05,350.27857142857147,346.2857142857143,2023-05-09 15:00:00,347.15,EOD+,1.900000000000034,2023-05-09 12:40:00,0.1759878854850926,0.270476006677474,High vol
TATAMOTORS,2023-05-10 10:45:00,348.75,350.43571428571425,344.95714285714286,2023-05-10 14:10:00,350.43571428571425,L,-1.6857142857142549,2023-05-10 10:40:00,0.2416794674859181,0.2409531572639139,High vol
TATAMOTORS,2023-05-11 10:05:00,350.15,351.9428571428571,346.11607142857144,2023-05-11 13:10:00,351.9428571428571,L,-1.7928571428571445,2023-05-11 10:00:00,0.2559396349546233,0.1811017398079296,Mid vol
TATAMOTORS,2023-05-11 14:40:00,351.8,353.05,348.9875,2023-05-11 15:00:00,351.25,EOD+,0.5500000000000114,2023-05-11 14:35:00,0.1776072747939767,0.17896466650405,Low vol
TATAMOTORS,2023-05-12 11:15:00,354.9,357.1714285714285,349.7892857142857,2023-05-12 14:20:00,357.1714285714285,L,-2.271428571428544,2023-05-12 11:10:00,0.3200096606690009,0.2694227865622732,High vol
TATAMOTORS,2023-05-15 11:20:00,366.5,368.37142857142857,362.2892857142857,2023-05-15 15:00:00,366.75,EOD-,-0.25,2023-05-15 11:15:00,0.2553108555837073,0.4785582456982569,High vol
TATAMOTORS,2023-05-16 10:55:00,367.2,368.4785714285714,364.3232142857143,2023-05-16 14:35:00,364.3232142857143,W,2.8767857142856883,2023-05-16 10:50:00,0.1740974167444731,0.2277406405763836,High vol
TATAMOTORS,2023-05-17 09:55:00,360.0,362.82142857142856,353.6517857142858,2023-05-17 14:25:00,353.6517857142858,W,6.348214285714221,2023-05-17 09:50:00,0.3917562581822476,0.2192811765577347,Mid vol
TATAMOTORS,2023-05-18 09:40:00,354.25,356.0285714285714,350.2482142857143,2023-05-18 14:15:00,350.2482142857143,W,4.001785714285688,2023-05-18 09:35:00,0.2509979436313049,0.2066328622976741,Mid vol
TATAMOTORS,2023-05-19 09:25:00,349.85,351.51428571428573,346.10535714285714,2023-05-19 10:55:00,351.51428571428573,L,-1.664285714285711,2023-05-19 09:20:00,0.2378570407725778,0.1723836736134544,Low vol
TATAMOTORS,2023-05-19 12:40:00,356.15,358.02142857142854,351.93928571428575,2023-05-19 13:00:00,358.02142857142854,L,-1.8714285714285663,2023-05-19 12:35:00,0.2625829341137283,0.3165570098427174,High vol
TATAMOTORS,2023-05-22 13:45:00,358.55,359.70000000000005,355.9625,2023-05-22 14:00:00,359.70000000000005,L,-1.150000000000034,2023-05-22 13:40:00,0.1603681494910067,0.1917302025316549,Mid vol
TATAMOTORS,2023-05-23 09:30:00,359.85,361.1928571428572,356.8285714285714,2023-05-23 09:45:00,361.1928571428572,L,-1.3428571428571558,2023-05-23 09:25:00,0.1865597586631225,0.1572210484475854,Low vol
TATAMOTORS,2023-05-23 13:05:00,363.0,363.82142857142856,361.1517857142858,2023-05-23 13:45:00,363.82142857142856,L,-0.8214285714285552,2023-05-23 13:00:00,0.1131756091800158,0.2209147743590398,Mid vol
TATAMOTORS,2023-05-24 11:10:00,362.3,363.6642857142857,359.23035714285714,2023-05-24 13:10:00,359.23035714285714,W,3.069642857142867,2023-05-24 11:05:00,0.1882812191948258,0.1865317835065258,Mid vol
TATAMOTORS,2023-05-24 13:45:00,359.5,360.8071428571429,356.55892857142857,2023-05-24 15:00:00,358.0,EOD+,1.5,2023-05-24 13:40:00,0.1818001192131947,0.1771330458265874,Low vol
TATAMOTORS,2023-05-25 12:00:00,351.55,352.5,349.4125,2023-05-25 14:25:00,352.5,L,-0.9499999999999886,2023-05-25 11:55:00,0.1350774918242554,0.234426331104125,High vol
TATAMOTORS,2023-05-26 10:25:00,354.25,356.1714285714286,349.9267857142857,2023-05-26 11:45:00,356.1714285714286,L,-1.921428571428578,2023-05-26 10:20:00,0.2711966932150427,0.1806953196234288,Mid vol
TATAMOTORS,2023-05-26 13:15:00,355.5,356.3928571428571,353.49107142857144,2023-05-26 13:35:00,356.3928571428571,L,-0.8928571428571104,2023-05-26 13:10:00,0.1255776572232245,0.1652361984606001,Low vol
TATAMOTORS,2023-05-26 14:55:00,356.65,357.7285714285714,354.2232142857142,2023-05-26 15:00:00,356.7,EOD-,-0.0500000000000113,2023-05-26 14:50:00,0.1512086679617898,0.1420508257562961,Low vol
TATAMOTORS,2023-05-29 11:45:00,359.65,360.4357142857143,357.8821428571428,2023-05-29 11:50:00,360.4357142857143,L,-0.7857142857142776,2023-05-29 11:40:00,0.1092331830549542,0.2038748235130594,Mid vol
TATAMOTORS,2023-05-29 13:05:00,359.9,360.8,357.875,2023-05-29 15:00:00,359.3,EOD+,0.5999999999999659,2023-05-29 13:00:00,0.1250347318699629,0.1724154444816384,Low vol
TATAMOTORS,2023-05-30 10:05:00,359.1,360.5357142857143,355.8696428571429,2023-05-30 15:00:00,357.35,EOD+,1.75,2023-05-30 10:00:00,0.199876692985421,0.1544882981998804,Low vol
TATAMOTORS,2023-05-31 14:50:00,361.8,362.6785714285714,359.8232142857143,2023-05-31 15:00:00,361.9,EOD-,-0.0999999999999659,2023-05-31 14:45:00,0.1214167258943385,0.1540201250540826,Low vol
TATAMOTORS,2023-06-02 10:00:00,368.2,370.74285714285713,362.47857142857146,2023-06-02 15:00:00,368.95,EOD-,-0.75,2023-06-02 09:55:00,0.3452623411890205,0.2132845126158609,Mid vol
TATAMOTORS,2023-06-05 12:40:00,375.8,377.11428571428576,372.8428571428572,2023-06-05 13:35:00,377.11428571428576,L,-1.3142857142857451,2023-06-05 12:35:00,0.1749115935967155,0.2237154379804901,High vol
TATAMOTORS,2023-06-06 14:50:00,381.35,382.28571428571433,379.2446428571429,2023-06-06 15:00:00,381.9,EOD-,-0.5499999999999545,2023-06-06 14:45:00,0.1226844481072882,0.1318569555583229,Low vol
TATAMOTORS,2023-06-07 09:45:00,381.3,383.2642857142857,376.8803571428572,2023-06-07 10:20:00,383.2642857142857,L,-1.9642857142857224,2023-06-07 09:40:00,0.2575436887748391,0.1367533874999703,Low vol
TATAMOTORS,2023-06-08 14:35:00,385.95,388.05,381.225,2023-06-08 15:00:00,385.2,EOD+,0.75,2023-06-08 14:30:00,0.2720912153407617,0.2657375612868885,High vol
TATAMOTORS,2023-06-09 10:45:00,387.85,389.8142857142857,383.4303571428573,2023-06-09 15:00:00,386.5,EOD+,1.3500000000000227,2023-06-09 10:40:00,0.2532274995856245,0.2952908401848282,High vol
TATAMOTORS,2023-06-12 10:15:00,387.75,390.1928571428571,382.2535714285714,2023-06-12 15:00:00,389.45,EOD-,-1.6999999999999886,2023-06-12 10:10:00,0.3150447695198796,0.1972628936164138,Mid vol
TATAMOTORS,2023-06-14 13:30:00,390.5,391.7142857142857,387.7678571428572,2023-06-14 14:00:00,391.7142857142857,L,-1.2142857142857224,2023-06-14 13:25:00,0.1554783244924089,0.1639981440520628,Low vol
TATAMOTORS,2023-06-15 11:45:00,393.85,395.2142857142857,390.7803571428572,2023-06-15 15:00:00,391.8,EOD+,2.050000000000012,2023-06-15 11:40:00,0.1731986434284244,0.1944993117779724,Mid vol
TATAMOTORS,2023-06-16 09:50:00,392.05,393.6642857142857,388.41785714285714,2023-06-16 15:00:00,392.2,EOD-,-0.1499999999999772,2023-06-16 09:45:00,0.2058775301984078,0.1596609029137879,Low vol
TATAMOTORS,2023-06-19 10:25:00,392.8,394.6071428571429,388.7339285714286,2023-06-19 13:30:00,388.7339285714286,W,4.066071428571433,2023-06-19 10:20:00,0.2300334594122787,0.1537772671391466,Low vol
TATAMOTORS,2023-06-19 14:35:00,389.8,391.3571428571429,386.2964285714286,2023-06-19 15:00:00,390.3,EOD-,-0.5,2023-06-19 14:30:00,0.1997361284175051,0.1818507704541845,Mid vol
TATAMOTORS,2023-06-20 09:20:00,389.65,390.9785714285714,386.6607142857142,2023-06-20 12:10:00,390.9785714285714,L,-1.328571428571422,2023-06-20 09:15:00,0.1704826675954623,0.17418913809757,Low vol
TATAMOTORS,2023-06-20 14:30:00,399.25,401.0142857142857,395.2803571428571,2023-06-20 14:55:00,401.0142857142857,L,-1.7642857142857338,2023-06-20 14:25:00,0.2209499955273294,0.2519466556477382,High vol
TATAMOTORS,2023-06-21 09:40:00,400.65,402.87142857142857,395.65178571428567,2023-06-21 11:05:00,395.65178571428567,W,4.998214285714312,2023-06-21 09:35:00,0.2772280758053889,0.2720400457210615,High vol
TATAMOTORS,2023-06-22 10:50:00,400.45,401.85,397.3,2023-06-22 11:30:00,397.3,W,3.1499999999999773,2023-06-22 10:45:00,0.1748033462354842,0.1911305082195142,Mid vol
TATAMOTORS,2023-06-23 09:20:00,389.7,391.6928571428571,385.2160714285714,2023-06-23 09:40:00,385.2160714285714,W,4.483928571428578,2023-06-23 09:15:00,0.2557568201818723,0.2111918920195752,Mid vol
TATAMOTORS,2023-06-23 10:40:00,387.5,389.96428571428567,381.9553571428572,2023-06-23 15:00:00,387.0,EOD+,0.5,2023-06-23 10:35:00,0.3179723502304105,0.2631528090533729,High vol
TATAMOTORS,2023-06-26 10:50:00,387.35,389.1071428571428,383.3964285714287,2023-06-26 14:30:00,389.1071428571428,L,-1.75714285714281,2023-06-26 10:45:00,0.2268159103062907,0.2397344634364647,High vol
TATAMOTORS,2023-06-28 12:20:00,402.85,404.24285714285713,399.71607142857147,2023-06-28 12:25:00,404.24285714285713,L,-1.3928571428571104,2023-06-28 12:15:00,0.1729183293429093,0.2632950528648231,High vol
TATAMOTORS,2023-06-28 13:35:00,403.65,404.8785714285714,400.8857142857142,2023-06-28 14:45:00,404.8785714285714,L,-1.2285714285714562,2023-06-28 13:30:00,0.1522204718834672,0.237003203602299,High vol
TATAMOTORS,2023-06-30 11:50:00,409.75,411.1357142857143,406.63214285714287,2023-06-30 13:45:00,411.1357142857143,L,-1.3857142857143003,2023-06-30 11:45:00,0.1691132884689133,0.2504407067815309,High vol
TATAMOTORS,2023-06-30 14:40:00,410.15,411.5642857142857,406.9678571428572,2023-06-30 15:00:00,410.75,EOD-,-0.6000000000000227,2023-06-30 14:35:00,0.1723477594791263,0.1414616032942118,Low vol
TATAMOTORS,2023-07-03 09:55:00,410.4,412.8428571428571,404.9035714285714,2023-07-03 15:00:00,407.1,EOD+,3.2999999999999545,2023-07-03 09:50:00,0.297619047619046,0.1655625750440876,Low vol
TATAMOTORS,2023-07-04 10:00:00,407.65,409.7714285714285,402.87678571428575,2023-07-04 10:05:00,409.7714285714285,L,-2.1214285714285666,2023-07-04 09:55:00,0.2602022042718703,0.1782667857124048,Low vol
TATAMOTORS,2023-07-04 13:40:00,407.75,408.8642857142857,405.2428571428572,2023-07-04 15:00:00,407.35,EOD+,0.3999999999999772,2023-07-04 13:35:00,0.1366551035425189,0.1602765837188899,Low vol
TATAMOTORS,2023-07-05 09:30:00,407.3,408.8,403.925,2023-07-05 11:15:00,403.925,W,3.375000000000057,2023-07-05 09:25:00,0.1841846758349725,0.1400997945279337,Low vol
TATAMOTORS,2023-07-05 12:30:00,404.3,405.7142857142857,401.11785714285713,2023-07-05 13:45:00,405.7142857142857,L,-1.414285714285711,2023-07-05 12:25:00,0.1749054803717209,0.1741678286406745,Low vol
TATAMOTORS,2023-07-06 12:25:00,409.6,410.8642857142857,406.7553571428572,2023-07-06 14:10:00,410.8642857142857,L,-1.264285714285677,2023-07-06 12:20:00,0.1543317522321412,0.2357835278616107,High vol
TATAMOTORS,2023-07-07 09:40:00,413.95,416.2714285714285,408.7267857142857,2023-07-07 10:45:00,408.7267857142857,W,5.223214285714278,2023-07-07 09:35:00,0.2803657694962052,0.2213309219339058,Mid vol
TATAMOTORS,2023-07-07 13:20:00,408.7,409.7357142857143,406.3696428571429,2023-07-07 14:10:00,409.7357142857143,L,-1.0357142857142776,2023-07-07 13:15:00,0.1267083784822928,0.2029599586489684,Mid vol
TATAMOTORS,2023-07-10 14:05:00,428.65,430.8,423.8125,2023-07-10 15:00:00,426.75,EOD+,1.8999999999999773,2023-07-10 14:00:00,0.250787355651465,0.294906848144311,High vol
TATAMOTORS,2023-07-11 12:20:00,429.95,430.8857142857143,427.8446428571428,2023-07-11 13:10:00,430.8857142857143,L,-0.9357142857143116,2023-07-11 12:15:00,0.1088166398086177,0.2322756978080819,High vol
TATAMOTORS,2023-07-11 14:35:00,430.3,431.4285714285714,427.7607142857143,2023-07-11 14:50:00,431.4285714285714,L,-1.1285714285714334,2023-07-11 14:30:00,0.1311377444307954,0.124684079034678,Low vol
TATAMOTORS,2023-07-12 12:50:00,429.5,430.3357142857143,427.6196428571428,2023-07-12 15:00:00,428.85,EOD+,0.6499999999999773,2023-07-12 12:45:00,0.0972892067187763,0.1942462768028218,Mid vol
TATAMOTORS,2023-07-13 11:30:00,430.2,431.5,427.275,2023-07-13 13:50:00,427.275,W,2.9249999999999545,2023-07-13 11:25:00,0.15109251510925,0.1984097435640973,Mid vol
TATAMOTORS,2023-07-14 13:45:00,427.35,428.2928571428572,425.2285714285714,2023-07-14 14:15:00,428.2928571428572,L,-0.9428571428571786,2023-07-14 13:40:00,0.110314396028683,0.1378248600083928,Low vol
TATAMOTORS,2023-07-17 11:10:00,427.75,429.3142857142857,424.23035714285714,2023-07-17 15:00:00,426.15,EOD+,1.6000000000000227,2023-07-17 11:05:00,0.1828504633881595,0.1887039337994822,Mid vol
TATAMOTORS,2023-07-18 12:20:00,420.0,421.5785714285714,416.44821428571424,2023-07-18 13:20:00,421.5785714285714,L,-1.578571428571422,2023-07-18 12:15:00,0.1878804366307353,0.2585511091086801,High vol
TATAMOTORS,2023-07-19 11:35:00,422.2,423.7142857142857,418.79285714285714,2023-07-19 11:35:00,423.7142857142857,L,-1.5142857142857338,2023-07-19 11:30:00,0.1793327468363,0.2091737510853779,Mid vol
TATAMOTORS,2023-07-19 14:05:00,427.75,429.25,424.375,2023-07-19 15:00:00,427.75,EOD-,0.0,2023-07-19 14:00:00,0.1753360607831696,0.2461814271229851,High vol
TATAMOTORS,2023-07-20 09:40:00,427.1,428.9142857142857,423.0178571428572,2023-07-20 12:45:00,428.9142857142857,L,-1.8142857142856883,2023-07-20 09:35:00,0.2123710305847717,0.2037804018448801,Mid vol
TATAMOTORS,2023-07-20 13:40:00,426.4,428.3357142857143,422.0446428571428,2023-07-20 14:25:00,428.3357142857143,L,-1.935714285714312,2023-07-20 13:35:00,0.2270100018428858,0.1838372263892199,Mid vol
TATAMOTORS,2023-07-20 15:00:00,427.4,428.95,423.9125,2023-07-20 15:00:00,427.4,EOD-,0.0,2023-07-20 14:55:00,0.181328965839962,0.1849924998704143,Mid vol
TATAMOTORS,2023-07-21 13:45:00,433.05,434.5,429.7875,2023-07-21 14:55:00,429.7875,W,3.2624999999999886,2023-07-21 13:40:00,0.1673978296005547,0.2177124740136595,Mid vol
TATAMOTORS,2023-07-24 12:45:00,433.05,434.7428571428572,429.2410714285714,2023-07-24 13:20:00,434.7428571428572,L,-1.6928571428571786,2023-07-24 12:40:00,0.1954574694443083,0.2395975016685324,High vol
TATAMOTORS,2023-07-24 14:40:00,434.25,436.3571428571429,429.50892857142856,2023-07-24 15:00:00,433.55,EOD+,0.6999999999999886,2023-07-24 14:35:00,0.2426186364010217,0.2124767784278545,Mid vol
TATAMOTORS,2023-07-25 10:50:00,439.15,441.1928571428571,434.5535714285714,2023-07-25 12:20:00,441.1928571428571,L,-2.0428571428571445,2023-07-25 10:45:00,0.2326716563618625,0.2901336551115422,High vol
TATAMOTORS,2023-07-25 13:30:00,440.55,442.3428571428572,436.5160714285714,2023-07-25 15:00:00,440.2,EOD+,0.3500000000000227,2023-07-25 13:25:00,0.2034332398567063,0.2044149853358276,Mid vol
TATAMOTORS,2023-07-26 10:30:00,446.25,451.0,435.5625,2023-07-26 15:00:00,443.6,EOD+,2.6499999999999773,2023-07-26 10:25:00,0.5322128851540616,0.3660161739197948,High vol
TATAMOTORS,2023-07-27 09:25:00,443.9,446.82142857142856,437.3267857142857,2023-07-27 15:00:00,439.7,EOD+,4.199999999999989,2023-07-27 09:20:00,0.3290638174621061,0.1866636953774755,Mid vol
TATAMOTORS,2023-07-28 09:30:00,440.55,443.78571428571433,433.26964285714286,2023-07-28 15:00:00,437.15,EOD+,3.400000000000034,2023-07-28 09:25:00,0.3672774444624629,0.2074247333099162,Mid vol
TATAMOTORS,2023-07-31 13:15:00,442.9,444.12142857142857,440.15178571428567,2023-07-31 15:00:00,442.9,EOD-,0.0,2023-07-31 13:10:00,0.1379365975639269,0.1829524659488721,Mid vol
TATAMOTORS,2023-08-01 11:00:00,446.85,448.3357142857143,443.50714285714287,2023-08-01 15:00:00,444.7,EOD+,2.150000000000034,2023-08-01 10:55:00,0.166261670290318,0.1909993615265359,Mid vol
TATAMOTORS,2023-08-02 12:40:00,432.95,434.6071428571428,429.2214285714285,2023-08-02 13:20:00,429.2214285714285,W,3.728571428571456,2023-08-02 12:35:00,0.1913559881227321,0.2486179134004858,High vol
TATAMOTORS,2023-08-03 10:15:00,428.1,431.16428571428577,421.2053571428571,2023-08-03 11:00:00,431.16428571428577,L,-3.064285714285745,2023-08-03 10:10:00,0.357935488177285,0.3075427404038699,High vol
TATAMOTORS,2023-08-07 09:25:00,423.65,425.4214285714285,419.6642857142857,2023-08-07 14:10:00,419.6642857142857,W,3.985714285714266,2023-08-07 09:20:00,0.2091168187260734,0.2098747201255199,Mid vol
TATAMOTORS,2023-08-07 14:30:00,420.4,421.4571428571428,418.0214285714286,2023-08-07 15:00:00,419.5,EOD+,0.8999999999999773,2023-08-07 14:25:00,0.12576051119948,0.1560646306283762,Low vol
TATAMOTORS,2023-08-08 14:10:00,418.55,419.65,416.07499999999993,2023-08-08 15:00:00,417.7,EOD+,0.8500000000000227,2023-08-08 14:05:00,0.1314060446780589,0.1579457389015705,Low vol
TATAMOTORS,2023-08-10 09:25:00,426.6,428.86428571428576,421.5053571428571,2023-08-10 12:25:00,421.5053571428571,W,5.094642857142901,2023-08-10 09:20:00,0.265387448931754,0.2301385424513715,High vol
TATAMOTORS,2023-08-10 14:10:00,425.55,430.86428571428576,413.5928571428571,2023-08-10 15:00:00,424.9,EOD+,0.6500000000000341,2023-08-10 14:05:00,0.6243286788399588,0.2773239208617949,High vol
TATAMOTORS,2023-08-11 10:35:00,427.4,429.37142857142857,422.96428571428567,2023-08-11 14:10:00,422.96428571428567,W,4.435714285714312,2023-08-11 10:30:00,0.2306573735145184,0.3553605137831378,High vol
TATAMOTORS,2023-08-16 10:10:00,416.15,419.0785714285714,409.5607142857143,2023-08-16 12:45:00,419.0785714285714,L,-2.928571428571445,2023-08-16 10:05:00,0.3519494566243745,0.2160079181758215,Mid vol
TATAMOTORS,2023-08-17 09:50:00,423.85,427.2857142857143,416.1196428571429,2023-08-17 15:00:00,421.55,EOD+,2.300000000000012,2023-08-17 09:45:00,0.4053940160134843,0.2987619614021063,High vol
TATAMOTORS,2023-08-18 10:25:00,423.1,425.2857142857143,418.1821428571429,2023-08-18 13:30:00,425.2857142857143,L,-2.185714285714255,2023-08-18 10:20:00,0.2582670785435745,0.2082880801694323,Mid vol
TATAMOTORS,2023-08-22 10:30:00,428.8,430.49285714285713,424.9910714285714,2023-08-22 15:00:00,427.65,EOD+,1.150000000000034,2023-08-22 10:25:00,0.1974637983036437,0.1758576665240147,Low vol
TATAMOTORS,2023-08-23 12:15:00,423.3,423.9357142857143,421.8696428571429,2023-08-23 14:35:00,423.9357142857143,L,-0.6357142857143003,2023-08-23 12:10:00,0.0750902770746841,0.1832631868072777,Mid vol
TATAMOTORS,2023-08-24 13:50:00,422.5,423.3357142857143,420.6196428571428,2023-08-24 14:40:00,420.6196428571428,W,1.8803571428571784,2023-08-24 13:45:00,0.098889396013997,0.135210806734987,Low vol
TATAMOTORS,2023-08-25 15:00:00,417.35,422.4285714285714,405.9232142857143,2023-08-25 15:00:00,417.35,EOD-,0.0,2023-08-25 14:55:00,0.6085765642386385,0.2574930318678305,High vol
TATAMOTORS,2023-08-28 14:10:00,416.3,417.1357142857143,414.4196428571429,2023-08-28 15:00:00,415.8,EOD+,0.5,2023-08-28 14:05:00,0.1003740434439453,0.1259195121530654,Low vol
TATAMOTORS,2023-08-29 11:25:00,417.5,418.6928571428572,414.8160714285714,2023-08-29 11:30:00,418.6928571428572,L,-1.1928571428571786,2023-08-29 11:20:00,0.1429256102153321,0.1720030358739266,Low vol
TATAMOTORS,2023-08-29 13:20:00,419.2,420.4642857142857,416.35535714285714,2023-08-29 15:00:00,417.2,EOD+,2.0,2023-08-29 13:15:00,0.1507974372955293,0.1718997077315755,Low vol
TATAMOTORS,2023-08-30 10:55:00,420.45,421.5428571428571,417.9910714285715,2023-08-30 14:35:00,417.9910714285715,W,2.458928571428487,2023-08-30 10:50:00,0.1299627949645755,0.1815240969534562,Mid vol
TATAMOTORS,2023-08-31 10:15:00,417.15,418.9,413.2125,2023-08-31 11:35:00,418.9,L,-1.75,2023-08-31 10:10:00,0.2097566822485906,0.1362417091730911,Low vol
TATAMOTORS,2023-08-31 12:20:00,417.6,418.86428571428576,414.7553571428572,2023-08-31 15:00:00,416.6,EOD+,1.0,2023-08-31 12:15:00,0.1514114627887087,0.1645694081005655,Low vol
TATAMOTORS,2023-09-01 12:35:00,420.6,422.4,416.55,2023-09-01 15:00:00,420.85,EOD-,-0.25,2023-09-01 12:30:00,0.2140054690286543,0.2330620930692986,High vol
TATAMOTORS,2023-09-04 11:20:00,419.0,420.2357142857143,416.2196428571429,2023-09-04 13:55:00,420.2357142857143,L,-1.2357142857142662,2023-09-04 11:15:00,0.1474599386293903,0.2081500596461125,Mid vol
TATAMOTORS,2023-09-04 14:35:00,419.3,420.4357142857143,416.7446428571429,2023-09-04 15:00:00,419.55,EOD-,-0.25,2023-09-04 14:30:00,0.1354297979625885,0.1243101504102451,Low vol
TATAMOTORS,2023-09-05 12:15:00,422.3,424.32142857142856,417.75178571428575,2023-09-05 15:00:00,420.5,EOD+,1.8000000000000114,2023-09-05 12:10:00,0.2393356111092304,0.1683107063465788,Low vol
TATAMOTORS,2023-09-06 11:10:00,418.6,419.72857142857146,416.0607142857143,2023-09-06 14:40:00,419.72857142857146,L,-1.1285714285714334,2023-09-06 11:05:00,0.1348030851136456,0.1756926078437571,Low vol
TATAMOTORS,2023-09-07 09:40:00,419.7,421.1,416.55,2023-09-07 09:45:00,421.1,L,-1.3999999999999773,2023-09-07 09:35:00,0.1668056713928256,0.1301549165768276,Low vol
TATAMOTORS,2023-09-07 11:45:00,421.85,423.1071428571429,419.0214285714286,2023-09-07 12:35:00,423.1071428571429,L,-1.2571428571428669,2023-09-07 11:40:00,0.1490035388340475,0.1707948740424357,Low vol
TATAMOTORS,2023-09-08 13:10:00,430.4,431.9785714285714,426.8482142857143,2023-09-08 14:20:00,431.9785714285714,L,-1.578571428571422,2023-09-08 13:05:00,0.1834055337018034,0.2286928717317836,High vol
TATAMOTORS,2023-09-08 14:45:00,429.75,431.32142857142856,426.2142857142857,2023-09-08 14:50:00,431.32142857142856,L,-1.5714285714285552,2023-09-08 14:40:00,0.1828305493226968,0.1988142158290995,Mid vol
TATAMOTORS,2023-09-11 11:40:00,435.9,436.87142857142857,433.71428571428567,2023-09-11 14:15:00,436.87142857142857,L,-0.9714285714285892,2023-09-11 11:35:00,0.1114279159702433,0.2417961467644907,High vol
TATAMOTORS,2023-09-12 15:00:00,428.4,430.55,423.5625,2023-09-12 15:00:00,428.4,EOD-,0.0,2023-09-12 14:55:00,0.250933706816058,0.3592132965790037,High vol
TATAMOTORS,2023-09-13 12:40:00,430.55,431.95,427.4,2023-09-13 13:00:00,431.95,L,-1.3999999999999773,2023-09-13 12:35:00,0.1626016260162594,0.2442850850468444,High vol
TATAMOTORS,2023-09-13 13:30:00,430.4,431.9214285714286,426.97678571428565,2023-09-13 14:20:00,431.9214285714286,L,-1.5214285714286009,2023-09-13 13:25:00,0.1767458842272984,0.2071593126186316,Mid vol
TATAMOTORS,2023-09-14 12:10:00,431.95,433.4,428.6875,2023-09-14 15:00:00,430.7,EOD+,1.25,2023-09-14 12:05:00,0.1678435004051419,0.1999714611303134,Mid vol
TATAMOTORS,2023-09-18 11:40:00,440.65,441.9857142857143,437.6446428571428,2023-09-18 12:20:00,441.9857142857143,L,-1.335714285714289,2023-09-18 11:35:00,0.1515102411200437,0.1948943961120593,Mid vol
TATAMOTORS,2023-09-18 14:35:00,442.5,443.6142857142857,439.9928571428572,2023-09-18 15:00:00,441.75,EOD+,0.75,2023-09-18 14:30:00,0.1258937650305822,0.1373283856321518,Low vol
TATAMOTORS,2023-09-20 10:55:00,443.7,445.65,439.31250000000006,2023-09-20 15:00:00,440.35,EOD+,3.349999999999966,2023-09-20 10:50:00,0.2197430696416475,0.2013236324746986,Mid vol
TATAMOTORS,2023-09-21 09:20:00,439.0,440.9142857142857,434.6928571428571,2023-09-21 10:45:00,434.6928571428571,W,4.307142857142878,2023-09-21 09:15:00,0.2179535140937856,0.1277685269266717,Low vol
TATAMOTORS,2023-09-21 11:50:00,434.8,436.9,430.075,2023-09-21 13:35:00,430.075,W,4.725000000000023,2023-09-21 11:45:00,0.2414903403863852,0.2510312261128791,High vol
TATAMOTORS,2023-09-22 10:00:00,431.3,433.8071428571429,425.6589285714285,2023-09-22 15:00:00,428.45,EOD+,2.8500000000000227,2023-09-22 09:55:00,0.29061584063323,0.2152365446200155,Mid vol
TATAMOTORS,2023-09-25 09:25:00,428.2,430.5142857142857,422.99285714285713,2023-09-25 15:00:00,426.8,EOD+,1.3999999999999773,2023-09-25 09:20:00,0.2702973270597665,0.1457682880511249,Low vol
TATAMOTORS,2023-09-26 12:10:00,429.1,430.11428571428576,426.8178571428572,2023-09-26 15:00:00,427.6,EOD+,1.5,2023-09-26 12:05:00,0.1181737987050818,0.1763280504871384,Low vol
TATAMOTORS,2023-09-27 10:15:00,426.25,428.15,421.975,2023-09-27 15:00:00,426.1,EOD+,0.1499999999999772,2023-09-27 10:10:00,0.2228216254251194,0.1468462183418697,Low vol
TATAMOTORS,2023-09-28 12:15:00,427.2,428.2642857142857,424.8053571428572,2023-09-28 13:15:00,424.8053571428572,W,2.3946428571427987,2023-09-28 12:10:00,0.1245652755484176,0.1618668982537928,Low vol
TATAMOTORS,2023-09-29 12:45:00,433.35,434.6714285714286,430.37678571428575,2023-09-29 13:15:00,434.6714285714286,L,-1.3214285714285552,2023-09-29 12:40:00,0.1525018547522884,0.2330863686195275,High vol
TATAMOTORS,2023-09-29 14:55:00,434.55,435.6785714285714,432.01071428571424,2023-09-29 15:00:00,435.05,EOD-,-0.5,2023-09-29 14:50:00,0.1298551868106595,0.1496688263768734,Low vol
TATAMOTORS,2023-10-03 11:30:00,427.75,429.2642857142857,424.3428571428572,2023-10-03 15:00:00,426.9,EOD+,0.8500000000000227,2023-10-03 11:25:00,0.1770680208472532,0.215518213778094,Mid vol
TATAMOTORS,2023-10-04 10:30:00,424.4,426.4857142857143,419.7071428571428,2023-10-04 13:00:00,419.7071428571428,W,4.692857142857179,2023-10-04 10:25:00,0.2456961109334773,0.1704932099771279,Low vol
TATAMOTORS,2023-10-04 13:25:00,421.15,423.0285714285714,416.9232142857143,2023-10-04 15:00:00,421.85,EOD-,-0.7000000000000455,2023-10-04 13:20:00,0.2229493743854053,0.1822651174503086,Mid vol
TATAMOTORS,2023-10-05 10:25:00,424.45,426.6,419.6125,2023-10-05 13:30:00,426.6,L,-2.150000000000034,2023-10-05 10:20:00,0.2533584727786954,0.2032336476083895,Mid vol
TATAMOTORS,2023-10-09 10:05:00,426.85,429.55,420.775,2023-10-09 15:00:00,425.55,EOD+,1.3000000000000114,2023-10-09 10:00:00,0.3162703525828751,0.1494233751772553,Low vol
TATAMOTORS,2023-10-10 10:45:00,431.3,433.05,427.3625,2023-10-10 12:00:00,433.05,L,-1.75,2023-10-10 10:40:00,0.2028515126927108,0.2143948900838657,Mid vol
TATAMOTORS,2023-10-10 13:40:00,433.15,434.1428571428571,430.9160714285714,2023-10-10 14:45:00,434.1428571428571,L,-0.9928571428571332,2023-10-10 13:35:00,0.1145824746517194,0.155966080222,Low vol
TATAMOTORS,2023-10-11 11:50:00,437.2,438.20714285714286,434.9339285714285,2023-10-11 13:10:00,438.20714285714286,L,-1.0071428571428669,2023-10-11 11:45:00,0.1151810220886169,0.1637418566177368,Low vol
TATAMOTORS,2023-10-11 13:40:00,436.9,437.9,434.65,2023-10-11 15:00:00,437.0,EOD-,-0.1000000000000227,2023-10-11 13:35:00,0.1144426642252222,0.1261260514388905,Low vol
TATAMOTORS,2023-10-12 11:40:00,439.45,440.25,437.65,2023-10-12 14:10:00,437.65,W,1.8000000000000114,2023-10-12 11:35:00,0.0910228694959612,0.14612290768359,Low vol
TATAMOTORS,2023-10-13 11:00:00,439.45,440.7642857142857,436.4928571428572,2023-10-13 12:55:00,440.7642857142857,L,-1.3142857142856883,2023-10-13 10:55:00,0.1495375713147908,0.1376016438035388,Low vol
TATAMOTORS,2023-10-16 09:25:00,458.25,461.45714285714286,451.0339285714285,2023-10-16 09:25:00,461.45714285714286,L,-3.2071428571428555,2023-10-16 09:20:00,0.349895576821173,0.3069332583797854,High vol
TATAMOTORS,2023-10-16 12:20:00,459.9,461.5214285714285,456.25178571428575,2023-10-16 15:00:00,459.55,EOD+,0.3499999999999659,2023-10-16 12:15:00,0.1762805578852531,0.3392276733041967,High vol
TATAMOTORS,2023-10-17 09:50:00,458.45,460.7642857142857,453.24285714285713,2023-10-17 13:40:00,453.24285714285713,W,5.207142857142856,2023-10-17 09:45:00,0.2524032843587855,0.1698267704242284,Low vol
TATAMOTORS,2023-10-18 10:55:00,455.25,456.99285714285713,451.3285714285714,2023-10-18 11:00:00,456.99285714285713,L,-1.7428571428571331,2023-10-18 10:50:00,0.1914175884521837,0.2103495617149153,Mid vol
TATAMOTORS,2023-10-18 11:55:00,455.85,457.67142857142863,451.7517857142857,2023-10-18 13:55:00,457.67142857142863,L,-1.821428571428612,2023-10-18 11:50:00,0.1997837634560258,0.2167368501123828,Mid vol
TATAMOTORS,2023-10-20 10:25:00,460.55,464.15,452.4500000000001,2023-10-20 15:00:00,459.2,EOD+,1.3500000000000227,2023-10-20 10:20:00,0.3908370426663761,0.2507002686499031,High vol
TATAMOTORS,2023-10-23 09:30:00,456.8,459.6,450.5,2023-10-23 10:45:00,450.5,W,6.300000000000011,2023-10-23 09:25:00,0.3064798598949215,0.2225208734288047,Mid vol
TATAMOTORS,2023-10-23 12:05:00,450.3,452.4142857142857,445.54285714285714,2023-10-23 15:00:00,448.1,EOD+,2.1999999999999886,2023-10-23 12:00:00,0.2347641255036317,0.2799194862565866,High vol
TATAMOTORS,2023-10-25 09:20:00,447.05,450.00000000000006,440.4125,2023-10-25 12:50:00,440.4125,W,6.6375000000000455,2023-10-25 09:15:00,0.3299407225142625,0.2101694794274349,Mid vol
TATAMOTORS,2023-10-26 12:50:00,432.4,434.3571428571428,427.99642857142857,2023-10-26 15:00:00,431.85,EOD+,0.5499999999999545,2023-10-26 12:45:00,0.2263116162283579,0.2735047955069847,High vol
TATAMOTORS,2023-10-27 13:30:00,434.6,436.29285714285714,430.7910714285715,2023-10-27 13:45:00,436.29285714285714,L,-1.6928571428571215,2023-10-27 13:25:00,0.1947827802159845,0.2213119495337695,Mid vol
TATAMOTORS,2023-10-31 11:10:00,435.5,437.0785714285714,431.9482142857143,2023-10-31 15:00:00,433.7,EOD+,1.8000000000000114,2023-10-31 11:05:00,0.1812574840477012,0.2491154787315643,High vol
TATAMOTORS,2023-11-01 10:00:00,433.8,436.1642857142857,428.48035714285714,2023-11-01 13:40:00,436.1642857142857,L,-2.3642857142857,2023-11-01 09:55:00,0.2725087268655745,0.1859881242155063,Mid vol
TATAMOTORS,2023-11-02 10:55:00,434.2,435.6142857142857,431.0178571428572,2023-11-02 11:05:00,435.6142857142857,L,-1.414285714285711,2023-11-02 10:50:00,0.1628798473207065,0.2390973132424239,High vol
TATAMOTORS,2023-11-03 11:40:00,448.95,450.55,445.35,2023-11-03 15:00:00,447.3,EOD+,1.6499999999999773,2023-11-03 11:35:00,0.1781935627575461,0.3673395708138187,High vol
TATAMOTORS,2023-11-07 10:00:00,445.45,447.35,441.175,2023-11-07 10:45:00,447.35,L,-1.8999999999999773,2023-11-07 09:55:00,0.2132674823212483,0.1565056150152655,Low vol
TATAMOTORS,2023-11-07 13:30:00,444.55,445.32142857142856,442.81428571428575,2023-11-07 13:35:00,445.32142857142856,L,-0.7714285714285438,2023-11-07 13:25:00,0.0867651075726645,0.1372620930827968,Low vol
TATAMOTORS,2023-11-07 14:20:00,444.65,445.6428571428571,442.4160714285714,2023-11-07 15:00:00,444.45,EOD+,0.1999999999999886,2023-11-07 14:15:00,0.111644792854733,0.1173447202336402,Low vol
TATAMOTORS,2023-11-08 10:35:00,445.45,446.7785714285714,442.4607142857143,2023-11-08 14:55:00,442.4607142857143,W,2.9892857142857,2023-11-08 10:30:00,0.1490766863298274,0.1412234140601818,Low vol
TATAMOTORS,2023-11-09 12:30:00,448.7,449.7,446.45,2023-11-09 14:20:00,446.45,W,2.25,2023-11-09 12:25:00,0.1114454474534715,0.1967509362251131,Mid vol
TATAMOTORS,2023-11-10 10:40:00,445.3,447.1642857142857,441.1053571428572,2023-11-10 11:40:00,447.1642857142857,L,-1.8642857142857,2023-11-10 10:35:00,0.2093291841775993,0.2063898578168023,Mid vol
TATAMOTORS,2023-11-10 13:05:00,447.25,448.74285714285713,443.8910714285714,2023-11-10 15:00:00,447.2,EOD+,0.0500000000000113,2023-11-10 13:00:00,0.1668929170326606,0.1905415388392367,Mid vol
TATAMOTORS,2023-11-13 10:55:00,448.1,449.52857142857147,444.8857142857143,2023-11-13 13:25:00,449.52857142857147,L,-1.4285714285714448,2023-11-13 10:50:00,0.1593854098595814,0.1646119649879498,Low vol
TATAMOTORS,2023-11-15 11:55:00,454.4,455.37142857142857,452.2142857142856,2023-11-15 12:35:00,455.37142857142857,L,-0.9714285714285892,2023-11-15 11:50:00,0.1069148768906666,0.1512206896736813,Low vol
TATAMOTORS,2023-11-16 11:55:00,469.7,471.4857142857143,465.6821428571428,2023-11-16 15:00:00,471.0,EOD-,-1.3000000000000114,2023-11-16 11:50:00,0.1900909395054603,0.2475307742272815,High vol
TATAMOTORS,2023-11-17 11:05:00,472.1,473.47857142857146,468.9982142857143,2023-11-17 15:00:00,469.2,EOD+,2.900000000000034,2023-11-17 11:00:00,0.14600417587073,0.1974962318136218,Mid vol
TATAMOTORS,2023-11-20 09:45:00,468.85,471.5357142857143,462.8071428571429,2023-11-20 11:10:00,462.8071428571429,W,6.042857142857088,2023-11-20 09:40:00,0.2863845474210133,0.1509082710102859,Low vol
TATAMOTORS,2023-11-20 12:00:00,464.5,466.88571428571424,459.1321428571429,2023-11-20 15:00:00,464.4,EOD+,0.1000000000000227,2023-11-20 11:55:00,0.2567769116041619,0.2226906007985056,Mid vol
TATAMOTORS,2023-11-21 11:00:00,466.05,467.4,463.0125,2023-11-21 12:20:00,467.4,L,-1.3500000000000227,2023-11-21 10:55:00,0.1448497854077268,0.1687575267941596,Low vol
TATAMOTORS,2023-11-22 10:10:00,470.15,472.29285714285714,465.3285714285714,2023-11-22 15:00:00,468.6,EOD+,1.5499999999999543,2023-11-22 10:05:00,0.2278665613416783,0.1701233157397836,Low vol
TATAMOTORS,2023-11-23 10:05:00,468.85,470.81428571428575,464.4303571428572,2023-11-23 15:00:00,468.2,EOD+,0.6500000000000341,2023-11-23 10:00:00,0.2094791206447377,0.172113336647138,Low vol
TATAMOTORS,2023-11-24 11:00:00,463.85,465.49285714285713,460.15357142857147,2023-11-24 13:00:00,465.49285714285713,L,-1.6428571428571104,2023-11-24 10:55:00,0.1770701813814545,0.1812785549268635,Mid vol
TATAMOTORS,2023-11-24 13:20:00,464.3,465.5857142857144,461.4071428571428,2023-11-24 15:00:00,464.15,EOD+,0.1500000000000341,2023-11-24 13:15:00,0.1384274640088619,0.1740280205252161,Low vol
TATAMOTORS,2023-11-29 10:20:00,480.35,483.6642857142857,472.8928571428572,2023-11-29 13:20:00,483.6642857142857,L,-3.3142857142856883,2023-11-29 10:15:00,0.3450583773332332,0.1995192246899818,Mid vol
TATAMOTORS,2023-11-30 09:50:00,489.55,493.15,481.4500000000001,2023-11-30 10:10:00,481.4500000000001,W,8.099999999999966,2023-11-30 09:45:00,0.3677221654749726,0.232264590921658,High vol
TATAMOTORS,2023-12-01 09:25:00,485.15,487.74285714285713,479.3160714285714,2023-12-01 11:10:00,487.74285714285713,L,-2.592857142857156,2023-12-01 09:20:00,0.2670845841426819,0.1963310291512326,Mid vol
TATAMOTORS,2023-12-01 13:35:00,485.4,486.7642857142857,482.3303571428571,2023-12-01 14:00:00,486.7642857142857,L,-1.3642857142856997,2023-12-01 13:30:00,0.140561066792265,0.1855180129249978,Mid vol
TATAMOTORS,2023-12-04 11:40:00,486.95,488.3285714285714,483.8482142857143,2023-12-04 13:40:00,488.3285714285714,L,-1.3785714285714334,2023-12-04 11:35:00,0.1415516406788616,0.2195807662570207,Mid vol
TATAMOTORS,2023-12-04 14:05:00,487.05,488.35,484.125,2023-12-04 15:00:00,486.1,EOD+,0.9499999999999886,2023-12-04 14:00:00,0.1334565239708444,0.1285635941075553,Low vol
TATAMOTORS,2023-12-05 10:35:00,488.75,491.0785714285714,483.51071428571424,2023-12-05 14:35:00,491.0785714285714,L,-2.328571428571422,2023-12-05 10:30:00,0.2382657759717014,0.1778131886496463,Low vol
TATAMOTORS,2023-12-06 10:00:00,489.2,491.54285714285714,483.9285714285714,2023-12-06 10:20:00,491.54285714285714,L,-2.342857142857156,2023-12-06 09:55:00,0.2394824841926971,0.182304467967001,Mid vol
TATAMOTORS,2023-12-06 11:40:00,490.2,491.5642857142857,487.1303571428571,2023-12-06 13:40:00,491.5642857142857,L,-1.3642857142856997,2023-12-06 11:35:00,0.139156029608907,0.2164317602917089,Mid vol
TATAMOTORS,2023-12-07 11:05:00,496.9,499.4142857142857,491.24285714285713,2023-12-07 14:15:00,499.4142857142857,L,-2.5142857142857338,2023-12-07 11:00:00,0.2529716987911972,0.2565429022120521,High vol
TATAMOTORS,2023-12-07 15:00:00,496.85,498.9857142857143,492.0446428571429,2023-12-07 15:00:00,496.85,EOD-,0.0,2023-12-07 14:55:00,0.2149254589628938,0.1476750899132941,Low vol
TATAMOTORS,2023-12-11 11:00:00,496.95,499.3571428571429,491.5339285714285,2023-12-11 15:00:00,496.15,EOD+,0.8000000000000114,2023-12-11 10:55:00,0.2422404002357738,0.2478759178627347,High vol
TATAMOTORS,2023-12-12 09:45:00,496.2,497.8857142857143,492.4071428571429,2023-12-12 10:15:00,492.4071428571429,W,3.792857142857145,2023-12-12 09:40:00,0.1699651427419124,0.1349847835544063,Low vol
TATAMOTORS,2023-12-12 13:55:00,494.65,496.1,491.3875,2023-12-12 14:45:00,491.3875,W,3.2624999999999886,2023-12-12 13:50:00,0.1465682806024466,0.1733768634095302,Low vol
TATAMOTORS,2023-12-13 11:35:00,492.4,493.6142857142857,489.66785714285714,2023-12-13 12:00:00,493.6142857142857,L,-1.2142857142857224,2023-12-13 11:30:00,0.1232527115596543,0.1839951112396735,Mid vol
TATAMOTORS,2023-12-14 12:40:00,495.95,496.87142857142857,493.8767857142856,2023-12-14 13:45:00,496.87142857142857,L,-0.921428571428578,2023-12-14 12:35:00,0.0929234138189385,0.1478224806405352,Low vol
TATAMOTORS,2023-12-14 14:40:00,496.2,497.3928571428571,493.5160714285714,2023-12-14 15:00:00,495.8,EOD+,0.3999999999999772,2023-12-14 14:35:00,0.120211341616159,0.0991367910569058,Low vol
TATAMOTORS,2023-12-15 12:35:00,500.9,502.1928571428571,497.9910714285714,2023-12-15 14:30:00,502.1928571428571,L,-1.2928571428571445,2023-12-15 12:30:00,0.1290534181330733,0.2060206406936187,Mid vol
TATAMOTORS,2023-12-18 10:20:00,504.1,506.9214285714286,497.7517857142858,2023-12-18 15:00:00,503.2,EOD+,0.9000000000000341,2023-12-18 10:15:00,0.279848102700708,0.2104579694079996,Mid vol
TATAMOTORS,2023-12-19 11:20:00,501.25,502.7642857142857,497.8428571428572,2023-12-19 11:50:00,502.7642857142857,L,-1.5142857142857338,2023-12-19 11:15:00,0.1510509440683999,0.1596772060255895,Low vol
TATAMOTORS,2023-12-19 12:55:00,501.5,502.53571428571433,499.1696428571428,2023-12-19 14:25:00,502.53571428571433,L,-1.0357142857143344,2023-12-19 12:50:00,0.1032616436405094,0.1633075353208817,Low vol
TATAMOTORS,2023-12-20 10:30:00,503.0,504.8642857142857,498.8053571428572,2023-12-20 13:15:00,498.8053571428572,W,4.19464285714281,2023-12-20 10:25:00,0.185371951306125,0.1306142683377886,Low vol
TATAMOTORS,2023-12-21 09:50:00,485.25,489.7357142857143,475.1571428571429,2023-12-21 10:10:00,489.7357142857143,L,-4.485714285714323,2023-12-21 09:45:00,0.4622065209391343,0.3594535460163074,High vol
TATAMOTORS,2023-12-21 11:35:00,488.15,490.5357142857143,482.7821428571429,2023-12-21 15:00:00,487.45,EOD+,0.6999999999999886,2023-12-21 11:30:00,0.2443878596306367,0.3799382685933231,High vol
TATAMOTORS,2023-12-22 11:35:00,500.6,502.9714285714286,495.2642857142857,2023-12-22 12:35:00,495.2642857142857,W,5.335714285714289,2023-12-22 11:30:00,0.2368113212930472,0.2834121201849297,High vol
TATAMOTORS,2023-12-22 13:35:00,498.05,500.32142857142856,492.93928571428575,2023-12-22 14:50:00,500.32142857142856,L,-2.271428571428544,2023-12-22 13:30:00,0.2280779768479325,0.2618141164116208,High vol
TATAMOTORS,2023-12-26 09:35:00,498.6,501.2714285714286,492.5892857142857,2023-12-26 15:00:00,496.3,EOD+,2.300000000000012,2023-12-26 09:30:00,0.2678392391646851,0.2314066461418242,High vol
TATAMOTORS,2023-12-27 13:15:00,506.0,507.9214285714286,501.6767857142857,2023-12-27 13:25:00,507.9214285714286,L,-1.921428571428578,2023-12-27 13:10:00,0.1899020133849166,0.2330120622527784,High vol
TATAMOTORS,2023-12-28 09:40:00,509.6,511.6071428571428,505.0839285714287,2023-12-28 09:40:00,511.6071428571428,L,-2.00714285714281,2023-12-28 09:35:00,0.1970104885299209,0.1896059763236492,Mid vol
TATAMOTORS,2023-12-28 14:45:00,515.0,516.7571428571429,511.0464285714286,2023-12-28 15:00:00,516.15,EOD-,-1.1499999999999773,2023-12-28 14:40:00,0.1705963938973657,0.1482226778333721,Low vol
TATAMOTORS,2023-12-29 14:45:00,538.5,541.9285714285714,530.7857142857142,2023-12-29 15:00:00,538.25,EOD+,0.25,2023-12-29 14:40:00,0.3183446080382058,0.3456350077361813,High vol
