symbol    , entry_dt           , entry , sl                , tp                , exit_dt            , exit_price        , outcome, pnl                 , touch_dt           , atr_pct_at_touch   , hidden_atr_pct_rollmean40
TATAMOTORS, 2023-01-02 11:05:00, 271.3 , 272.2357142857143 , 269.19464285714287, 2023-01-02 12:10:00, 272.2357142857143 , L      , -0.9357142857143117 , 2023-01-02 11:00:00, 0.17248189598420044,       0.2707589561782421
TATAMOTORS, 2023-01-02 13:40:00, 271.75, 272.43571428571425, 270.20714285714286, 2023-01-02 14:45:00, 272.43571428571425, L      , -0.6857142857142549 , 2023-01-02 13:35:00, 0.1261663819161507 ,       0.16668019261839714
TATAMOTORS, 2023-01-04 13:00:00, 266.0 , 266.8             , 264.2             , 2023-01-04 13:50:00, 266.8             , L      , -0.8000000000000114 , 2023-01-04 12:55:00, 0.15037593984962316,       0.18447328473411834
TATAMOTORS, 2023-01-05 11:30:00, 266.3 , 267.25714285714287, 264.1464285714286 , 2023-01-05 13:05:00, 264.1464285714286 , W      , 2.1535714285714107  , 2023-01-05 11:25:00, 0.1797113888739841 ,       0.23487205945927334
TATAMOTORS, 2023-01-05 14:00:00, 264.75, 265.97142857142853, 262.00178571428575, 2023-01-05 14:25:00, 265.97142857142853, L      , -1.2214285714285325 , 2023-01-05 13:55:00, 0.23071941281234548,       0.19299039683858338
TATAMOTORS, 2023-01-06 11:25:00, 265.15, 266.0285714285714 , 263.17321428571427, 2023-01-06 12:55:00, 263.17321428571427, W      , 1.976785714285711   , 2023-01-06 11:20:00, 0.16567441609870365,       0.26031618946961715
TATAMOTORS, 2023-01-09 12:20:00, 269.5 , 270.3285714285714 , 267.6357142857143 , 2023-01-09 13:10:00, 267.6357142857143 , W      , 1.8642857142856997  , 2023-01-09 12:15:00, 0.15372382719321523,       0.257569338178143
TATAMOTORS, 2023-01-11 11:05:00, 286.65, 287.6428571428571 , 284.4160714285714 , 2023-01-11 12:20:00, 287.6428571428571 , L      , -0.9928571428571331 , 2023-01-11 11:00:00, 0.17321303957730863,       0.4324253225553588
TATAMOTORS, 2023-01-11 14:05:00, 288.05, 288.6857142857143 , 286.6196428571429 , 2023-01-11 14:20:00, 288.6857142857143 , L      , -0.6357142857143003 , 2023-01-11 14:00:00, 0.1103670634920618 ,       0.14430165837202485
TATAMOTORS, 2023-01-12 09:30:00, 288.15, 289.6428571428571 , 284.7910714285714 , 2023-01-12 12:15:00, 284.7910714285714 , W      , 3.358928571428578   , 2023-01-12 09:25:00, 0.2590416697652524 ,       0.1625661110328571
TATAMOTORS, 2023-01-13 09:25:00, 283.25, 284.4642857142857 , 280.51785714285717, 2023-01-13 09:35:00, 284.4642857142857 , L      , -1.2142857142857224 , 2023-01-13 09:20:00, 0.2143866020984665 ,       0.17945103637816773
TATAMOTORS, 2023-01-13 10:45:00, 282.15, 283.75714285714287, 278.5339285714285 , 2023-01-13 13:10:00, 283.75714285714287, L      , -1.6071428571428896 , 2023-01-13 10:40:00, 0.28480291638186805,       0.22474035518822655
TATAMOTORS, 2023-01-16 10:25:00, 282.55, 284.45714285714286, 278.2589285714286 , 2023-01-16 15:00:00, 284.4             , EOD-   , -1.849999999999966  , 2023-01-16 10:20:00, 0.33754740834386476,       0.25033872038300814
TATAMOTORS, 2023-01-17 11:05:00, 287.6 , 288.51428571428573, 285.5428571428572 , 2023-01-17 15:00:00, 286.1             , EOD+   , 1.5                 , 2023-01-17 11:00:00, 0.1589509239022432 ,       0.1907942709891313
TATAMOTORS, 2023-01-18 11:15:00, 282.55, 283.5357142857143 , 280.33214285714297, 2023-01-18 15:00:00, 281.7             , EOD+   , 0.8500000000000227  , 2023-01-18 11:10:00, 0.1745244840145627 ,       0.20414365634171347
TATAMOTORS, 2023-01-19 13:40:00, 279.15, 280.09999999999997, 277.0125          , 2023-01-19 14:45:00, 277.0125          , W      , 2.1374999999999886  , 2023-01-19 13:35:00, 0.17015941250223982,       0.17818324266948288
TATAMOTORS, 2023-01-20 12:15:00, 281.75, 283.10714285714283, 278.69642857142856, 2023-01-20 15:00:00, 278.9             , EOD+   , 2.8500000000000227  , 2023-01-20 12:10:00, 0.2409699675324675 ,       0.2638331675582958
TATAMOTORS, 2023-01-23 11:55:00, 281.55, 282.4071428571429 , 279.6214285714285 , 2023-01-23 13:45:00, 282.4071428571429 , L      , -0.8571428571428896 , 2023-01-23 11:50:00, 0.1521915584415642 ,       0.27441885288898205
TATAMOTORS, 2023-01-24 13:10:00, 290.4 , 291.74285714285713, 287.37857142857143, 2023-01-24 15:00:00, 290.7             , EOD-   , -0.30000000000001137, 2023-01-24 13:05:00, 0.23120818575363836,       0.2438683783511487
TATAMOTORS, 2023-01-25 09:55:00, 290.65, 292.68571428571425, 286.06964285714287, 2023-01-25 15:00:00, 289.15            , EOD+   , 1.5                 , 2023-01-25 09:50:00, 0.35020028999041286,       0.20524769886838917
TATAMOTORS, 2023-01-27 11:05:00, 307.75, 310.87857142857143, 300.7107142857143 , 2023-01-27 14:10:00, 300.7107142857143 , W      , 7.039285714285711   , 2023-01-27 11:00:00, 0.5082975513519794 ,       0.5778741012315279
TATAMOTORS, 2023-01-27 14:30:00, 303.1 , 305.5785714285714 , 297.52321428571435, 2023-01-27 14:35:00, 305.5785714285714 , L      , -2.4785714285713993 , 2023-01-27 14:25:00, 0.4090726899771289 ,       0.40440618977488985
TATAMOTORS, 2023-01-30 10:10:00, 307.0 , 309.81428571428575, 300.6678571428571 , 2023-01-30 15:00:00, 304.65            , EOD+   , 2.3500000000000227  , 2023-01-30 10:05:00, 0.4584273846368688 ,       0.4494949264279592
TATAMOTORS, 2023-01-31 14:10:00, 310.15, 311.55            , 306.99999999999994, 2023-01-31 14:25:00, 311.55            , L      , -1.400000000000034  , 2023-01-31 14:05:00, 0.22569724326938997,       0.22276352444799255
TATAMOTORS, 2023-02-01 09:35:00, 311.1 , 313.50714285714287, 305.68392857142857, 2023-02-01 11:00:00, 313.50714285714287, L      , -2.407142857142844  , 2023-02-01 09:30:00, 0.3869382506257612 ,       0.25414239196382393
TATAMOTORS, 2023-02-01 13:20:00, 312.9 , 315.90714285714284, 306.13392857142856, 2023-02-01 14:20:00, 306.13392857142856, W      , 6.766071428571422   , 2023-02-01 13:15:00, 0.48052778158242926,       0.32300195398398
TATAMOTORS, 2023-02-02 09:25:00, 307.05, 311.5857142857143 , 296.8446428571429 , 2023-02-02 15:00:00, 306.1             , EOD+   , 0.9499999999999886  , 2023-02-02 09:20:00, 0.7388360133106808 ,       0.516611659303111
TATAMOTORS, 2023-02-03 11:20:00, 306.2 , 307.98571428571427, 302.1821428571428 , 2023-02-03 13:55:00, 307.98571428571427, L      , -1.7857142857142776 , 2023-02-03 11:15:00, 0.29164041902895543,       0.32676713296872834
TATAMOTORS, 2023-02-06 09:20:00, 307.0 , 309.1357142857143 , 302.19464285714287, 2023-02-06 15:00:00, 304.45            , EOD+   , 2.5500000000000114  , 2023-02-06 09:15:00, 0.34789286296046196,       0.23903660435816723
TATAMOTORS, 2023-02-07 09:30:00, 303.65, 305.37142857142857, 299.77678571428567, 2023-02-07 10:55:00, 299.77678571428567, W      , 3.8732142857143117  , 2023-02-07 09:25:00, 0.2834093795568938 ,       0.18139111282512266
TATAMOTORS, 2023-02-07 11:35:00, 300.5 , 301.7214285714286 , 297.7517857142857 , 2023-02-07 14:50:00, 301.7214285714286 , L      , -1.2214285714285893 , 2023-02-07 11:30:00, 0.20326652877826146,       0.26021017867577645
TATAMOTORS, 2023-02-08 09:20:00, 298.9 , 300.5642857142857 , 295.1553571428571 , 2023-02-08 09:55:00, 300.5642857142857 , L      , -1.664285714285711  , 2023-02-08 09:15:00, 0.27849493210939347,       0.20290979109105187
TATAMOTORS, 2023-02-08 11:30:00, 301.45, 302.59999999999997, 298.8625          , 2023-02-08 14:30:00, 302.59999999999997, L      , -1.1499999999999773 , 2023-02-08 11:25:00, 0.19074473378669793,       0.2798741944922159
TATAMOTORS, 2023-02-09 10:35:00, 300.4 , 301.8071428571428 , 297.2339285714285 , 2023-02-09 15:00:00, 301.0             , EOD-   , -0.6000000000000227 , 2023-02-09 10:30:00, 0.2342115274871619 ,       0.2607759164295778
TATAMOTORS, 2023-02-10 10:35:00, 298.8 , 300.2             , 295.65000000000003, 2023-02-10 11:35:00, 300.2             , L      , -1.3999999999999773 , 2023-02-10 10:30:00, 0.23434884499497713,       0.19244543901862884
TATAMOTORS, 2023-02-13 09:25:00, 306.0 , 308.07142857142856, 301.3392857142857 , 2023-02-13 15:00:00, 304.7             , EOD+   , 1.3000000000000114  , 2023-02-13 09:20:00, 0.3385240352064983 ,       0.22044755061463653
TATAMOTORS, 2023-02-14 14:20:00, 304.2 , 305.2714285714286 , 301.78928571428565, 2023-02-14 15:00:00, 303.95            , EOD+   , 0.25                , 2023-02-14 14:15:00, 0.17610594533671722,       0.1873124061671351
TATAMOTORS, 2023-02-15 11:05:00, 303.2 , 304.52142857142854, 300.2267857142857 , 2023-02-15 14:40:00, 304.52142857142854, L      , -1.3214285714285552 , 2023-02-15 11:00:00, 0.21791368262344515,       0.2420269166980087
TATAMOTORS, 2023-02-16 10:25:00, 306.5 , 308.1             , 302.9             , 2023-02-16 15:00:00, 304.85            , EOD+   , 1.6499999999999773  , 2023-02-16 10:20:00, 0.2610966057441264 ,       0.2043861621672664
TATAMOTORS, 2023-02-17 09:30:00, 304.1 , 305.77857142857147, 300.3232142857143 , 2023-02-17 15:00:00, 303.2             , EOD+   , 0.9000000000000341  , 2023-02-17 09:25:00, 0.27599004087001455,       0.1547273061060654
TATAMOTORS, 2023-02-20 10:05:00, 302.35, 304.04285714285714, 298.54107142857146, 2023-02-20 12:30:00, 304.04285714285714, L      , -1.6928571428571217 , 2023-02-20 10:00:00, 0.279949916133148  ,       0.182097576083045
TATAMOTORS, 2023-02-20 13:35:00, 303.5 , 304.51428571428573, 301.2178571428571 , 2023-02-20 13:45:00, 304.51428571428573, L      , -1.0142857142857338 , 2023-02-20 13:30:00, 0.16709814073899926,       0.16641578565194837
TATAMOTORS, 2023-02-21 09:30:00, 305.05, 306.5357142857143 , 301.7071428571429 , 2023-02-21 14:20:00, 301.7071428571429 , W      , 3.342857142857099   , 2023-02-21 09:25:00, 0.24355971896955184,       0.1943873438027119
TATAMOTORS, 2023-02-22 12:00:00, 296.55, 297.42857142857144, 294.5732142857143 , 2023-02-22 15:00:00, 296.85            , EOD-   , -0.30000000000001137, 2023-02-22 11:55:00, 0.14815707058540056,       0.2128307154814204
TATAMOTORS, 2023-02-23 09:20:00, 295.7 , 297.0571428571429 , 292.64642857142854, 2023-02-23 10:10:00, 297.0571428571429 , L      , -1.3571428571428896 , 2023-02-23 09:15:00, 0.229479685008939  ,       0.15916103579273658
TATAMOTORS, 2023-02-23 11:10:00, 296.9 , 298.5642857142857 , 293.15535714285716, 2023-02-23 11:35:00, 298.5642857142857 , L      , -1.664285714285711  , 2023-02-23 11:05:00, 0.2802299569432078 ,       0.24192188165978284
TATAMOTORS, 2023-02-23 12:10:00, 297.45, 298.65            , 294.75            , 2023-02-23 13:20:00, 298.65            , L      , -1.1999999999999886 , 2023-02-23 12:05:00, 0.2017145738779608 ,       0.2577301055661655
TATAMOTORS, 2023-02-24 10:35:00, 296.8 , 298.4428571428571 , 293.1035714285715 , 2023-02-24 15:00:00, 294.65            , EOD+   , 2.150000000000034   , 2023-02-24 10:30:00, 0.2767616480554431 ,       0.245445334773784
TATAMOTORS, 2023-02-27 09:20:00, 290.95, 292.45            , 287.575           , 2023-02-27 10:05:00, 287.575           , W      , 3.375               , 2023-02-27 09:15:00, 0.2580423189403048 ,       0.16160549379041847
TATAMOTORS, 2023-02-27 14:35:00, 285.7 , 286.7642857142857 , 283.30535714285713, 2023-02-27 14:50:00, 286.7642857142857 , L      , -1.0642857142856883 , 2023-02-27 14:30:00, 0.18635715536433275,       0.25217847623393824
TATAMOTORS, 2023-02-28 11:00:00, 290.75, 292.2571428571428 , 287.35892857142863, 2023-02-28 11:55:00, 292.2571428571428 , L      , -1.50714285714281   , 2023-02-28 10:55:00, 0.2592264976165866 ,       0.2788084525866025
TATAMOTORS, 2023-02-28 12:40:00, 291.0 , 291.9214285714286 , 288.9267857142857 , 2023-02-28 14:05:00, 288.9267857142857 , W      , 2.0732142857143003  , 2023-02-28 12:35:00, 0.15826667320999135,       0.2623113989992575
TATAMOTORS, 2023-03-01 11:00:00, 292.7 , 293.7642857142857 , 290.3053571428572 , 2023-03-01 12:05:00, 293.7642857142857 , L      , -1.0642857142856883 , 2023-03-01 10:55:00, 0.18180487090633696,       0.23355400842057797
TATAMOTORS, 2023-03-01 13:40:00, 293.45, 294.4             , 291.3125          , 2023-03-01 15:00:00, 293.45            , EOD-   , 0.0                 , 2023-03-01 13:35:00, 0.1618674390867277 ,       0.16465290979777872
TATAMOTORS, 2023-03-02 13:35:00, 290.65, 291.40714285714284, 288.94642857142856, 2023-03-02 15:00:00, 289.5             , EOD+   , 1.1499999999999773  , 2023-03-02 13:30:00, 0.13022752960833206,       0.14574542538920285
TATAMOTORS, 2023-03-03 11:20:00, 292.6 , 293.65714285714284, 290.22142857142865, 2023-03-03 13:35:00, 293.65714285714284, L      , -1.0571428571428214 , 2023-03-03 11:15:00, 0.18061555734543755,       0.22067234490055543
TATAMOTORS, 2023-03-06 12:55:00, 300.3 , 301.3357142857143 , 297.96964285714284, 2023-03-06 13:40:00, 301.3357142857143 , L      , -1.0357142857142776 , 2023-03-06 12:50:00, 0.1724466010180296 ,       0.23514999637530082
TATAMOTORS, 2023-03-08 10:00:00, 301.9 , 303.79285714285714, 297.6410714285714 , 2023-03-08 10:45:00, 303.79285714285714, L      , -1.8928571428571672 , 2023-03-08 09:55:00, 0.3134907490654427 ,       0.21192071872068602
TATAMOTORS, 2023-03-08 11:40:00, 302.0 , 303.09285714285716, 299.54107142857146, 2023-03-08 15:00:00, 301.9             , EOD+   , 0.10000000000002274 , 2023-03-08 11:35:00, 0.18093661305581782,       0.22837193332642186
TATAMOTORS, 2023-03-09 11:55:00, 300.1 , 300.75714285714287, 298.6214285714286 , 2023-03-09 12:35:00, 298.6214285714286 , W      , 1.4785714285713993  , 2023-03-09 11:50:00, 0.10948731375255785,       0.2007307522048591
TATAMOTORS, 2023-03-09 14:30:00, 298.25, 299.12142857142857, 296.28928571428577, 2023-03-09 15:00:00, 297.6             , EOD+   , 0.6499999999999773  , 2023-03-09 14:25:00, 0.14609028858819084,       0.13658636933090873
TATAMOTORS, 2023-03-10 11:10:00, 300.0 , 300.92857142857144, 297.9107142857143 , 2023-03-10 15:00:00, 299.45            , EOD+   , 0.5500000000000114  , 2023-03-10 11:05:00, 0.15471033465035464,       0.2239487156030801
TATAMOTORS, 2023-03-13 09:30:00, 299.6 , 301.0214285714286 , 296.40178571428567, 2023-03-13 10:30:00, 296.40178571428567, W      , 3.198214285714357   , 2023-03-13 09:25:00, 0.23726065288409182,       0.16547727508827614
TATAMOTORS, 2023-03-13 11:25:00, 296.55, 297.81428571428575, 293.70535714285717, 2023-03-13 12:30:00, 293.70535714285717, W      , 2.844642857142844   , 2023-03-13 11:20:00, 0.2131656911626568 ,       0.2285159442299362
TATAMOTORS, 2023-03-13 14:10:00, 292.2 , 293.2285714285714 , 289.8857142857143 , 2023-03-13 14:30:00, 289.8857142857143 , W      , 2.3142857142856883  , 2023-03-13 14:05:00, 0.17600469345849196,       0.1990096375192886
TATAMOTORS, 2023-03-14 10:15:00, 289.95, 292.6428571428571 , 283.8910714285714 , 2023-03-14 15:00:00, 286.95            , EOD+   , 3.0                 , 2023-03-14 10:10:00, 0.46436577735077256,       0.29332326060110503
TATAMOTORS, 2023-03-15 11:00:00, 287.95, 289.2             , 285.13750000000005, 2023-03-15 14:45:00, 285.13750000000005, W      , 2.812499999999943   , 2023-03-15 10:55:00, 0.2170138888888861 ,       0.2695912107782193
TATAMOTORS, 2023-03-17 10:25:00, 288.15, 290.1785714285714 , 283.58571428571423, 2023-03-17 15:00:00, 289.1             , EOD-   , -0.9500000000000455 , 2023-03-17 10:20:00, 0.35187709081898266,       0.2873943448678218
TATAMOTORS, 2023-03-20 11:10:00, 281.45, 282.84285714285716, 278.31607142857143, 2023-03-20 15:00:00, 282.05            , EOD-   , -0.6000000000000227 , 2023-03-20 11:05:00, 0.2474430880897394 ,       0.29773916680559337
TATAMOTORS, 2023-03-21 10:00:00, 282.2 , 284.02142857142854, 278.1017857142857 , 2023-03-21 13:15:00, 284.02142857142854, L      , -1.8214285714285552 , 2023-03-21 09:55:00, 0.3227194492254748 ,       0.23077449605154593
TATAMOTORS, 2023-03-22 10:30:00, 286.05, 287.25714285714287, 283.3339285714286 , 2023-03-22 15:00:00, 286.4             , EOD-   , -0.3499999999999659 , 2023-03-22 10:25:00, 0.21100207256473613,       0.1962378069342698
TATAMOTORS, 2023-03-23 12:20:00, 289.95, 290.8285714285714 , 287.9732142857143 , 2023-03-23 12:35:00, 290.8285714285714 , L      , -0.8785714285714334 , 2023-03-23 12:15:00, 0.15155622366248356,       0.21602217577112995
TATAMOTORS, 2023-03-23 13:00:00, 290.1 , 290.9071428571429 , 288.2839285714286 , 2023-03-23 14:40:00, 288.2839285714286 , W      , 1.8160714285714334  , 2023-03-23 12:55:00, 0.13911459102772386,       0.20758148964337786
TATAMOTORS, 2023-03-24 09:45:00, 287.9 , 289.4             , 284.525           , 2023-03-24 12:15:00, 289.4             , L      , -1.5                , 2023-03-24 09:40:00, 0.2604618857440513 ,       0.1571370544172943
TATAMOTORS, 2023-03-27 09:45:00, 286.3 , 287.9357142857143 , 282.6196428571429 , 2023-03-27 14:10:00, 282.6196428571429 , W      , 3.680357142857133   , 2023-03-27 09:40:00, 0.2856145077203234 ,       0.20278448086842477
TATAMOTORS, 2023-03-27 14:20:00, 283.0 , 283.8857142857143 , 281.00714285714287, 2023-03-27 14:20:00, 283.8857142857143 , L      , -0.8857142857143003 , 2023-03-27 14:15:00, 0.15643134682343413,       0.14699557411190714
TATAMOTORS, 2023-03-28 09:25:00, 282.3 , 283.74285714285713, 279.05357142857144, 2023-03-28 10:40:00, 279.05357142857144, W      , 3.2464285714285666  , 2023-03-28 09:20:00, 0.2554633751517596 ,       0.16419073138375756
TATAMOTORS, 2023-03-28 12:25:00, 279.2 , 280.3642857142857 , 276.5803571428571 , 2023-03-28 15:00:00, 277.5             , EOD+   , 1.6999999999999886  , 2023-03-28 12:20:00, 0.208466555825554  ,       0.2763141285743826
TATAMOTORS, 2023-03-29 11:25:00, 279.55, 280.59285714285716, 277.2035714285715 , 2023-03-29 14:00:00, 280.59285714285716, L      , -1.0428571428571445 , 2023-03-29 11:20:00, 0.1864575617481009 ,       0.24304820296922097
TATAMOTORS, 2023-03-31 11:10:00, 285.85, 287.79285714285714, 281.47857142857146, 2023-03-31 12:20:00, 287.79285714285714, L      , -1.9428571428571217 , 2023-03-31 11:05:00, 0.3398385766760794 ,       0.30128586250002
TATAMOTORS, 2023-04-03 10:20:00, 290.05, 291.87142857142857, 285.95178571428573, 2023-04-03 14:50:00, 291.87142857142857, L      , -1.8214285714285552 , 2023-04-03 10:15:00, 0.31398527347501803,       0.21607443557853845
TATAMOTORS, 2023-04-05 11:10:00, 292.3 , 293.51428571428573, 289.5678571428571 , 2023-04-05 12:15:00, 293.51428571428573, L      , -1.2142857142857224 , 2023-04-05 11:05:00, 0.2077122330286901 ,       0.21133977449880065
TATAMOTORS, 2023-04-05 14:40:00, 294.35, 295.40000000000003, 291.98750000000007, 2023-04-05 15:00:00, 293.9             , EOD+   , 0.4500000000000455  , 2023-04-05 14:35:00, 0.17841971112998928,       0.16140379844505157
TATAMOTORS, 2023-04-06 09:20:00, 292.8 , 293.87142857142857, 290.38928571428573, 2023-04-06 10:05:00, 293.87142857142857, L      , -1.0714285714285552 , 2023-04-06 09:15:00, 0.18296252927400608,       0.15389817602838776
TATAMOTORS, 2023-04-06 14:45:00, 300.75, 301.8142857142857 , 298.35535714285714, 2023-04-06 14:50:00, 301.8142857142857 , L      , -1.0642857142856883 , 2023-04-06 14:40:00, 0.17690919452887374,       0.20159968043755377
TATAMOTORS, 2023-04-10 13:50:00, 317.25, 318.6642857142857 , 314.0678571428572 , 2023-04-10 14:45:00, 318.6642857142857 , L      , -1.414285714285711  , 2023-04-10 13:45:00, 0.22293280490001752,       0.24420549380284684
TATAMOTORS, 2023-04-11 09:25:00, 317.05, 318.95714285714286, 312.75892857142856, 2023-04-11 10:05:00, 318.95714285714286, L      , -1.9071428571428442 , 2023-04-11 09:20:00, 0.30076373713024135,       0.2227789020649679
TATAMOTORS, 2023-04-11 10:50:00, 317.4 , 318.8214285714286 , 314.2017857142856 , 2023-04-11 12:00:00, 314.2017857142856 , W      , 3.198214285714357   , 2023-04-11 10:45:00, 0.2239175443334295 ,       0.28074719768654666
TATAMOTORS, 2023-04-11 12:35:00, 315.15, 316.5571428571428 , 311.9839285714285 , 2023-04-11 15:00:00, 315.4             , EOD-   , -0.25               , 2023-04-11 12:30:00, 0.22317888297269792,       0.24812340092457216
TATAMOTORS, 2023-04-12 13:00:00, 319.4 , 320.29999999999995, 317.375           , 2023-04-12 13:15:00, 320.29999999999995, L      , -0.8999999999999773 , 2023-04-12 12:55:00, 0.1408891671884761 ,       0.23369060112322929
TATAMOTORS, 2023-04-12 14:30:00, 319.9 , 320.8142857142857 , 317.8428571428571 , 2023-04-12 15:00:00, 319.7             , EOD+   , 0.19999999999998863 , 2023-04-12 14:25:00, 0.1429017996695416 ,       0.1864573276041612
TATAMOTORS, 2023-04-13 12:25:00, 321.45, 322.40714285714284, 319.2964285714285 , 2023-04-13 12:45:00, 322.40714285714284, L      , -0.9571428571428555 , 2023-04-13 12:20:00, 0.14890212463330177,       0.20789742312823786
TATAMOTORS, 2023-04-13 14:05:00, 323.05, 324.37857142857143, 320.0607142857143 , 2023-04-13 15:00:00, 323.4             , EOD-   , -0.3499999999999659 , 2023-04-13 14:00:00, 0.20566121185316005,       0.19075892271022304
TATAMOTORS, 2023-04-17 09:45:00, 323.1 , 325.0857142857143 , 318.6321428571429 , 2023-04-17 12:35:00, 325.0857142857143 , L      , -1.9857142857142662 , 2023-04-17 09:40:00, 0.30729097581464965,       0.2152199862732651
TATAMOTORS, 2023-04-17 14:30:00, 324.1 , 324.97142857142865, 322.1392857142857 , 2023-04-17 15:00:00, 324.5             , EOD-   , -0.39999999999997726, 2023-04-17 14:25:00, 0.1344174874947708 ,       0.15087510317712105
TATAMOTORS, 2023-04-18 11:45:00, 326.65, 327.6714285714286 , 324.35178571428565, 2023-04-18 12:10:00, 327.6714285714286 , L      , -1.0214285714286007 , 2023-04-18 11:40:00, 0.15630123510766403,       0.25072811174333876
TATAMOTORS, 2023-04-18 13:10:00, 326.6 , 327.4142857142857 , 324.76785714285717, 2023-04-18 13:40:00, 324.76785714285717, W      , 1.8321428571428555  , 2023-04-18 13:05:00, 0.12462285189557892,       0.2173882545415545
TATAMOTORS, 2023-04-19 09:35:00, 325.3 , 327.01428571428573, 321.4428571428571 , 2023-04-19 10:30:00, 327.01428571428573, L      , -1.7142857142857224 , 2023-04-19 09:30:00, 0.26349303939221064,       0.1965163966451283
TATAMOTORS, 2023-04-19 11:45:00, 326.4 , 327.35            , 324.26249999999993, 2023-04-19 13:40:00, 324.26249999999993, W      , 2.1375000000000455  , 2023-04-19 11:40:00, 0.14552696078431698,       0.21250847024128655
TATAMOTORS, 2023-04-21 10:15:00, 324.6 , 326.97857142857146, 319.2482142857143 , 2023-04-21 15:00:00, 324.6             , EOD-   , 0.0                 , 2023-04-21 10:10:00, 0.3663850013203058 ,       0.2176944034996985
TATAMOTORS, 2023-04-25 09:25:00, 326.75, 327.97857142857146, 323.98571428571427, 2023-04-25 15:00:00, 326.45            , EOD+   , 0.30000000000001137 , 2023-04-25 09:20:00, 0.18799868838124434,       0.1399782089687987
TATAMOTORS, 2023-04-26 11:00:00, 327.55, 328.62857142857143, 325.12321428571425, 2023-04-26 11:30:00, 328.62857142857143, L      , -1.078571428571422  , 2023-04-26 10:55:00, 0.1647176891526326 ,       0.17407857225900217
TATAMOTORS, 2023-04-26 13:25:00, 329.1 , 329.9642857142857 , 327.15535714285716, 2023-04-26 14:00:00, 329.9642857142857 , L      , -0.8642857142856997 , 2023-04-26 13:20:00, 0.13131050049919718,       0.1664393039844932
TATAMOTORS, 2023-04-26 14:25:00, 329.25, 329.9642857142857 , 327.64285714285717, 2023-04-26 15:00:00, 329.05            , EOD+   , 0.19999999999998863 , 2023-04-26 14:20:00, 0.10847163466753322,       0.14149671594760807
TATAMOTORS, 2023-04-27 09:35:00, 328.95, 329.9714285714286 , 326.65178571428567, 2023-04-27 09:35:00, 329.9714285714286 , L      , -1.0214285714286007 , 2023-04-27 09:30:00, 0.15525590080993837,       0.12326857797815609
TATAMOTORS, 2023-04-27 12:20:00, 330.6 , 331.45714285714286, 328.67142857142863, 2023-04-27 13:15:00, 331.45714285714286, L      , -0.8571428571428328 , 2023-04-27 12:15:00, 0.12963443090484464,       0.16775702714325622
TATAMOTORS, 2023-04-28 09:35:00, 330.2 , 331.35            , 327.61249999999995, 2023-04-28 10:05:00, 331.35            , L      , -1.150000000000034  , 2023-04-28 09:30:00, 0.17413688673531463,       0.10665934856493935
TATAMOTORS, 2023-04-28 12:40:00, 334.9 , 335.8             , 332.87499999999994, 2023-04-28 14:20:00, 332.87499999999994, W      , 2.025000000000034   , 2023-04-28 12:35:00, 0.134368468199464  ,       0.20798658526028468
TATAMOTORS, 2023-05-02 09:20:00, 331.15, 332.6928571428571 , 327.6785714285714 , 2023-05-02 09:45:00, 327.6785714285714 , W      , 3.4714285714285893  , 2023-05-02 09:15:00, 0.23295442289855725,       0.13316309555447056
TATAMOTORS, 2023-05-02 11:40:00, 329.45, 330.5285714285714 , 327.0232142857143 , 2023-05-02 12:35:00, 330.5285714285714 , L      , -1.078571428571422  , 2023-05-02 11:35:00, 0.16371758175036766,       0.24058744691960685
TATAMOTORS, 2023-05-02 13:45:00, 330.2 , 331.1285714285714 , 328.1107142857143 , 2023-05-02 14:05:00, 331.1285714285714 , L      , -0.928571428571388  , 2023-05-02 13:40:00, 0.14060742407198853,       0.16616824802712485
TATAMOTORS, 2023-05-02 14:50:00, 330.65, 331.72142857142853, 328.2392857142857 , 2023-05-02 15:00:00, 329.75            , EOD+   , 0.8999999999999773  , 2023-05-02 14:45:00, 0.1620430386310604 ,       0.13635037765284302
TATAMOTORS, 2023-05-03 10:15:00, 330.95, 332.8285714285714 , 326.7232142857143 , 2023-05-03 14:55:00, 332.8285714285714 , L      , -1.8785714285714334 , 2023-05-03 10:10:00, 0.28368641325452026,       0.18856762868930455
TATAMOTORS, 2023-05-04 09:55:00, 332.35, 334.25714285714287, 328.0589285714286 , 2023-05-04 15:00:00, 331.1             , EOD+   , 1.25                , 2023-05-04 09:50:00, 0.2867883995703525 ,       0.17972072101329573
TATAMOTORS, 2023-05-05 13:55:00, 330.15, 331.1428571428571 , 327.9160714285714 , 2023-05-05 14:20:00, 331.1428571428571 , L      , -0.9928571428571331 , 2023-05-05 13:50:00, 0.1503190223856371 ,       0.1505569133765112
TATAMOTORS, 2023-05-08 14:40:00, 342.85, 344.16428571428577, 339.8928571428571 , 2023-05-08 15:00:00, 342.55            , EOD+   , 0.30000000000001137 , 2023-05-08 14:35:00, 0.19167065980541476,       0.2403382908480492
TATAMOTORS, 2023-05-09 12:45:00, 349.05, 350.27857142857147, 346.2857142857143 , 2023-05-09 15:00:00, 347.15            , EOD+   , 1.900000000000034   , 2023-05-09 12:40:00, 0.17598788548509264,       0.270476006677474
TATAMOTORS, 2023-05-10 10:45:00, 348.75, 350.43571428571425, 344.95714285714286, 2023-05-10 14:10:00, 350.43571428571425, L      , -1.6857142857142549 , 2023-05-10 10:40:00, 0.24167946748591818,       0.24095315726391395
TATAMOTORS, 2023-05-11 10:05:00, 350.15, 351.9428571428571 , 346.11607142857144, 2023-05-11 13:10:00, 351.9428571428571 , L      , -1.7928571428571445 , 2023-05-11 10:00:00, 0.2559396349546233 ,       0.18110173980792962
TATAMOTORS, 2023-05-11 14:40:00, 351.8 , 353.05            , 348.9875          , 2023-05-11 15:00:00, 351.25            , EOD+   , 0.5500000000000114  , 2023-05-11 14:35:00, 0.17760727479397675,       0.17896466650405002
TATAMOTORS, 2023-05-12 11:15:00, 354.9 , 357.1714285714285 , 349.7892857142857 , 2023-05-12 14:20:00, 357.1714285714285 , L      , -2.271428571428544  , 2023-05-12 11:10:00, 0.3200096606690009 ,       0.2694227865622732
TATAMOTORS, 2023-05-15 11:20:00, 366.5 , 368.37142857142857, 362.2892857142857 , 2023-05-15 15:00:00, 366.75            , EOD-   , -0.25               , 2023-05-15 11:15:00, 0.25531085558370736,       0.4785582456982569
TATAMOTORS, 2023-05-16 10:55:00, 367.2 , 368.4785714285714 , 364.3232142857143 , 2023-05-16 14:35:00, 364.3232142857143 , W      , 2.8767857142856883  , 2023-05-16 10:50:00, 0.17409741674447315,       0.2277406405763836
TATAMOTORS, 2023-05-17 09:55:00, 360.0 , 362.82142857142856, 353.6517857142858 , 2023-05-17 14:25:00, 353.6517857142858 , W      , 6.348214285714221   , 2023-05-17 09:50:00, 0.3917562581822476 ,       0.2192811765577347
TATAMOTORS, 2023-05-18 09:40:00, 354.25, 356.0285714285714 , 350.2482142857143 , 2023-05-18 14:15:00, 350.2482142857143 , W      , 4.001785714285688   , 2023-05-18 09:35:00, 0.25099794363130495,       0.20663286229767414
TATAMOTORS, 2023-05-19 09:25:00, 349.85, 351.51428571428573, 346.10535714285714, 2023-05-19 10:55:00, 351.51428571428573, L      , -1.664285714285711  , 2023-05-19 09:20:00, 0.23785704077257785,       0.17238367361345447
TATAMOTORS, 2023-05-19 12:40:00, 356.15, 358.02142857142854, 351.93928571428575, 2023-05-19 13:00:00, 358.02142857142854, L      , -1.8714285714285666 , 2023-05-19 12:35:00, 0.26258293411372835,       0.31655700984271745
TATAMOTORS, 2023-05-22 13:45:00, 358.55, 359.70000000000005, 355.9625          , 2023-05-22 14:00:00, 359.70000000000005, L      , -1.150000000000034  , 2023-05-22 13:40:00, 0.16036814949100678,       0.1917302025316549
TATAMOTORS, 2023-05-23 09:30:00, 359.85, 361.1928571428572 , 356.8285714285714 , 2023-05-23 09:45:00, 361.1928571428572 , L      , -1.3428571428571558 , 2023-05-23 09:25:00, 0.18655975866312252,       0.1572210484475854
TATAMOTORS, 2023-05-23 13:05:00, 363.0 , 363.82142857142856, 361.1517857142858 , 2023-05-23 13:45:00, 363.82142857142856, L      , -0.8214285714285552 , 2023-05-23 13:00:00, 0.11317560918001589,       0.22091477435903983
TATAMOTORS, 2023-05-24 11:10:00, 362.3 , 363.6642857142857 , 359.23035714285714, 2023-05-24 13:10:00, 359.23035714285714, W      , 3.069642857142867   , 2023-05-24 11:05:00, 0.1882812191948258 ,       0.18653178350652583
TATAMOTORS, 2023-05-24 13:45:00, 359.5 , 360.8071428571429 , 356.55892857142857, 2023-05-24 15:00:00, 358.0             , EOD+   , 1.5                 , 2023-05-24 13:40:00, 0.18180011921319472,       0.17713304582658748
TATAMOTORS, 2023-05-25 12:00:00, 351.55, 352.5             , 349.4125          , 2023-05-25 14:25:00, 352.5             , L      , -0.9499999999999886 , 2023-05-25 11:55:00, 0.13507749182425546,       0.23442633110412509
TATAMOTORS, 2023-05-26 10:25:00, 354.25, 356.1714285714286 , 349.9267857142857 , 2023-05-26 11:45:00, 356.1714285714286 , L      , -1.921428571428578  , 2023-05-26 10:20:00, 0.27119669321504275,       0.1806953196234288
TATAMOTORS, 2023-05-26 13:15:00, 355.5 , 356.3928571428571 , 353.49107142857144, 2023-05-26 13:35:00, 356.3928571428571 , L      , -0.8928571428571104 , 2023-05-26 13:10:00, 0.12557765722322456,       0.16523619846060017
TATAMOTORS, 2023-05-26 14:55:00, 356.65, 357.7285714285714 , 354.2232142857142 , 2023-05-26 15:00:00, 356.7             , EOD-   , -0.05000000000001137, 2023-05-26 14:50:00, 0.1512086679617898 ,       0.14205082575629618
TATAMOTORS, 2023-05-29 11:45:00, 359.65, 360.43571428571425, 357.8821428571428 , 2023-05-29 11:50:00, 360.43571428571425, L      , -0.7857142857142776 , 2023-05-29 11:40:00, 0.10923318305495423,       0.2038748235130594
TATAMOTORS, 2023-05-29 13:05:00, 359.9 , 360.79999999999995, 357.875           , 2023-05-29 15:00:00, 359.3             , EOD+   , 0.5999999999999659  , 2023-05-29 13:00:00, 0.12503473186996297,       0.17241544448163842
TATAMOTORS, 2023-05-30 10:05:00, 359.1 , 360.5357142857143 , 355.8696428571429 , 2023-05-30 15:00:00, 357.35            , EOD+   , 1.75                , 2023-05-30 10:00:00, 0.19987669298542105,       0.1544882981998804
TATAMOTORS, 2023-05-31 14:50:00, 361.8 , 362.67857142857144, 359.8232142857143 , 2023-05-31 15:00:00, 361.9             , EOD-   , -0.0999999999999659 , 2023-05-31 14:45:00, 0.12141672589433851,       0.15402012505408263
TATAMOTORS, 2023-06-02 10:00:00, 368.2 , 370.74285714285713, 362.47857142857146, 2023-06-02 15:00:00, 368.95            , EOD-   , -0.75               , 2023-06-02 09:55:00, 0.34526234118902055,       0.2132845126158609
TATAMOTORS, 2023-06-05 12:40:00, 375.8 , 377.11428571428576, 372.84285714285716, 2023-06-05 13:35:00, 377.11428571428576, L      , -1.3142857142857451 , 2023-06-05 12:35:00, 0.17491159359671557,       0.22371543798049015
TATAMOTORS, 2023-06-06 14:50:00, 381.35, 382.28571428571433, 379.2446428571429 , 2023-06-06 15:00:00, 381.9             , EOD-   , -0.5499999999999545 , 2023-06-06 14:45:00, 0.12268444810728822,       0.13185695555832294
TATAMOTORS, 2023-06-07 09:45:00, 381.3 , 383.26428571428573, 376.8803571428572 , 2023-06-07 10:20:00, 383.26428571428573, L      , -1.9642857142857224 , 2023-06-07 09:40:00, 0.25754368877483913,       0.13675338749997035
TATAMOTORS, 2023-06-08 14:35:00, 385.95, 388.05            , 381.22499999999997, 2023-06-08 15:00:00, 385.2             , EOD+   , 0.75                , 2023-06-08 14:30:00, 0.2720912153407617 ,       0.2657375612868885
TATAMOTORS, 2023-06-09 10:45:00, 387.85, 389.8142857142857 , 383.43035714285725, 2023-06-09 15:00:00, 386.5             , EOD+   , 1.3500000000000227  , 2023-06-09 10:40:00, 0.25322749958562457,       0.29529084018482826
TATAMOTORS, 2023-06-12 10:15:00, 387.75, 390.1928571428571 , 382.25357142857143, 2023-06-12 15:00:00, 389.45            , EOD-   , -1.6999999999999886 , 2023-06-12 10:10:00, 0.3150447695198796 ,       0.19726289361641386
TATAMOTORS, 2023-06-14 13:30:00, 390.5 , 391.7142857142857 , 387.76785714285717, 2023-06-14 14:00:00, 391.7142857142857 , L      , -1.2142857142857224 , 2023-06-14 13:25:00, 0.15547832449240898,       0.16399814405206287
TATAMOTORS, 2023-06-15 11:45:00, 393.85, 395.2142857142857 , 390.7803571428572 , 2023-06-15 15:00:00, 391.8             , EOD+   , 2.0500000000000114  , 2023-06-15 11:40:00, 0.17319864342842448,       0.1944993117779724
TATAMOTORS, 2023-06-16 09:50:00, 392.05, 393.6642857142857 , 388.41785714285714, 2023-06-16 15:00:00, 392.2             , EOD-   , -0.14999999999997726, 2023-06-16 09:45:00, 0.20587753019840785,       0.15966090291378793
TATAMOTORS, 2023-06-19 10:25:00, 392.8 , 394.6071428571429 , 388.7339285714286 , 2023-06-19 13:30:00, 388.7339285714286 , W      , 4.066071428571433   , 2023-06-19 10:20:00, 0.23003345941227876,       0.1537772671391466
TATAMOTORS, 2023-06-19 14:35:00, 389.8 , 391.3571428571429 , 386.2964285714286 , 2023-06-19 15:00:00, 390.3             , EOD-   , -0.5                , 2023-06-19 14:30:00, 0.1997361284175051 ,       0.18185077045418455
TATAMOTORS, 2023-06-20 09:20:00, 389.65, 390.9785714285714 , 386.6607142857142 , 2023-06-20 12:10:00, 390.9785714285714 , L      , -1.328571428571422  , 2023-06-20 09:15:00, 0.17048266759546238,       0.17418913809757006
TATAMOTORS, 2023-06-20 14:30:00, 399.25, 401.01428571428573, 395.2803571428571 , 2023-06-20 14:55:00, 401.01428571428573, L      , -1.7642857142857338 , 2023-06-20 14:25:00, 0.2209499955273294 ,       0.2519466556477382
TATAMOTORS, 2023-06-21 09:40:00, 400.65, 402.87142857142857, 395.65178571428567, 2023-06-21 11:05:00, 395.65178571428567, W      , 4.998214285714312   , 2023-06-21 09:35:00, 0.27722807580538894,       0.27204004572106155
TATAMOTORS, 2023-06-22 10:50:00, 400.45, 401.84999999999997, 397.3             , 2023-06-22 11:30:00, 397.3             , W      , 3.1499999999999773  , 2023-06-22 10:45:00, 0.17480334623548427,       0.19113050821951424
TATAMOTORS, 2023-06-23 09:20:00, 389.7 , 391.6928571428571 , 385.2160714285714 , 2023-06-23 09:40:00, 385.2160714285714 , W      , 4.483928571428578   , 2023-06-23 09:15:00, 0.25575682018187235,       0.21119189201957522
TATAMOTORS, 2023-06-23 10:40:00, 387.5 , 389.96428571428567, 381.9553571428572 , 2023-06-23 15:00:00, 387.0             , EOD+   , 0.5                 , 2023-06-23 10:35:00, 0.31797235023041054,       0.2631528090533729
TATAMOTORS, 2023-06-26 10:50:00, 387.35, 389.10714285714283, 383.39642857142866, 2023-06-26 14:30:00, 389.10714285714283, L      , -1.75714285714281   , 2023-06-26 10:45:00, 0.22681591030629072,       0.2397344634364647
TATAMOTORS, 2023-06-28 12:20:00, 402.85, 404.24285714285713, 399.71607142857147, 2023-06-28 12:25:00, 404.24285714285713, L      , -1.3928571428571104 , 2023-06-28 12:15:00, 0.17291832934290935,       0.26329505286482313
TATAMOTORS, 2023-06-28 13:35:00, 403.65, 404.87857142857143, 400.8857142857142 , 2023-06-28 14:45:00, 404.87857142857143, L      , -1.2285714285714562 , 2023-06-28 13:30:00, 0.15222047188346727,       0.237003203602299
TATAMOTORS, 2023-06-30 11:50:00, 409.75, 411.1357142857143 , 406.63214285714287, 2023-06-30 13:45:00, 411.1357142857143 , L      , -1.3857142857143003 , 2023-06-30 11:45:00, 0.16911328846891335,       0.2504407067815309
TATAMOTORS, 2023-06-30 14:40:00, 410.15, 411.5642857142857 , 406.96785714285716, 2023-06-30 15:00:00, 410.75            , EOD-   , -0.6000000000000227 , 2023-06-30 14:35:00, 0.17234775947912637,       0.14146160329421184
TATAMOTORS, 2023-07-03 09:55:00, 410.4 , 412.8428571428571 , 404.9035714285714 , 2023-07-03 15:00:00, 407.1             , EOD+   , 3.2999999999999545  , 2023-07-03 09:50:00, 0.29761904761904606,       0.1655625750440876
TATAMOTORS, 2023-07-04 10:00:00, 407.65, 409.77142857142854, 402.87678571428575, 2023-07-04 10:05:00, 409.77142857142854, L      , -2.1214285714285666 , 2023-07-04 09:55:00, 0.2602022042718703 ,       0.1782667857124048
TATAMOTORS, 2023-07-04 13:40:00, 407.75, 408.8642857142857 , 405.2428571428572 , 2023-07-04 15:00:00, 407.35            , EOD+   , 0.39999999999997726 , 2023-07-04 13:35:00, 0.13665510354251897,       0.16027658371888992
TATAMOTORS, 2023-07-05 09:30:00, 407.3 , 408.8             , 403.92499999999995, 2023-07-05 11:15:00, 403.92499999999995, W      , 3.375000000000057   , 2023-07-05 09:25:00, 0.18418467583497253,       0.14009979452793375
TATAMOTORS, 2023-07-05 12:30:00, 404.3 , 405.7142857142857 , 401.11785714285713, 2023-07-05 13:45:00, 405.7142857142857 , L      , -1.414285714285711  , 2023-07-05 12:25:00, 0.17490548037172093,       0.1741678286406745
TATAMOTORS, 2023-07-06 12:25:00, 409.6 , 410.8642857142857 , 406.7553571428572 , 2023-07-06 14:10:00, 410.8642857142857 , L      , -1.264285714285677  , 2023-07-06 12:20:00, 0.15433175223214127,       0.23578352786161072
TATAMOTORS, 2023-07-07 09:40:00, 413.95, 416.27142857142854, 408.7267857142857 , 2023-07-07 10:45:00, 408.7267857142857 , W      , 5.223214285714278   , 2023-07-07 09:35:00, 0.28036576949620523,       0.22133092193390586
TATAMOTORS, 2023-07-07 13:20:00, 408.7 , 409.73571428571427, 406.3696428571429 , 2023-07-07 14:10:00, 409.73571428571427, L      , -1.0357142857142776 , 2023-07-07 13:15:00, 0.1267083784822928 ,       0.2029599586489684
TATAMOTORS, 2023-07-10 14:05:00, 428.65, 430.8             , 423.81249999999994, 2023-07-10 15:00:00, 426.75            , EOD+   , 1.8999999999999773  , 2023-07-10 14:00:00, 0.25078735565146504,       0.294906848144311
TATAMOTORS, 2023-07-11 12:20:00, 429.95, 430.8857142857143 , 427.8446428571428 , 2023-07-11 13:10:00, 430.8857142857143 , L      , -0.9357142857143117 , 2023-07-11 12:15:00, 0.10881663980861771,       0.2322756978080819
TATAMOTORS, 2023-07-11 14:35:00, 430.3 , 431.42857142857144, 427.7607142857143 , 2023-07-11 14:50:00, 431.42857142857144, L      , -1.1285714285714334 , 2023-07-11 14:30:00, 0.1311377444307954 ,       0.12468407903467807
TATAMOTORS, 2023-07-12 12:50:00, 429.5 , 430.3357142857143 , 427.6196428571428 , 2023-07-12 15:00:00, 428.85            , EOD+   , 0.6499999999999773  , 2023-07-12 12:45:00, 0.09728920671877636,       0.19424627680282186
TATAMOTORS, 2023-07-13 11:30:00, 430.2 , 431.5             , 427.27500000000003, 2023-07-13 13:50:00, 427.27500000000003, W      , 2.9249999999999545  , 2023-07-13 11:25:00, 0.15109251510925   ,       0.1984097435640973
TATAMOTORS, 2023-07-14 13:45:00, 427.35, 428.2928571428572 , 425.2285714285714 , 2023-07-14 14:15:00, 428.2928571428572 , L      , -0.9428571428571786 , 2023-07-14 13:40:00, 0.11031439602868308,       0.1378248600083928
TATAMOTORS, 2023-07-17 11:10:00, 427.75, 429.3142857142857 , 424.23035714285714, 2023-07-17 15:00:00, 426.15            , EOD+   , 1.6000000000000227  , 2023-07-17 11:05:00, 0.1828504633881595 ,       0.18870393379948228
TATAMOTORS, 2023-07-18 12:20:00, 420.0 , 421.5785714285714 , 416.44821428571424, 2023-07-18 13:20:00, 421.5785714285714 , L      , -1.578571428571422  , 2023-07-18 12:15:00, 0.18788043663073534,       0.2585511091086801
TATAMOTORS, 2023-07-19 11:35:00, 422.2 , 423.7142857142857 , 418.79285714285714, 2023-07-19 11:35:00, 423.7142857142857 , L      , -1.5142857142857338 , 2023-07-19 11:30:00, 0.17933274683630004,       0.20917375108537795
TATAMOTORS, 2023-07-19 14:05:00, 427.75, 429.25            , 424.37499999999994, 2023-07-19 15:00:00, 427.75            , EOD-   , 0.0                 , 2023-07-19 14:00:00, 0.17533606078316963,       0.24618142712298513
TATAMOTORS, 2023-07-20 09:40:00, 427.1 , 428.9142857142857 , 423.01785714285717, 2023-07-20 12:45:00, 428.9142857142857 , L      , -1.8142857142856883 , 2023-07-20 09:35:00, 0.2123710305847717 ,       0.20378040184488017
TATAMOTORS, 2023-07-20 13:40:00, 426.4 , 428.3357142857143 , 422.04464285714283, 2023-07-20 14:25:00, 428.3357142857143 , L      , -1.9357142857143117 , 2023-07-20 13:35:00, 0.2270100018428858 ,       0.18383722638921998
TATAMOTORS, 2023-07-20 15:00:00, 427.4 , 428.95            , 423.91249999999997, 2023-07-20 15:00:00, 427.4             , EOD-   , 0.0                 , 2023-07-20 14:55:00, 0.181328965839962  ,       0.18499249987041438
TATAMOTORS, 2023-07-21 13:45:00, 433.05, 434.5             , 429.7875          , 2023-07-21 14:55:00, 429.7875          , W      , 3.2624999999999886  , 2023-07-21 13:40:00, 0.1673978296005547 ,       0.21771247401365956
TATAMOTORS, 2023-07-24 12:45:00, 433.05, 434.7428571428572 , 429.2410714285714 , 2023-07-24 13:20:00, 434.7428571428572 , L      , -1.6928571428571786 , 2023-07-24 12:40:00, 0.1954574694443083 ,       0.2395975016685324
TATAMOTORS, 2023-07-24 14:40:00, 434.25, 436.3571428571429 , 429.50892857142856, 2023-07-24 15:00:00, 433.55            , EOD+   , 0.6999999999999886  , 2023-07-24 14:35:00, 0.2426186364010217 ,       0.21247677842785456
TATAMOTORS, 2023-07-25 10:50:00, 439.15, 441.1928571428571 , 434.5535714285714 , 2023-07-25 12:20:00, 441.1928571428571 , L      , -2.0428571428571445 , 2023-07-25 10:45:00, 0.2326716563618625 ,       0.29013365511154227
TATAMOTORS, 2023-07-25 13:30:00, 440.55, 442.34285714285716, 436.5160714285714 , 2023-07-25 15:00:00, 440.2             , EOD+   , 0.35000000000002274 , 2023-07-25 13:25:00, 0.20343323985670633,       0.20441498533582764
TATAMOTORS, 2023-07-26 10:30:00, 446.25, 451.0             , 435.5625          , 2023-07-26 15:00:00, 443.6             , EOD+   , 2.6499999999999773  , 2023-07-26 10:25:00, 0.5322128851540616 ,       0.3660161739197948
TATAMOTORS, 2023-07-27 09:25:00, 443.9 , 446.82142857142856, 437.3267857142857 , 2023-07-27 15:00:00, 439.7             , EOD+   , 4.199999999999989   , 2023-07-27 09:20:00, 0.3290638174621061 ,       0.18666369537747557
TATAMOTORS, 2023-07-28 09:30:00, 440.55, 443.78571428571433, 433.26964285714286, 2023-07-28 15:00:00, 437.15            , EOD+   , 3.400000000000034   , 2023-07-28 09:25:00, 0.36727744446246297,       0.20742473330991626
TATAMOTORS, 2023-07-31 13:15:00, 442.9 , 444.12142857142857, 440.15178571428567, 2023-07-31 15:00:00, 442.9             , EOD-   , 0.0                 , 2023-07-31 13:10:00, 0.13793659756392695,       0.18295246594887216
TATAMOTORS, 2023-08-01 11:00:00, 446.85, 448.3357142857143 , 443.50714285714287, 2023-08-01 15:00:00, 444.7             , EOD+   , 2.150000000000034   , 2023-08-01 10:55:00, 0.16626167029031808,       0.19099936152653596
TATAMOTORS, 2023-08-02 12:40:00, 432.95, 434.60714285714283, 429.22142857142853, 2023-08-02 13:20:00, 429.22142857142853, W      , 3.728571428571456   , 2023-08-02 12:35:00, 0.19135598812273213,       0.24861791340048583
TATAMOTORS, 2023-08-03 10:15:00, 428.1 , 431.16428571428577, 421.2053571428571 , 2023-08-03 11:00:00, 431.16428571428577, L      , -3.064285714285745  , 2023-08-03 10:10:00, 0.35793548817728504,       0.3075427404038699
TATAMOTORS, 2023-08-07 09:25:00, 423.65, 425.4214285714285 , 419.6642857142857 , 2023-08-07 14:10:00, 419.6642857142857 , W      , 3.9857142857142662  , 2023-08-07 09:20:00, 0.20911681872607346,       0.20987472012551991
TATAMOTORS, 2023-08-07 14:30:00, 420.4 , 421.4571428571428 , 418.0214285714286 , 2023-08-07 15:00:00, 419.5             , EOD+   , 0.8999999999999773  , 2023-08-07 14:25:00, 0.12576051119948006,       0.15606463062837622
TATAMOTORS, 2023-08-08 14:10:00, 418.55, 419.65000000000003, 416.07499999999993, 2023-08-08 15:00:00, 417.7             , EOD+   , 0.8500000000000227  , 2023-08-08 14:05:00, 0.1314060446780589 ,       0.15794573890157054
TATAMOTORS, 2023-08-10 09:25:00, 426.6 , 428.86428571428576, 421.5053571428571 , 2023-08-10 12:25:00, 421.5053571428571 , W      , 5.094642857142901   , 2023-08-10 09:20:00, 0.26538744893175403,       0.2301385424513715
TATAMOTORS, 2023-08-10 14:10:00, 425.55, 430.86428571428576, 413.5928571428571 , 2023-08-10 15:00:00, 424.9             , EOD+   , 0.6500000000000341  , 2023-08-10 14:05:00, 0.6243286788399588 ,       0.2773239208617949
TATAMOTORS, 2023-08-11 10:35:00, 427.4 , 429.37142857142857, 422.96428571428567, 2023-08-11 14:10:00, 422.96428571428567, W      , 4.435714285714312   , 2023-08-11 10:30:00, 0.23065737351451845,       0.3553605137831378
TATAMOTORS, 2023-08-16 10:10:00, 416.15, 419.0785714285714 , 409.56071428571425, 2023-08-16 12:45:00, 419.0785714285714 , L      , -2.928571428571445  , 2023-08-16 10:05:00, 0.35194945662437455,       0.2160079181758215
TATAMOTORS, 2023-08-17 09:50:00, 423.85, 427.2857142857143 , 416.1196428571429 , 2023-08-17 15:00:00, 421.55            , EOD+   , 2.3000000000000114  , 2023-08-17 09:45:00, 0.4053940160134843 ,       0.29876196140210637
TATAMOTORS, 2023-08-18 10:25:00, 423.1 , 425.2857142857143 , 418.18214285714294, 2023-08-18 13:30:00, 425.2857142857143 , L      , -2.185714285714255  , 2023-08-18 10:20:00, 0.25826707854357456,       0.2082880801694323
TATAMOTORS, 2023-08-22 10:30:00, 428.8 , 430.49285714285713, 424.99107142857144, 2023-08-22 15:00:00, 427.65            , EOD+   , 1.150000000000034   , 2023-08-22 10:25:00, 0.19746379830364377,       0.1758576665240147
TATAMOTORS, 2023-08-23 12:15:00, 423.3 , 423.9357142857143 , 421.8696428571429 , 2023-08-23 14:35:00, 423.9357142857143 , L      , -0.6357142857143003 , 2023-08-23 12:10:00, 0.07509027707468414,       0.18326318680727774
TATAMOTORS, 2023-08-24 13:50:00, 422.5 , 423.3357142857143 , 420.6196428571428 , 2023-08-24 14:40:00, 420.6196428571428 , W      , 1.8803571428571786  , 2023-08-24 13:45:00, 0.09888939601399704,       0.13521080673498703
TATAMOTORS, 2023-08-25 15:00:00, 417.35, 422.42857142857144, 405.92321428571427, 2023-08-25 15:00:00, 417.35            , EOD-   , 0.0                 , 2023-08-25 14:55:00, 0.6085765642386385 ,       0.25749303186783057
TATAMOTORS, 2023-08-28 14:10:00, 416.3 , 417.1357142857143 , 414.4196428571429 , 2023-08-28 15:00:00, 415.8             , EOD+   , 0.5                 , 2023-08-28 14:05:00, 0.10037404344394535,       0.1259195121530654
TATAMOTORS, 2023-08-29 11:25:00, 417.5 , 418.6928571428572 , 414.8160714285714 , 2023-08-29 11:30:00, 418.6928571428572 , L      , -1.1928571428571786 , 2023-08-29 11:20:00, 0.14292561021533218,       0.17200303587392662
TATAMOTORS, 2023-08-29 13:20:00, 419.2 , 420.4642857142857 , 416.35535714285714, 2023-08-29 15:00:00, 417.2             , EOD+   , 2.0                 , 2023-08-29 13:15:00, 0.1507974372955293 ,       0.1718997077315755
TATAMOTORS, 2023-08-30 10:55:00, 420.45, 421.5428571428571 , 417.9910714285715 , 2023-08-30 14:35:00, 417.9910714285715 , W      , 2.458928571428487   , 2023-08-30 10:50:00, 0.1299627949645755 ,       0.18152409695345623
TATAMOTORS, 2023-08-31 10:15:00, 417.15, 418.9             , 413.2125          , 2023-08-31 11:35:00, 418.9             , L      , -1.75               , 2023-08-31 10:10:00, 0.20975668224859065,       0.13624170917309117
TATAMOTORS, 2023-08-31 12:20:00, 417.6 , 418.86428571428576, 414.7553571428572 , 2023-08-31 15:00:00, 416.6             , EOD+   , 1.0                 , 2023-08-31 12:15:00, 0.1514114627887087 ,       0.16456940810056553
TATAMOTORS, 2023-09-01 12:35:00, 420.6 , 422.40000000000003, 416.55            , 2023-09-01 15:00:00, 420.85            , EOD-   , -0.25               , 2023-09-01 12:30:00, 0.2140054690286543 ,       0.2330620930692986
TATAMOTORS, 2023-09-04 11:20:00, 419.0 , 420.23571428571427, 416.21964285714284, 2023-09-04 13:55:00, 420.23571428571427, L      , -1.2357142857142662 , 2023-09-04 11:15:00, 0.1474599386293903 ,       0.20815005964611255
TATAMOTORS, 2023-09-04 14:35:00, 419.3 , 420.43571428571425, 416.74464285714294, 2023-09-04 15:00:00, 419.55            , EOD-   , -0.25               , 2023-09-04 14:30:00, 0.13542979796258858,       0.12431015041024515
TATAMOTORS, 2023-09-05 12:15:00, 422.3 , 424.32142857142856, 417.75178571428575, 2023-09-05 15:00:00, 420.5             , EOD+   , 1.8000000000000114  , 2023-09-05 12:10:00, 0.23933561110923043,       0.1683107063465788
TATAMOTORS, 2023-09-06 11:10:00, 418.6 , 419.72857142857146, 416.06071428571425, 2023-09-06 14:40:00, 419.72857142857146, L      , -1.1285714285714334 , 2023-09-06 11:05:00, 0.13480308511364567,       0.17569260784375715
TATAMOTORS, 2023-09-07 09:40:00, 419.7 , 421.09999999999997, 416.55            , 2023-09-07 09:45:00, 421.09999999999997, L      , -1.3999999999999773 , 2023-09-07 09:35:00, 0.16680567139282565,       0.13015491657682768
TATAMOTORS, 2023-09-07 11:45:00, 421.85, 423.1071428571429 , 419.0214285714286 , 2023-09-07 12:35:00, 423.1071428571429 , L      , -1.2571428571428669 , 2023-09-07 11:40:00, 0.1490035388340475 ,       0.17079487404243573
TATAMOTORS, 2023-09-08 13:10:00, 430.4 , 431.9785714285714 , 426.8482142857143 , 2023-09-08 14:20:00, 431.9785714285714 , L      , -1.578571428571422  , 2023-09-08 13:05:00, 0.1834055337018034 ,       0.2286928717317836
TATAMOTORS, 2023-09-08 14:45:00, 429.75, 431.32142857142856, 426.2142857142857 , 2023-09-08 14:50:00, 431.32142857142856, L      , -1.5714285714285552 , 2023-09-08 14:40:00, 0.18283054932269688,       0.19881421582909953
TATAMOTORS, 2023-09-11 11:40:00, 435.9 , 436.87142857142857, 433.71428571428567, 2023-09-11 14:15:00, 436.87142857142857, L      , -0.9714285714285893 , 2023-09-11 11:35:00, 0.11142791597024333,       0.24179614676449077
TATAMOTORS, 2023-09-12 15:00:00, 428.4 , 430.54999999999995, 423.5625          , 2023-09-12 15:00:00, 428.4             , EOD-   , 0.0                 , 2023-09-12 14:55:00, 0.25093370681605803,       0.35921329657900375
TATAMOTORS, 2023-09-13 12:40:00, 430.55, 431.95            , 427.40000000000003, 2023-09-13 13:00:00, 431.95            , L      , -1.3999999999999773 , 2023-09-13 12:35:00, 0.1626016260162594 ,       0.2442850850468444
TATAMOTORS, 2023-09-13 13:30:00, 430.4 , 431.9214285714286 , 426.97678571428565, 2023-09-13 14:20:00, 431.9214285714286 , L      , -1.5214285714286007 , 2023-09-13 13:25:00, 0.1767458842272984 ,       0.2071593126186316
TATAMOTORS, 2023-09-14 12:10:00, 431.95, 433.40000000000003, 428.68749999999994, 2023-09-14 15:00:00, 430.7             , EOD+   , 1.25                , 2023-09-14 12:05:00, 0.16784350040514193,       0.19997146113031344
TATAMOTORS, 2023-09-18 11:40:00, 440.65, 441.98571428571427, 437.6446428571428 , 2023-09-18 12:20:00, 441.98571428571427, L      , -1.335714285714289  , 2023-09-18 11:35:00, 0.1515102411200437 ,       0.19489439611205933
TATAMOTORS, 2023-09-18 14:35:00, 442.5 , 443.6142857142857 , 439.9928571428572 , 2023-09-18 15:00:00, 441.75            , EOD+   , 0.75                , 2023-09-18 14:30:00, 0.12589376503058222,       0.13732838563215188
TATAMOTORS, 2023-09-20 10:55:00, 443.7 , 445.65            , 439.31250000000006, 2023-09-20 15:00:00, 440.35            , EOD+   , 3.349999999999966   , 2023-09-20 10:50:00, 0.21974306964164755,       0.20132363247469867
TATAMOTORS, 2023-09-21 09:20:00, 439.0 , 440.9142857142857 , 434.6928571428571 , 2023-09-21 10:45:00, 434.6928571428571 , W      , 4.307142857142878   , 2023-09-21 09:15:00, 0.21795351409378566,       0.12776852692667176
TATAMOTORS, 2023-09-21 11:50:00, 434.8 , 436.90000000000003, 430.075           , 2023-09-21 13:35:00, 430.075           , W      , 4.725000000000023   , 2023-09-21 11:45:00, 0.24149034038638525,       0.25103122611287915
TATAMOTORS, 2023-09-22 10:00:00, 431.3 , 433.8071428571429 , 425.65892857142853, 2023-09-22 15:00:00, 428.45            , EOD+   , 2.8500000000000227  , 2023-09-22 09:55:00, 0.29061584063323   ,       0.2152365446200155
TATAMOTORS, 2023-09-25 09:25:00, 428.2 , 430.51428571428573, 422.99285714285713, 2023-09-25 15:00:00, 426.8             , EOD+   , 1.3999999999999773  , 2023-09-25 09:20:00, 0.2702973270597665 ,       0.14576828805112496
TATAMOTORS, 2023-09-26 12:10:00, 429.1 , 430.11428571428576, 426.8178571428572 , 2023-09-26 15:00:00, 427.6             , EOD+   , 1.5                 , 2023-09-26 12:05:00, 0.11817379870508186,       0.17632805048713845
TATAMOTORS, 2023-09-27 10:15:00, 426.25, 428.15            , 421.975           , 2023-09-27 15:00:00, 426.1             , EOD+   , 0.14999999999997726 , 2023-09-27 10:10:00, 0.2228216254251194 ,       0.14684621834186973
TATAMOTORS, 2023-09-28 12:15:00, 427.2 , 428.2642857142857 , 424.8053571428572 , 2023-09-28 13:15:00, 424.8053571428572 , W      , 2.3946428571427987  , 2023-09-28 12:10:00, 0.12456527554841762,       0.16186689825379288
TATAMOTORS, 2023-09-29 12:45:00, 433.35, 434.6714285714286 , 430.37678571428575, 2023-09-29 13:15:00, 434.6714285714286 , L      , -1.3214285714285552 , 2023-09-29 12:40:00, 0.15250185475228847,       0.23308636861952753
TATAMOTORS, 2023-09-29 14:55:00, 434.55, 435.67857142857144, 432.01071428571424, 2023-09-29 15:00:00, 435.05            , EOD-   , -0.5                , 2023-09-29 14:50:00, 0.1298551868106595 ,       0.14966882637687345
TATAMOTORS, 2023-10-03 11:30:00, 427.75, 429.26428571428573, 424.34285714285716, 2023-10-03 15:00:00, 426.9             , EOD+   , 0.8500000000000227  , 2023-10-03 11:25:00, 0.1770680208472532 ,       0.21551821377809405
TATAMOTORS, 2023-10-04 10:30:00, 424.4 , 426.48571428571427, 419.7071428571428 , 2023-10-04 13:00:00, 419.7071428571428 , W      , 4.692857142857179   , 2023-10-04 10:25:00, 0.24569611093347732,       0.17049320997712797
TATAMOTORS, 2023-10-04 13:25:00, 421.15, 423.0285714285714 , 416.92321428571427, 2023-10-04 15:00:00, 421.85            , EOD-   , -0.7000000000000455 , 2023-10-04 13:20:00, 0.2229493743854053 ,       0.1822651174503086
TATAMOTORS, 2023-10-05 10:25:00, 424.45, 426.6             , 419.61249999999995, 2023-10-05 13:30:00, 426.6             , L      , -2.150000000000034  , 2023-10-05 10:20:00, 0.25335847277869544,       0.2032336476083895
TATAMOTORS, 2023-10-09 10:05:00, 426.85, 429.55            , 420.77500000000003, 2023-10-09 15:00:00, 425.55            , EOD+   , 1.3000000000000114  , 2023-10-09 10:00:00, 0.31627035258287517,       0.14942337517725535
TATAMOTORS, 2023-10-10 10:45:00, 431.3 , 433.05            , 427.36249999999995, 2023-10-10 12:00:00, 433.05            , L      , -1.75               , 2023-10-10 10:40:00, 0.2028515126927108 ,       0.21439489008386578
TATAMOTORS, 2023-10-10 13:40:00, 433.15, 434.1428571428571 , 430.9160714285714 , 2023-10-10 14:45:00, 434.1428571428571 , L      , -0.9928571428571331 , 2023-10-10 13:35:00, 0.11458247465171947,       0.155966080222
TATAMOTORS, 2023-10-11 11:50:00, 437.2 , 438.20714285714286, 434.9339285714285 , 2023-10-11 13:10:00, 438.20714285714286, L      , -1.0071428571428669 , 2023-10-11 11:45:00, 0.11518102208861698,       0.16374185661773688
TATAMOTORS, 2023-10-11 13:40:00, 436.9 , 437.9             , 434.65            , 2023-10-11 15:00:00, 437.0             , EOD-   , -0.10000000000002274, 2023-10-11 13:35:00, 0.11444266422522223,       0.1261260514388905
TATAMOTORS, 2023-10-12 11:40:00, 439.45, 440.25            , 437.65            , 2023-10-12 14:10:00, 437.65            , W      , 1.8000000000000114  , 2023-10-12 11:35:00, 0.09102286949596124,       0.14612290768359
TATAMOTORS, 2023-10-13 11:00:00, 439.45, 440.7642857142857 , 436.4928571428572 , 2023-10-13 12:55:00, 440.7642857142857 , L      , -1.3142857142856883 , 2023-10-13 10:55:00, 0.14953757131479084,       0.1376016438035388
TATAMOTORS, 2023-10-16 09:25:00, 458.25, 461.45714285714286, 451.03392857142853, 2023-10-16 09:25:00, 461.45714285714286, L      , -3.2071428571428555 , 2023-10-16 09:20:00, 0.349895576821173  ,       0.3069332583797854
TATAMOTORS, 2023-10-16 12:20:00, 459.9 , 461.52142857142854, 456.25178571428575, 2023-10-16 15:00:00, 459.55            , EOD+   , 0.3499999999999659  , 2023-10-16 12:15:00, 0.17628055788525315,       0.3392276733041967
TATAMOTORS, 2023-10-17 09:50:00, 458.45, 460.7642857142857 , 453.24285714285713, 2023-10-17 13:40:00, 453.24285714285713, W      , 5.2071428571428555  , 2023-10-17 09:45:00, 0.25240328435878556,       0.16982677042422845
TATAMOTORS, 2023-10-18 10:55:00, 455.25, 456.99285714285713, 451.3285714285714 , 2023-10-18 11:00:00, 456.99285714285713, L      , -1.7428571428571331 , 2023-10-18 10:50:00, 0.19141758845218376,       0.2103495617149153
TATAMOTORS, 2023-10-18 11:55:00, 455.85, 457.67142857142863, 451.7517857142857 , 2023-10-18 13:55:00, 457.67142857142863, L      , -1.821428571428612  , 2023-10-18 11:50:00, 0.19978376345602583,       0.21673685011238283
TATAMOTORS, 2023-10-20 10:25:00, 460.55, 464.15            , 452.45000000000005, 2023-10-20 15:00:00, 459.2             , EOD+   , 1.3500000000000227  , 2023-10-20 10:20:00, 0.3908370426663761 ,       0.2507002686499031
TATAMOTORS, 2023-10-23 09:30:00, 456.8 , 459.6             , 450.5             , 2023-10-23 10:45:00, 450.5             , W      , 6.300000000000011   , 2023-10-23 09:25:00, 0.30647985989492155,       0.22252087342880475
TATAMOTORS, 2023-10-23 12:05:00, 450.3 , 452.4142857142857 , 445.54285714285714, 2023-10-23 15:00:00, 448.1             , EOD+   , 2.1999999999999886  , 2023-10-23 12:00:00, 0.23476412550363177,       0.27991948625658664
TATAMOTORS, 2023-10-25 09:20:00, 447.05, 450.00000000000006, 440.41249999999997, 2023-10-25 12:50:00, 440.41249999999997, W      , 6.6375000000000455  , 2023-10-25 09:15:00, 0.3299407225142625 ,       0.2101694794274349
TATAMOTORS, 2023-10-26 12:50:00, 432.4 , 434.35714285714283, 427.99642857142857, 2023-10-26 15:00:00, 431.85            , EOD+   , 0.5499999999999545  , 2023-10-26 12:45:00, 0.22631161622835794,       0.2735047955069847
TATAMOTORS, 2023-10-27 13:30:00, 434.6 , 436.29285714285714, 430.7910714285715 , 2023-10-27 13:45:00, 436.29285714285714, L      , -1.6928571428571217 , 2023-10-27 13:25:00, 0.19478278021598455,       0.22131194953376956
TATAMOTORS, 2023-10-31 11:10:00, 435.5 , 437.0785714285714 , 431.9482142857143 , 2023-10-31 15:00:00, 433.7             , EOD+   , 1.8000000000000114  , 2023-10-31 11:05:00, 0.18125748404770126,       0.24911547873156437
TATAMOTORS, 2023-11-01 10:00:00, 433.8 , 436.1642857142857 , 428.48035714285714, 2023-11-01 13:40:00, 436.1642857142857 , L      , -2.3642857142856997 , 2023-11-01 09:55:00, 0.2725087268655745 ,       0.18598812421550634
TATAMOTORS, 2023-11-02 10:55:00, 434.2 , 435.6142857142857 , 431.01785714285717, 2023-11-02 11:05:00, 435.6142857142857 , L      , -1.414285714285711  , 2023-11-02 10:50:00, 0.16287984732070654,       0.2390973132424239
TATAMOTORS, 2023-11-03 11:40:00, 448.95, 450.55            , 445.34999999999997, 2023-11-03 15:00:00, 447.3             , EOD+   , 1.6499999999999773  , 2023-11-03 11:35:00, 0.1781935627575461 ,       0.3673395708138187
TATAMOTORS, 2023-11-07 10:00:00, 445.45, 447.34999999999997, 441.175           , 2023-11-07 10:45:00, 447.34999999999997, L      , -1.8999999999999773 , 2023-11-07 09:55:00, 0.21326748232124837,       0.15650561501526553
TATAMOTORS, 2023-11-07 13:30:00, 444.55, 445.32142857142856, 442.81428571428575, 2023-11-07 13:35:00, 445.32142857142856, L      , -0.7714285714285438 , 2023-11-07 13:25:00, 0.0867651075726645 ,       0.13726209308279683
TATAMOTORS, 2023-11-07 14:20:00, 444.65, 445.6428571428571 , 442.4160714285714 , 2023-11-07 15:00:00, 444.45            , EOD+   , 0.19999999999998863 , 2023-11-07 14:15:00, 0.11164479285473308,       0.11734472023364022
TATAMOTORS, 2023-11-08 10:35:00, 445.45, 446.7785714285714 , 442.4607142857143 , 2023-11-08 14:55:00, 442.4607142857143 , W      , 2.9892857142856997  , 2023-11-08 10:30:00, 0.1490766863298274 ,       0.1412234140601818
TATAMOTORS, 2023-11-09 12:30:00, 448.7 , 449.7             , 446.45            , 2023-11-09 14:20:00, 446.45            , W      , 2.25                , 2023-11-09 12:25:00, 0.11144544745347153,       0.19675093622511314
TATAMOTORS, 2023-11-10 10:40:00, 445.3 , 447.1642857142857 , 441.1053571428572 , 2023-11-10 11:40:00, 447.1642857142857 , L      , -1.8642857142856997 , 2023-11-10 10:35:00, 0.20932918417759933,       0.20638985781680236
TATAMOTORS, 2023-11-10 13:05:00, 447.25, 448.74285714285713, 443.8910714285714 , 2023-11-10 15:00:00, 447.2             , EOD+   , 0.05000000000001137 , 2023-11-10 13:00:00, 0.16689291703266063,       0.19054153883923677
TATAMOTORS, 2023-11-13 10:55:00, 448.1 , 449.52857142857147, 444.8857142857143 , 2023-11-13 13:25:00, 449.52857142857147, L      , -1.4285714285714448 , 2023-11-13 10:50:00, 0.15938540985958147,       0.16461196498794986
TATAMOTORS, 2023-11-15 11:55:00, 454.4 , 455.37142857142857, 452.2142857142856 , 2023-11-15 12:35:00, 455.37142857142857, L      , -0.9714285714285893 , 2023-11-15 11:50:00, 0.10691487689066667,       0.15122068967368132
TATAMOTORS, 2023-11-16 11:55:00, 469.7 , 471.48571428571427, 465.6821428571428 , 2023-11-16 15:00:00, 471.0             , EOD-   , -1.3000000000000114 , 2023-11-16 11:50:00, 0.1900909395054603 ,       0.24753077422728156
TATAMOTORS, 2023-11-17 11:05:00, 472.1 , 473.47857142857146, 468.9982142857143 , 2023-11-17 15:00:00, 469.2             , EOD+   , 2.900000000000034   , 2023-11-17 11:00:00, 0.14600417587073009,       0.19749623181362183
TATAMOTORS, 2023-11-20 09:45:00, 468.85, 471.5357142857143 , 462.80714285714294, 2023-11-20 11:10:00, 462.80714285714294, W      , 6.042857142857088   , 2023-11-20 09:40:00, 0.2863845474210133 ,       0.15090827101028598
TATAMOTORS, 2023-11-20 12:00:00, 464.5 , 466.88571428571424, 459.1321428571429 , 2023-11-20 15:00:00, 464.4             , EOD+   , 0.10000000000002274 , 2023-11-20 11:55:00, 0.2567769116041619 ,       0.2226906007985056
TATAMOTORS, 2023-11-21 11:00:00, 466.05, 467.40000000000003, 463.0125          , 2023-11-21 12:20:00, 467.40000000000003, L      , -1.3500000000000227 , 2023-11-21 10:55:00, 0.14484978540772686,       0.16875752679415962
TATAMOTORS, 2023-11-22 10:10:00, 470.15, 472.29285714285714, 465.3285714285714 , 2023-11-22 15:00:00, 468.6             , EOD+   , 1.5499999999999545  , 2023-11-22 10:05:00, 0.22786656134167832,       0.17012331573978362
TATAMOTORS, 2023-11-23 10:05:00, 468.85, 470.81428571428575, 464.4303571428572 , 2023-11-23 15:00:00, 468.2             , EOD+   , 0.6500000000000341  , 2023-11-23 10:00:00, 0.20947912064473778,       0.172113336647138
TATAMOTORS, 2023-11-24 11:00:00, 463.85, 465.49285714285713, 460.15357142857147, 2023-11-24 13:00:00, 465.49285714285713, L      , -1.6428571428571104 , 2023-11-24 10:55:00, 0.1770701813814545 ,       0.1812785549268635
TATAMOTORS, 2023-11-24 13:20:00, 464.3 , 465.58571428571435, 461.4071428571428 , 2023-11-24 15:00:00, 464.15            , EOD+   , 0.1500000000000341  , 2023-11-24 13:15:00, 0.13842746400886197,       0.17402802052521615
TATAMOTORS, 2023-11-29 10:20:00, 480.35, 483.6642857142857 , 472.89285714285717, 2023-11-29 13:20:00, 483.6642857142857 , L      , -3.3142857142856883 , 2023-11-29 10:15:00, 0.3450583773332332 ,       0.19951922468998187
TATAMOTORS, 2023-11-30 09:50:00, 489.55, 493.15            , 481.45000000000005, 2023-11-30 10:10:00, 481.45000000000005, W      , 8.099999999999966   , 2023-11-30 09:45:00, 0.36772216547497266,       0.23226459092165802
TATAMOTORS, 2023-12-01 09:25:00, 485.15, 487.74285714285713, 479.3160714285714 , 2023-12-01 11:10:00, 487.74285714285713, L      , -2.592857142857156  , 2023-12-01 09:20:00, 0.26708458414268194,       0.19633102915123266
TATAMOTORS, 2023-12-01 13:35:00, 485.4 , 486.7642857142857 , 482.3303571428571 , 2023-12-01 14:00:00, 486.7642857142857 , L      , -1.3642857142856997 , 2023-12-01 13:30:00, 0.140561066792265  ,       0.1855180129249978
TATAMOTORS, 2023-12-04 11:40:00, 486.95, 488.3285714285714 , 483.8482142857143 , 2023-12-04 13:40:00, 488.3285714285714 , L      , -1.3785714285714334 , 2023-12-04 11:35:00, 0.14155164067886164,       0.21958076625702075
TATAMOTORS, 2023-12-04 14:05:00, 487.05, 488.35            , 484.125           , 2023-12-04 15:00:00, 486.1             , EOD+   , 0.9499999999999886  , 2023-12-04 14:00:00, 0.1334565239708444 ,       0.12856359410755538
TATAMOTORS, 2023-12-05 10:35:00, 488.75, 491.0785714285714 , 483.51071428571424, 2023-12-05 14:35:00, 491.0785714285714 , L      , -2.328571428571422  , 2023-12-05 10:30:00, 0.23826577597170148,       0.17781318864964635
TATAMOTORS, 2023-12-06 10:00:00, 489.2 , 491.54285714285714, 483.9285714285714 , 2023-12-06 10:20:00, 491.54285714285714, L      , -2.342857142857156  , 2023-12-06 09:55:00, 0.2394824841926971 ,       0.18230446796700106
TATAMOTORS, 2023-12-06 11:40:00, 490.2 , 491.5642857142857 , 487.1303571428571 , 2023-12-06 13:40:00, 491.5642857142857 , L      , -1.3642857142856997 , 2023-12-06 11:35:00, 0.139156029608907  ,       0.21643176029170896
TATAMOTORS, 2023-12-07 11:05:00, 496.9 , 499.4142857142857 , 491.24285714285713, 2023-12-07 14:15:00, 499.4142857142857 , L      , -2.5142857142857338 , 2023-12-07 11:00:00, 0.25297169879119724,       0.25654290221205217
TATAMOTORS, 2023-12-07 15:00:00, 496.85, 498.9857142857143 , 492.0446428571429 , 2023-12-07 15:00:00, 496.85            , EOD-   , 0.0                 , 2023-12-07 14:55:00, 0.21492545896289383,       0.1476750899132941
TATAMOTORS, 2023-12-11 11:00:00, 496.95, 499.3571428571429 , 491.5339285714285 , 2023-12-11 15:00:00, 496.15            , EOD+   , 0.8000000000000114  , 2023-12-11 10:55:00, 0.2422404002357738 ,       0.2478759178627347
TATAMOTORS, 2023-12-12 09:45:00, 496.2 , 497.8857142857143 , 492.40714285714284, 2023-12-12 10:15:00, 492.40714285714284, W      , 3.7928571428571445  , 2023-12-12 09:40:00, 0.1699651427419124 ,       0.1349847835544063
TATAMOTORS, 2023-12-12 13:55:00, 494.65, 496.09999999999997, 491.3875          , 2023-12-12 14:45:00, 491.3875          , W      , 3.2624999999999886  , 2023-12-12 13:50:00, 0.14656828060244667,       0.17337686340953026
TATAMOTORS, 2023-12-13 11:35:00, 492.4 , 493.6142857142857 , 489.66785714285714, 2023-12-13 12:00:00, 493.6142857142857 , L      , -1.2142857142857224 , 2023-12-13 11:30:00, 0.1232527115596543 ,       0.18399511123967355
TATAMOTORS, 2023-12-14 12:40:00, 495.95, 496.87142857142857, 493.87678571428563, 2023-12-14 13:45:00, 496.87142857142857, L      , -0.9214285714285779 , 2023-12-14 12:35:00, 0.0929234138189385 ,       0.1478224806405352
TATAMOTORS, 2023-12-14 14:40:00, 496.2 , 497.3928571428571 , 493.5160714285714 , 2023-12-14 15:00:00, 495.8             , EOD+   , 0.39999999999997726 , 2023-12-14 14:35:00, 0.12021134161615905,       0.09913679105690583
TATAMOTORS, 2023-12-15 12:35:00, 500.9 , 502.1928571428571 , 497.99107142857144, 2023-12-15 14:30:00, 502.1928571428571 , L      , -1.2928571428571445 , 2023-12-15 12:30:00, 0.1290534181330733 ,       0.20602064069361878
TATAMOTORS, 2023-12-18 10:20:00, 504.1 , 506.9214285714286 , 497.7517857142858 , 2023-12-18 15:00:00, 503.2             , EOD+   , 0.9000000000000341  , 2023-12-18 10:15:00, 0.27984810270070803,       0.2104579694079996
TATAMOTORS, 2023-12-19 11:20:00, 501.25, 502.76428571428573, 497.84285714285716, 2023-12-19 11:50:00, 502.76428571428573, L      , -1.5142857142857338 , 2023-12-19 11:15:00, 0.15105094406839994,       0.15967720602558955
TATAMOTORS, 2023-12-19 12:55:00, 501.5 , 502.53571428571433, 499.1696428571428 , 2023-12-19 14:25:00, 502.53571428571433, L      , -1.0357142857143344 , 2023-12-19 12:50:00, 0.10326164364050947,       0.16330753532088174
TATAMOTORS, 2023-12-20 10:30:00, 503.0 , 504.8642857142857 , 498.8053571428572 , 2023-12-20 13:15:00, 498.8053571428572 , W      , 4.19464285714281    , 2023-12-20 10:25:00, 0.18537195130612505,       0.13061426833778864
TATAMOTORS, 2023-12-21 09:50:00, 485.25, 489.7357142857143 , 475.15714285714284, 2023-12-21 10:10:00, 489.7357142857143 , L      , -4.485714285714323  , 2023-12-21 09:45:00, 0.46220652093913434,       0.35945354601630747
TATAMOTORS, 2023-12-21 11:35:00, 488.15, 490.5357142857143 , 482.78214285714284, 2023-12-21 15:00:00, 487.45            , EOD+   , 0.6999999999999886  , 2023-12-21 11:30:00, 0.24438785963063672,       0.37993826859332314
TATAMOTORS, 2023-12-22 11:35:00, 500.6 , 502.9714285714286 , 495.26428571428573, 2023-12-22 12:35:00, 495.26428571428573, W      , 5.335714285714289   , 2023-12-22 11:30:00, 0.23681132129304722,       0.2834121201849297
TATAMOTORS, 2023-12-22 13:35:00, 498.05, 500.32142857142856, 492.93928571428575, 2023-12-22 14:50:00, 500.32142857142856, L      , -2.271428571428544  , 2023-12-22 13:30:00, 0.22807797684793255,       0.2618141164116208
TATAMOTORS, 2023-12-26 09:35:00, 498.6 , 501.2714285714286 , 492.5892857142857 , 2023-12-26 15:00:00, 496.3             , EOD+   , 2.3000000000000114  , 2023-12-26 09:30:00, 0.26783923916468516,       0.23140664614182427
TATAMOTORS, 2023-12-27 13:15:00, 506.0 , 507.9214285714286 , 501.6767857142857 , 2023-12-27 13:25:00, 507.9214285714286 , L      , -1.921428571428578  , 2023-12-27 13:10:00, 0.1899020133849166 ,       0.23301206225277843
TATAMOTORS, 2023-12-28 09:40:00, 509.6 , 511.60714285714283, 505.08392857142866, 2023-12-28 09:40:00, 511.60714285714283, L      , -2.00714285714281   , 2023-12-28 09:35:00, 0.19701048852992092,       0.18960597632364923
TATAMOTORS, 2023-12-28 14:45:00, 515.0 , 516.7571428571429 , 511.0464285714286 , 2023-12-28 15:00:00, 516.15            , EOD-   , -1.1499999999999773 , 2023-12-28 14:40:00, 0.1705963938973657 ,       0.1482226778333721
TATAMOTORS, 2023-12-29 14:45:00, 538.5 , 541.9285714285714 , 530.7857142857142 , 2023-12-29 15:00:00, 538.25            , EOD+   , 0.25                , 2023-12-29 14:40:00, 0.31834460803820586,       0.3456350077361813
