month,rank,stock,trades,targets,sl_hits,eod_exits,win_pct,efficiency,protrades_pct,net_pnl,filter,atr_config
JAN_2022,1,BHARTIARTL,112,66,39,7,58.92857142857143,0.39886495048770476,65.17857142857143,316.3571428571447,No Filter,Extreme
JAN_2022,2,POWERGRID,133,71,57,5,53.383458646616546,0.23282091533947505,54.88721804511278,47.33214285714226,No Filter,Extreme
JAN_2022,3,PNB,149,61,67,21,40.939597315436245,0.2125218286160891,47.651006711409394,12.508928571428697,No Filter,Extreme
JAN_2022,4,BANDHANBNK,114,55,47,12,48.24561403508772,0.20729385852615057,51.75438596491229,68.35535714285669,No Filter,Extreme
JAN_2022,5,ONGC,115,64,48,3,55.65217391304348,0.17963559436164425,55.65217391304348,32.0124999999999,No Filter,Extreme
JAN_2022,6,RELIANCE,96,58,38,0,60.416666666666664,0.1701990849323145,60.416666666666664,191.48571428571427,No Filter,Regular-2
JAN_2022,7,SBIN,97,41,50,6,42.2680412371134,0.16887716764963032,45.36082474226804,82.81964285714196,No Filter,Extreme
JAN_2022,8,NTPC,111,44,59,8,39.63963963963964,0.16804850784122935,46.846846846846844,25.083928571428956,No Filter,Extreme
JAN_2022,9,COALINDIA,83,36,46,1,43.373493975903614,0.16674121906324707,43.373493975903614,19.916071428571428,No Filter,Extreme
JAN_2022,10,HINDALCO,103,52,49,2,50.48543689320388,0.15539593912482788,52.42718446601942,78.9571428571424,No Filter,Extreme
FEB_2022,1,DABUR,107,60,43,4,56.074766355140184,0.23823549785150339,59.813084112149525,141.74642857142783,No Filter,Extreme
FEB_2022,2,ITC,32,17,15,0,53.125,0.1874943982976623,53.125,13.896428571428686,MA100,Extreme
FEB_2022,3,TATASTEEL,84,33,47,4,39.285714285714285,0.1334729612717507,41.66666666666667,12.882142857143023,No Filter,Extreme
FEB_2022,4,SUNPHARMA,112,57,55,0,50.89285714285714,0.12755971999278906,50.89285714285714,124.3714285714293,No Filter,Regular-2
FEB_2022,5,INFY,106,53,53,0,50.0,0.12462550021627308,50.0,228.87142857142976,No Filter,Regular-2
FEB_2022,6,DIVISLAB,98,44,52,2,44.89795918367347,0.11836551471407308,46.93877551020408,495.9857142857186,No Filter,Extreme
FEB_2022,7,VEDL,93,46,47,0,49.46236559139785,0.0997683345452093,49.46236559139785,29.500000000000227,No Filter,Regular-1
FEB_2022,8,COALINDIA,121,52,69,0,42.97520661157025,0.08992499506203766,42.97520661157025,16.032142857142787,No Filter,Sideways
FEB_2022,9,SBIN,69,30,38,1,43.47826086956522,0.08616954700813693,44.927536231884055,31.3250000000005,MA100,Regular-2
FEB_2022,10,CIPLA,127,43,79,5,33.85826771653544,0.08550129188785888,37.79527559055118,101.5321428571433,No Filter,Extreme
MAR_2022,1,ITC,127,78,46,3,61.417322834645674,0.4041493742527872,63.77952755905512,121.91428571428591,No Filter,Extreme
MAR_2022,2,BHARTIARTL,23,16,7,0,69.56521739130434,0.39394483700556693,69.56521739130434,65.63928571428607,MA100,Extreme
MAR_2022,3,JSWSTEEL,102,49,43,10,48.03921568627451,0.36773394202350057,56.86274509803921,254.0839285714277,No Filter,Extreme
MAR_2022,4,TATAMOTORS,79,42,37,0,53.16455696202531,0.35398796270105304,53.16455696202531,119.15535714285738,No Filter,Extreme
MAR_2022,5,CIPLA,119,53,53,13,44.537815126050425,0.3204810141704853,54.621848739495796,380.15714285714296,No Filter,Extreme
MAR_2022,6,BANDHANBNK,72,33,35,4,45.83333333333333,0.2899743199497358,45.83333333333333,59.79821428571458,No Filter,Extreme
MAR_2022,7,NATIONALUM,92,41,49,2,44.565217391304344,0.22139074571335104,44.565217391304344,24.72857142857133,No Filter,Extreme
MAR_2022,8,SUNPHARMA,100,54,44,2,54.0,0.20845234091244866,54.0,184.07321428571504,No Filter,Extreme
MAR_2022,9,COALINDIA,86,38,41,7,44.18604651162791,0.20408057448231148,50.0,29.519642857142912,No Filter,Extreme
MAR_2022,10,POWERGRID,116,55,51,10,47.41379310344828,0.17548257708698847,56.03448275862068,31.499999999999858,No Filter,Extreme
APR_2022,1,BANDHANBNK,95,55,39,1,57.89473684210527,0.5022935014966111,58.94736842105262,156.0035714285712,No Filter,Extreme
APR_2022,2,NTPC,88,57,31,0,64.77272727272727,0.4358128441885609,64.77272727272727,59.42678571428587,No Filter,Extreme
APR_2022,3,TECHM,6,4,2,0,66.66666666666666,0.3937600036325248,66.66666666666666,34.6875,MA200,Extreme
APR_2022,4,ITC,87,49,36,2,56.32183908045977,0.27280856412816,57.47126436781609,61.605357142856946,No Filter,Extreme
APR_2022,5,AXISBANK,57,29,28,0,50.877192982456144,0.2398992695544889,50.877192982456144,107.5392857142864,No Filter,Regular-2
APR_2022,6,RELIANCE,71,37,34,0,52.112676056338024,0.2293976583282494,52.112676056338024,206.57500000000095,No Filter,Regular-2
APR_2022,7,TATASTEEL,48,24,24,0,50.0,0.2280046578906678,50.0,14.321428571428626,MA50,Extreme
APR_2022,8,ASHOKLEY,110,50,60,0,45.45454545454545,0.20887552198947176,45.45454545454545,14.033928571428625,No Filter,Extreme
APR_2022,9,POWERGRID,103,50,51,2,48.54368932038835,0.18237493701982674,50.48543689320388,31.64642857142843,No Filter,Extreme
APR_2022,10,ICICIBANK,96,46,45,5,47.91666666666667,0.18228536386543148,53.125,131.53392857142774,No Filter,Extreme
MAY_2022,1,DABUR,4,4,0,0,100.0,1.0978892421612585,100.0,24.44285714285718,MA50,Extreme
MAY_2022,2,TATAMOTORS,9,8,1,0,88.88888888888889,0.7119927942017427,88.88888888888889,27.835714285714232,MA50,Regular-2
MAY_2022,3,INDUSINDBK,109,53,51,5,48.62385321100918,0.3159783735827057,52.293577981651374,313.6178571428561,No Filter,Extreme
MAY_2022,4,CIPLA,75,43,30,2,57.333333333333336,0.26343214451134667,58.666666666666664,192.23749999999905,MA100,Extreme
MAY_2022,5,SUNPHARMA,138,67,54,17,48.55072463768116,0.2572758224027232,55.79710144927537,318.18214285714305,No Filter,Extreme
MAY_2022,6,ONGC,107,52,52,3,48.598130841121495,0.23419709488067428,48.598130841121495,37.95714285714297,No Filter,Extreme
MAY_2022,7,COALINDIA,119,54,65,0,45.378151260504204,0.20501964374260911,45.378151260504204,40.312499999999886,No Filter,Extreme
MAY_2022,8,POWERGRID,121,61,60,0,50.413223140495866,0.1955229044322785,50.413223140495866,40.44821428571433,No Filter,Extreme
MAY_2022,9,TECHM,103,51,51,1,49.51456310679612,0.1750774391343954,50.48543689320388,208.85714285714437,No Filter,Regular-2
MAY_2022,10,NATIONALUM,5,2,3,0,40.0,0.1487386148588853,40.0,0.7803571428571416,MA200,Extreme
JUN_2022,1,INDUSINDBK,14,9,5,0,64.28571428571429,0.32236304982813446,64.28571428571429,42.27678571428544,MA100,Extreme
JUN_2022,2,ASHOKLEY,107,44,56,7,41.1214953271028,0.31498935048033844,47.66355140186916,22.267857142857046,No Filter,Extreme
JUN_2022,3,TATAMOTORS,32,20,12,0,62.5,0.281873496242628,62.5,39.22142857142859,MA50,Regular-2
JUN_2022,4,POWERGRID,4,3,1,0,75.0,0.21072329777985171,75.0,1.4196428571428612,MA50,Regular-1
JUN_2022,5,NATIONALUM,99,52,47,0,52.52525252525253,0.18301366945734884,52.52525252525253,14.732142857142932,No Filter,Regular-2
JUN_2022,6,BANDHANBNK,51,24,24,3,47.05882352941176,0.16380208277862696,52.94117647058824,27.464285714285438,MA50,Regular-2
JUN_2022,7,SBIN,130,57,61,12,43.84615384615385,0.16123768847139688,47.69230769230769,96.17142857142818,No Filter,Extreme
JUN_2022,8,HINDALCO,88,40,43,5,45.45454545454545,0.11846320575409489,47.72727272727273,38.05535714285696,No Filter,Extreme
JUN_2022,9,ONGC,101,41,56,4,40.5940594059406,0.09690082203894362,41.584158415841586,14.276785714285722,No Filter,Extreme
JUN_2022,10,COALINDIA,127,65,62,0,51.181102362204726,0.08856018581295884,51.181102362204726,19.546428571428493,No Filter,Sideways
JUL_2022,1,INDUSINDBK,104,70,23,11,67.3076923076923,0.6051700897583527,76.92307692307693,560.7500000000001,No Filter,Extreme
JUL_2022,2,VEDL,92,46,37,9,50.0,0.4380186179141131,57.608695652173914,79.21785714285693,No Filter,Extreme
JUL_2022,3,AXISBANK,106,67,30,9,63.20754716981132,0.41712396015935105,66.0377358490566,302.91249999999945,No Filter,Extreme
JUL_2022,4,ADANIPORTS,93,54,31,8,58.06451612903226,0.37369481951741346,64.51612903225806,256.84642857143047,No Filter,Extreme
JUL_2022,5,ICICIBANK,93,62,27,4,66.66666666666666,0.368753032028216,70.96774193548387,266.096428571429,No Filter,Extreme
JUL_2022,6,TATASTEEL,93,54,38,1,58.06451612903226,0.3617900612491098,59.13978494623656,29.694642857143194,No Filter,Extreme
JUL_2022,7,HINDALCO,75,42,28,5,56.00000000000001,0.2968276456179692,58.666666666666664,81.71071428571457,No Filter,Extreme
JUL_2022,8,BANDHANBNK,107,53,48,6,49.532710280373834,0.27821251717758094,54.20560747663551,82.67321428571415,No Filter,Extreme
JUL_2022,9,COALINDIA,132,63,62,7,47.72727272727273,0.2405061653863044,50.75757575757576,57.11071428571452,No Filter,Extreme
JUL_2022,10,DABUR,126,61,61,4,48.41269841269841,0.23803749091124327,51.587301587301596,165.37321428571352,No Filter,Extreme
AUG_2022,1,PNB,138,72,40,26,52.17391304347826,0.4060983954423507,57.971014492753625,18.864285714285813,No Filter,Extreme
AUG_2022,2,NATIONALUM,80,41,34,5,51.24999999999999,0.2749425117660751,53.75,17.55892857142861,MA50,Extreme
AUG_2022,3,COALINDIA,106,49,53,4,46.22641509433962,0.22436002670431385,50.0,48.32142857142824,No Filter,Extreme
AUG_2022,4,JSWSTEEL,90,42,42,6,46.666666666666664,0.21642285635836808,52.22222222222223,129.2678571428587,No Filter,Extreme
AUG_2022,5,DABUR,102,50,48,4,49.01960784313725,0.2128928591342017,52.94117647058824,125.99999999999989,No Filter,Extreme
AUG_2022,6,NTPC,105,57,47,1,54.285714285714285,0.18760253482163083,55.23809523809524,31.24285714285736,No Filter,Regular-2
AUG_2022,7,ADANIPORTS,90,42,44,4,46.666666666666664,0.1602057350271386,48.888888888888886,117.75714285714287,No Filter,Extreme
AUG_2022,8,ITC,107,54,48,5,50.467289719626166,0.12094095296751046,52.336448598130836,40.45178571428454,No Filter,Extreme
AUG_2022,9,SBIN,86,47,38,1,54.65116279069767,0.11791313318013971,54.65116279069767,53.16785714285726,No Filter,Regular-2
AUG_2022,10,TATASTEEL,126,52,68,6,41.269841269841265,0.10238199347770732,45.23809523809524,13.580357142857011,No Filter,Extreme
SEP_2022,1,NATIONALUM,42,24,16,2,57.14285714285714,0.41521399696276046,61.904761904761905,13.866071428571388,MA50,Extreme
SEP_2022,2,PNB,107,49,47,11,45.794392523364486,0.35490091674344454,53.271028037383175,14.473214285714405,No Filter,Extreme
SEP_2022,3,CIPLA,95,55,38,2,57.89473684210527,0.21854010368762578,60.0,220.514285714288,No Filter,Regular-2
SEP_2022,4,POWERGRID,131,69,59,3,52.67175572519084,0.20237661293768502,53.43511450381679,43.30535714285756,No Filter,Extreme
SEP_2022,5,AXISBANK,72,31,38,3,43.05555555555556,0.16095743784540106,47.22222222222222,90.19821428571402,MA50,Extreme
SEP_2022,6,BANDHANBNK,56,28,26,2,50.0,0.1378184389374953,53.57142857142857,22.303571428571672,MA50,Regular-2
SEP_2022,7,ADANIPORTS,97,43,52,2,44.329896907216494,0.12318102591144994,46.391752577319586,109.28928571428617,MA50,Regular-2
SEP_2022,8,HINDALCO,81,31,45,5,38.2716049382716,0.1224080608613621,41.9753086419753,40.81249999999977,No Filter,Extreme
SEP_2022,9,ONGC,118,54,62,2,45.76271186440678,0.08892152849678443,47.45762711864407,13.18928571428556,No Filter,Regular-2
SEP_2022,10,SBIN,89,36,52,1,40.44943820224719,0.08712963158843202,41.57303370786517,42.657142857143526,MA50,Extreme
OCT_2022,1,JSWSTEEL,70,43,22,5,61.42857142857143,0.4630999581082506,68.57142857142857,210.82857142857154,MA100,Extreme
OCT_2022,2,AXISBANK,83,54,26,3,65.06024096385542,0.40653321081785404,66.26506024096386,279.04642857142915,No Filter,Extreme
OCT_2022,3,VEDL,62,29,31,2,46.774193548387096,0.32556362776981945,50.0,48.608928571428464,No Filter,Extreme
OCT_2022,4,PNB,109,50,45,14,45.87155963302752,0.3209898810436854,58.71559633027523,13.601785714285654,No Filter,Extreme
OCT_2022,5,ASHOKLEY,66,36,29,1,54.54545454545454,0.30105601647948593,56.060606060606055,14.364285714285714,No Filter,Extreme
OCT_2022,6,IDEA,32,19,13,0,59.375,0.29669572068745087,59.375,0.8607142857142946,MA100,Sideways
OCT_2022,7,COALINDIA,113,62,48,3,54.86725663716814,0.2622470197734649,57.52212389380531,65.26607142857162,No Filter,Extreme
OCT_2022,8,RELIANCE,7,4,0,3,57.14285714285714,0.25220894554131856,57.14285714285714,21.271428571427577,MA50,Extreme
OCT_2022,9,CIPLA,101,53,41,7,52.475247524752476,0.23149918975830042,57.42574257425742,264.78750000000036,No Filter,Extreme
OCT_2022,10,ADANIPORTS,56,28,26,2,50.0,0.18425272559928435,51.78571428571429,83.22142857142876,No Filter,Extreme
NOV_2022,1,PNB,100,56,44,0,56.00000000000001,0.39260232790820804,56.00000000000001,17.966071428571453,No Filter,Extreme
NOV_2022,2,VEDL,102,53,44,5,51.9607843137255,0.28370391780225734,51.9607843137255,77.19285714285726,No Filter,Extreme
NOV_2022,3,COALINDIA,48,28,20,0,58.333333333333336,0.2573468685261376,58.333333333333336,29.157142857142844,MA50,Regular-2
NOV_2022,4,NATIONALUM,130,60,58,12,46.15384615384615,0.19995642685435183,52.307692307692314,19.339285714285765,No Filter,Extreme
NOV_2022,5,AXISBANK,119,59,48,12,49.57983193277311,0.1503381286646673,57.14285714285714,154.93035714285816,No Filter,Extreme
NOV_2022,6,CIPLA,112,61,49,2,54.46428571428571,0.1486512131798376,55.35714285714286,188.21607142856988,No Filter,Extreme
NOV_2022,7,TATAMOTORS,102,54,45,3,52.94117647058824,0.14658238849966207,55.88235294117647,63.749999999999545,No Filter,Regular-2
NOV_2022,8,WIPRO,29,16,13,0,55.172413793103445,0.12934222510192622,55.172413793103445,7.557142857142793,MA50,Regular-2
NOV_2022,9,HINDALCO,109,57,51,1,52.293577981651374,0.0975195363483963,52.293577981651374,46.1642857142856,No Filter,Regular-2
NOV_2022,10,ONGC,131,56,60,15,42.74809160305343,0.09368223200355025,49.61832061068702,16.301785714285785,No Filter,Extreme
DEC_2022,1,VEDL,9,6,3,0,66.66666666666666,0.4424358575917736,66.66666666666666,10.982142857143003,MA50,Regular-2
DEC_2022,2,SBIN,101,60,36,5,59.4059405940594,0.24054800569107662,62.37623762376238,147.24821428571568,No Filter,Extreme
DEC_2022,3,PNB,83,41,34,8,49.39759036144578,0.22506624386429774,51.80722891566265,10.362499999999997,No Filter,Extreme
DEC_2022,4,TATASTEEL,95,52,43,0,54.736842105263165,0.18241911281543408,54.736842105263165,18.600000000000108,No Filter,Regular-2
DEC_2022,5,DABUR,111,57,54,0,51.35135135135135,0.12532506722671763,51.35135135135135,81.29642857142971,No Filter,Regular-2
DEC_2022,6,COALINDIA,140,57,71,12,40.714285714285715,0.1248331796176074,48.57142857142857,36.941071428571036,No Filter,Extreme
DEC_2022,7,BHARTIARTL,71,39,31,1,54.929577464788736,0.12212833377343499,54.929577464788736,72.14999999999975,MA50,Regular-2
DEC_2022,8,INDUSINDBK,110,57,51,2,51.81818181818182,0.10419192133031133,51.81818181818182,137.9821428571413,No Filter,Extreme
DEC_2022,9,TECHM,26,12,14,0,46.15384615384615,0.08341035641019826,46.15384615384615,23.257142857142753,MA50,Regular-2
DEC_2022,10,SUNPHARMA,136,58,77,1,42.64705882352941,0.07364930764210997,43.38235294117647,101.05892857142817,No Filter,Extreme
JAN_2023,1,JSWSTEEL,60,37,23,0,61.66666666666667,0.3328774548520348,61.66666666666667,150.85357142857242,MA50,Extreme
JAN_2023,2,TATAMOTORS,81,35,38,8,43.20987654320987,0.2890206524243835,50.617283950617285,96.39821428571429,No Filter,Extreme
JAN_2023,3,WIPRO,102,50,48,4,49.01960784313725,0.1788395776792681,51.9607843137255,36.20535714285711,No Filter,Extreme
JAN_2023,4,VEDL,97,47,50,0,48.45360824742268,0.17629087175109853,48.45360824742268,47.678571428571615,No Filter,Extreme
JAN_2023,5,POWERGRID,131,61,65,5,46.56488549618321,0.14854625077389313,48.854961832061065,30.81428571428563,No Filter,Extreme
JAN_2023,6,NTPC,15,8,7,0,53.333333333333336,0.14764096179938616,53.333333333333336,3.769642857142827,MA50,Sideways
JAN_2023,7,ITC,36,19,17,0,52.77777777777778,0.14268216900149122,52.77777777777778,17.53214285714273,MA50,Extreme
JAN_2023,8,COALINDIA,112,52,56,4,46.42857142857143,0.1310158745387502,46.42857142857143,30.0428571428572,No Filter,Extreme
JAN_2023,9,DABUR,112,57,55,0,50.89285714285714,0.09680180347225191,50.89285714285714,60.410714285714334,No Filter,Regular-2
JAN_2023,10,RELIANCE,13,8,5,0,61.53846153846154,0.09382165536848172,61.53846153846154,15.01071428571413,MA200,Regular-1
FEB_2023,1,VEDL,13,9,4,0,69.23076923076923,0.6994426675349052,69.23076923076923,26.08571428571429,MA100,Regular-1
FEB_2023,2,ITC,83,43,38,2,51.80722891566265,0.36831903372530683,54.21686746987952,115.38035714285701,No Filter,Extreme
FEB_2023,3,POWERGRID,4,3,1,0,75.0,0.2301849152152142,75.0,1.4999999999999432,MA200,Regular-1
FEB_2023,4,ASHOKLEY,68,27,38,3,39.705882352941174,0.2129573521266107,39.705882352941174,10.517857142857238,MA50,Extreme
FEB_2023,5,BANDHANBNK,120,60,58,2,50.0,0.18653984149551583,50.0,52.67857142857136,No Filter,Regular-2
FEB_2023,6,SBIN,93,49,42,2,52.68817204301075,0.178858359444042,54.83870967741935,89.04999999999961,No Filter,Regular-2
FEB_2023,7,NTPC,92,52,39,1,56.52173913043478,0.14858190962590404,57.608695652173914,22.924999999999983,No Filter,Regular-2
FEB_2023,8,SUNPHARMA,118,57,58,3,48.30508474576271,0.09971977988915504,50.0,116.8321428571436,No Filter,Extreme
FEB_2023,9,INDUSINDBK,121,61,57,3,50.413223140495866,0.09548824293496146,52.892561983471076,129.08750000000055,No Filter,Regular-1
FEB_2023,10,WIPRO,79,37,40,2,46.835443037974684,0.08447813148575668,46.835443037974684,13.5107142857143,MA50,Regular-2
MAR_2023,1,ADANIPORTS,90,40,44,6,44.44444444444444,0.35317377233544683,44.44444444444444,210.85357142857015,No Filter,Extreme
MAR_2023,2,SBIN,84,40,32,12,47.61904761904761,0.33436988264685463,60.71428571428571,148.6785714285718,No Filter,Extreme
MAR_2023,3,SUNPHARMA,113,55,48,10,48.67256637168141,0.17699452499998866,56.63716814159292,192.62500000000023,No Filter,Extreme
MAR_2023,4,PNB,119,54,50,15,45.378151260504204,0.16945175838786133,47.05882352941176,9.749999999999957,No Filter,Extreme
MAR_2023,5,BANDHANBNK,100,50,50,0,50.0,0.15209883530236515,50.0,32.096428571428646,No Filter,Regular-2
MAR_2023,6,POWERGRID,102,49,50,3,48.03921568627451,0.1478160084037366,50.0,24.896428571428743,No Filter,Extreme
MAR_2023,7,ICICIBANK,163,70,76,17,42.944785276073624,0.14026390785518592,50.920245398773,194.5482142857146,No Filter,Extreme
MAR_2023,8,NTPC,141,74,66,1,52.4822695035461,0.13729968867297504,53.191489361702125,34.005357142857406,No Filter,Extreme
MAR_2023,9,JSWSTEEL,111,50,59,2,45.04504504504504,0.12935679939855937,46.846846846846844,96.5517857142853,No Filter,Extreme
MAR_2023,10,INDUSINDBK,109,42,62,5,38.53211009174312,0.10895861679785215,43.11926605504588,128.34464285714284,No Filter,Extreme
APR_2023,1,IDEA,173,39,25,109,22.54335260115607,0.501316655694534,38.72832369942196,5.439285714285694,No Filter,Extreme
APR_2023,2,PNB,99,61,33,5,61.61616161616161,0.3978928992223134,62.62626262626263,19.08035714285721,No Filter,Extreme
APR_2023,3,BANDHANBNK,26,18,5,3,69.23076923076923,0.32602010564733414,80.76923076923077,18.969642857142958,MA50,Extreme
APR_2023,4,HDFCBANK,161,83,51,27,51.5527950310559,0.26923158156133764,65.21739130434783,360.5678571428581,No Filter,Extreme
APR_2023,5,COALINDIA,92,54,35,3,58.69565217391305,0.245025434171385,61.95652173913043,48.09285714285696,No Filter,Extreme
APR_2023,6,POWERGRID,104,63,36,5,60.57692307692307,0.2379272017972295,64.42307692307693,41.803571428571445,No Filter,Extreme
APR_2023,7,ASHOKLEY,121,73,43,5,60.33057851239669,0.23732637956550082,61.98347107438017,19.255357142857136,No Filter,Extreme
APR_2023,8,ADANIPORTS,98,47,43,8,47.95918367346938,0.2272672717318991,56.12244897959183,146.7499999999991,No Filter,Extreme
APR_2023,9,TATAMOTORS,72,41,29,2,56.94444444444444,0.21971345126195196,56.94444444444444,74.40178571428606,MA50,Extreme
APR_2023,10,INDUSINDBK,46,30,16,0,65.21739130434783,0.18168775746906554,65.21739130434783,94.53750000000014,MA50,Regular-1
MAY_2023,1,SBIN,133,70,56,7,52.63157894736842,0.23146940240026462,57.89473684210527,179.0178571428587,No Filter,Extreme
MAY_2023,2,DABUR,100,53,45,2,53.0,0.2167558637050423,54.0,115.12499999999989,No Filter,Extreme
MAY_2023,3,VEDL,93,42,46,5,45.16129032258064,0.18133958275729622,49.46236559139785,40.66249999999957,No Filter,Extreme
MAY_2023,4,PNB,108,56,52,0,51.85185185185185,0.1724396559891386,51.85185185185185,9.360714285714401,No Filter,Regular-2
MAY_2023,5,BANDHANBNK,133,53,73,7,39.849624060150376,0.16286811312867386,42.857142857142854,52.95892857142866,No Filter,Extreme
MAY_2023,6,TATAMOTORS,100,45,50,5,45.0,0.15181813802055166,48.0,77.65535714285721,No Filter,Extreme
MAY_2023,7,ASHOKLEY,154,74,69,11,48.05194805194805,0.15062094293123782,54.54545454545454,16.698214285714357,No Filter,Extreme
MAY_2023,8,ITC,151,78,65,8,51.65562913907284,0.1428771279759154,56.95364238410596,92.9392857142854,No Filter,Extreme
MAY_2023,9,COALINDIA,132,63,61,8,47.72727272727273,0.13096167843462242,53.78787878787878,38.73571428571421,No Filter,Regular-2
MAY_2023,10,CIPLA,149,74,73,2,49.664429530201346,0.11853842542708228,51.006711409395976,164.81428571428467,No Filter,Extreme
JUN_2023,1,HDFCBANK,30,24,6,0,80.0,0.4241917870255936,80.0,105.71071428571304,MA100,Extreme
JUN_2023,2,TATAMOTORS,98,55,35,8,56.12244897959183,0.25184959785088357,59.183673469387756,139.875,No Filter,Extreme
JUN_2023,3,TECHM,122,65,55,2,53.278688524590166,0.22929401761160956,54.91803278688525,298.9589285714303,No Filter,Extreme
JUN_2023,4,TATASTEEL,113,64,44,5,56.63716814159292,0.19806404011840387,57.52212389380531,24.06428571428576,No Filter,Extreme
JUN_2023,5,PNB,117,55,56,6,47.008547008547005,0.17236965963701045,51.28205128205128,10.437499999999893,No Filter,Extreme
JUN_2023,6,NTPC,137,72,62,3,52.55474452554745,0.16199105868427235,54.74452554744526,40.74285714285739,No Filter,Extreme
JUN_2023,7,POWERGRID,112,60,47,5,53.57142857142857,0.13488724386085185,58.03571428571429,27.107142857142577,No Filter,Extreme
JUN_2023,8,ADANIPORTS,100,34,43,23,34.0,0.13269079320360117,51.0,97.96428571428669,No Filter,Extreme
JUN_2023,9,INDUSINDBK,129,48,68,13,37.2093023255814,0.10637747177704043,44.96124031007752,179.9589285714269,No Filter,Extreme
JUN_2023,10,DABUR,122,57,60,5,46.72131147540984,0.09353006881576122,50.81967213114754,64.14642857142962,MA200,Extreme
JUL_2023,1,ADANIPORTS,25,12,9,4,48.0,0.3917955228544548,56.00000000000001,74.15357142857124,MA200,Extreme
JUL_2023,2,POWERGRID,96,57,36,3,59.375,0.29631731794764893,62.5,52.132142857142696,No Filter,Extreme
JUL_2023,3,NTPC,114,63,49,2,55.26315789473685,0.2084497017964299,57.01754385964912,46.27500000000026,No Filter,Extreme
JUL_2023,4,INFY,107,52,48,7,48.598130841121495,0.20640598847745953,53.271028037383175,299.63214285714275,No Filter,Extreme
JUL_2023,5,ONGC,116,62,54,0,53.44827586206896,0.18808154917719835,53.44827586206896,35.31428571428535,No Filter,Extreme
JUL_2023,6,IDEA,125,36,36,53,28.799999999999997,0.18709442007884716,36.8,1.8678571428571695,MA200,Extreme
JUL_2023,7,DABUR,145,75,57,13,51.724137931034484,0.1854917968789584,60.0,155.61250000000052,No Filter,Extreme
JUL_2023,8,JSWSTEEL,145,67,64,14,46.206896551724135,0.15353735497988372,47.58620689655172,177.5142857142847,No Filter,Extreme
JUL_2023,9,RELIANCE,141,64,70,7,45.39007092198582,0.1524847447659629,49.645390070921984,273.92321428571404,No Filter,Extreme
JUL_2023,10,WIPRO,97,53,42,2,54.63917525773196,0.1492916400718962,56.70103092783505,29.053571428571672,No Filter,Extreme
AUG_2023,1,TECHM,107,48,49,10,44.85981308411215,0.19016265697678825,47.66355140186916,238.73571428571222,No Filter,Extreme
AUG_2023,2,BANDHANBNK,116,60,55,1,51.724137931034484,0.13832198701175163,52.58620689655172,37.10535714285692,No Filter,Extreme
AUG_2023,3,VEDL,111,55,56,0,49.549549549549546,0.134035250819669,49.549549549549546,29.700000000000102,No Filter,Regular-2
AUG_2023,4,POWERGRID,113,66,46,1,58.4070796460177,0.1273890612000998,58.4070796460177,26.435714285714113,No Filter,Regular-2
AUG_2023,5,INDUSINDBK,124,53,60,11,42.74193548387097,0.10406370567323299,50.0,180.48392857142835,No Filter,Extreme
AUG_2023,6,ADANIPORTS,97,49,48,0,50.51546391752577,0.0969414098586105,50.51546391752577,75.75714285714287,No Filter,Sideways
AUG_2023,7,NATIONALUM,137,59,73,5,43.06569343065693,0.09193813151435976,43.79562043795621,11.537500000000037,No Filter,Extreme
AUG_2023,8,BHARTIARTL,70,28,41,1,40.0,0.07705522639103939,40.0,47.46428571428646,MA50,Extreme
AUG_2023,9,ASHOKLEY,144,52,83,9,36.11111111111111,0.07330961009904916,40.97222222222222,9.567857142857207,No Filter,Extreme
AUG_2023,10,COALINDIA,89,45,44,0,50.56179775280899,0.07011398035187452,50.56179775280899,13.592857142857213,MA100,Regular-2
SEP_2023,1,PNB,91,45,41,5,49.45054945054945,0.2766936533023709,50.54945054945055,18.382142857143023,No Filter,Extreme
SEP_2023,2,WIPRO,67,33,34,0,49.25373134328358,0.1939875694028525,49.25373134328358,28.085714285714374,MA50,Regular-2
SEP_2023,3,POWERGRID,114,59,49,6,51.75438596491229,0.18672604660164402,56.14035087719298,41.832142857143,No Filter,Extreme
SEP_2023,4,DIVISLAB,132,69,57,6,52.27272727272727,0.15146832991363485,53.03030303030303,748.4285714285711,No Filter,Extreme
SEP_2023,5,NTPC,111,53,55,3,47.74774774774775,0.14864821404586032,49.549549549549546,39.287499999999795,No Filter,Extreme
SEP_2023,6,TATAMOTORS,98,48,44,6,48.97959183673469,0.14374996203503618,54.08163265306123,87.89821428571543,No Filter,Extreme
SEP_2023,7,BHARTIARTL,126,74,49,3,58.730158730158735,0.14267369668875707,61.111111111111114,161.603571428573,No Filter,Extreme
SEP_2023,8,ICICIBANK,94,49,38,7,52.12765957446809,0.1277237668973576,59.57446808510638,117.27142857142883,MA100,Extreme
SEP_2023,9,TATASTEEL,105,50,55,0,47.61904761904761,0.12066110534951484,47.61904761904761,15.9892857142856,No Filter,Regular-2
SEP_2023,10,SUNPHARMA,147,72,69,6,48.97959183673469,0.11415484097369638,51.02040816326531,190.62499999999704,No Filter,Regular-2
OCT_2023,1,ASHOKLEY,124,72,44,8,58.06451612903226,0.26823362920461336,62.096774193548384,27.862499999999997,No Filter,Extreme
OCT_2023,2,NTPC,103,53,42,8,51.45631067961165,0.22060910556639768,58.252427184466015,53.85178571428551,No Filter,Extreme
OCT_2023,3,ADANIPORTS,25,16,9,0,64.0,0.13461827621547712,64.0,27.817857142856724,MA50,Sideways
OCT_2023,4,SBIN,34,17,17,0,50.0,0.11943309705276903,50.0,24.030357142856815,MA100,Extreme
OCT_2023,5,COALINDIA,87,46,41,0,52.87356321839081,0.09600443527775304,52.87356321839081,24.26785714285751,No Filter,Regular-1
OCT_2023,6,HINDALCO,129,54,66,9,41.86046511627907,0.07359791229675752,48.06201550387597,44.70892857142894,No Filter,Extreme
OCT_2023,7,TATASTEEL,82,36,44,2,43.90243902439025,0.06051429140807279,46.34146341463415,6.073214285714187,MA100,Extreme
OCT_2023,8,INFY,52,21,31,0,40.38461538461539,0.053750573714429956,40.38461538461539,40.95535714285734,MA50,Extreme
OCT_2023,9,ITC,37,18,19,0,48.64864864864865,0.039521170494972876,48.64864864864865,6.589285714285836,MA50,Sideways
OCT_2023,10,VEDL,110,51,55,4,46.36363636363636,0.03570786571310709,47.27272727272727,7.051785714285813,No Filter,Regular-1
NOV_2023,1,DIVISLAB,118,62,53,3,52.54237288135594,0.20280353194207534,55.08474576271186,852.6714285714324,No Filter,Extreme
NOV_2023,2,WIPRO,20,8,12,0,40.0,0.1999377091757576,40.0,8.11607142857153,MA50,Extreme
NOV_2023,3,COALINDIA,111,58,47,6,52.25225225225225,0.1838840109012118,56.75675675675676,65.70892857142815,No Filter,Extreme
NOV_2023,4,NTPC,122,54,55,13,44.26229508196721,0.17646022927660224,49.18032786885246,52.82142857142887,No Filter,Extreme
NOV_2023,5,AXISBANK,124,64,47,13,51.61290322580645,0.1759672534436329,59.67741935483871,220.50535714285695,MA100,Extreme
NOV_2023,6,SUNPHARMA,143,84,58,1,58.74125874125874,0.15585465210518365,58.74125874125874,262.8392857142878,No Filter,Regular-2
NOV_2023,7,HDFCBANK,144,79,56,9,54.861111111111114,0.14847479073427702,59.02777777777778,160.85714285714346,No Filter,Extreme
NOV_2023,8,BHARTIARTL,129,66,59,4,51.162790697674424,0.14143721568068035,52.71317829457365,173.2267857142857,No Filter,Extreme
NOV_2023,9,ONGC,113,58,48,7,51.32743362831859,0.13392171579345627,52.21238938053098,28.77857142857161,No Filter,Extreme
NOV_2023,10,DABUR,111,51,53,7,45.94594594594595,0.11967105273426758,49.549549549549546,71.19464285714412,No Filter,Extreme
DEC_2023,1,NATIONALUM,87,58,29,0,66.66666666666666,0.7367619360876486,66.66666666666666,67.1982142857142,No Filter,Extreme
DEC_2023,2,VEDL,105,70,34,1,66.66666666666666,0.4303467999132376,67.61904761904762,95.6607142857138,No Filter,Extreme
DEC_2023,3,NTPC,123,64,45,14,52.03252032520326,0.3006248390410319,54.47154471544715,109.64464285714274,No Filter,Extreme
DEC_2023,4,ASHOKLEY,117,64,47,6,54.700854700854705,0.26828468279503337,57.26495726495726,26.641071428571024,No Filter,Extreme
DEC_2023,5,BHARTIARTL,122,75,41,6,61.47540983606557,0.2580192121521102,63.934426229508205,316.74464285714237,No Filter,Extreme
DEC_2023,6,TATASTEEL,94,57,35,2,60.63829787234043,0.2575991151928299,60.63829787234043,31.3428571428572,No Filter,Extreme
DEC_2023,7,ADANIPORTS,119,52,55,12,43.69747899159664,0.23405528487947588,52.94117647058824,283.63392857142844,No Filter,Extreme
DEC_2023,8,HINDALCO,99,51,46,2,51.515151515151516,0.2252643755381553,53.535353535353536,123.29642857142949,No Filter,Extreme
DEC_2023,9,COALINDIA,97,50,45,2,51.546391752577314,0.21339487823234227,52.57731958762887,73.43750000000006,No Filter,Extreme
DEC_2023,10,PNB,102,49,46,7,48.03921568627451,0.20332419417148,50.0,18.57142857142881,No Filter,Extreme
JAN_2024,1,NATIONALUM,102,49,47,6,48.03921568627451,0.578127963122346,53.92156862745098,79.26249999999987,No Filter,Extreme
JAN_2024,2,COALINDIA,131,64,64,3,48.854961832061065,0.262892836041422,50.38167938931297,133.039285714286,No Filter,Extreme
JAN_2024,3,TECHM,147,68,75,4,46.25850340136054,0.21080739839833487,48.97959183673469,395.537499999999,No Filter,Extreme
JAN_2024,4,ONGC,99,45,52,2,45.45454545454545,0.20862105156721136,47.474747474747474,46.56964285714233,No Filter,Extreme
JAN_2024,5,SUNPHARMA,121,59,58,4,48.760330578512395,0.18696154140502713,52.066115702479344,301.18214285714157,No Filter,Extreme
JAN_2024,6,BHARTIARTL,124,62,61,1,50.0,0.17413441548014805,50.806451612903224,236.41428571428492,No Filter,Extreme
JAN_2024,7,DIVISLAB,123,62,55,6,50.40650406504065,0.1740190328907454,53.65853658536586,819.1928571428552,No Filter,Extreme
JAN_2024,8,HINDALCO,121,56,58,7,46.28099173553719,0.17078764630559126,52.066115702479344,119.02857142857249,No Filter,Extreme
JAN_2024,9,TATAMOTORS,142,69,68,5,48.59154929577465,0.16047172196288323,52.112676056338024,183.9446428571431,No Filter,Extreme
JAN_2024,10,ITC,117,65,52,0,55.55555555555556,0.13692125411325418,55.55555555555556,74.86785714285679,MA50,Regular-2
FEB_2024,1,POWERGRID,80,34,39,7,42.5,0.3259158158528916,50.0,72.84821428571456,No Filter,Extreme
FEB_2024,2,ADANIPORTS,100,48,41,11,48.0,0.31593088569559913,59.0,405.2821428571426,No Filter,Extreme
FEB_2024,3,COALINDIA,82,36,40,6,43.90243902439025,0.20262039203960974,48.78048780487805,74.83571428571344,No Filter,Extreme
FEB_2024,4,PNB,73,38,35,0,52.054794520547944,0.1970884781580889,52.054794520547944,17.925000000000026,No Filter,Regular-2
FEB_2024,5,JSWSTEEL,104,50,50,4,48.07692307692308,0.16381201384238692,50.0,139.15535714285852,MA100,Extreme
FEB_2024,6,DIVISLAB,105,53,51,1,50.476190476190474,0.16337896688693476,51.42857142857142,636.4571428571403,MA200,Regular-2
FEB_2024,7,AXISBANK,117,65,51,1,55.55555555555556,0.14832571309792258,55.55555555555556,185.88571428571368,No Filter,Regular-1
FEB_2024,8,HDFCBANK,109,57,49,3,52.293577981651374,0.1397931430816989,55.04587155963303,108.14285714285768,No Filter,Regular-2
FEB_2024,9,SUNPHARMA,150,63,72,15,42.0,0.137395338454054,50.0,313.096428571429,No Filter,Extreme
FEB_2024,10,SBIN,107,47,49,11,43.925233644859816,0.13415603128324477,53.271028037383175,103.16250000000184,No Filter,Extreme
MAR_2024,1,NATIONALUM,101,48,48,5,47.524752475247524,0.30297282424157007,52.475247524752476,46.20714285714246,No Filter,Extreme
MAR_2024,2,ONGC,99,44,55,0,44.44444444444444,0.278498983552724,44.44444444444444,73.57678571428596,No Filter,Extreme
MAR_2024,3,ADANIPORTS,120,54,63,3,45.0,0.22456675623228842,45.83333333333333,347.74285714285793,No Filter,Extreme
MAR_2024,4,HINDALCO,106,47,58,1,44.339622641509436,0.15390386217691948,45.28301886792453,87.02678571428527,No Filter,Extreme
MAR_2024,5,BHARTIARTL,95,43,45,7,45.26315789473684,0.14296144828840085,52.63157894736842,163.68928571428773,No Filter,Extreme
MAR_2024,6,COALINDIA,93,46,47,0,49.46236559139785,0.13792228227803616,49.46236559139785,56.00892857142884,No Filter,Regular-1
MAR_2024,7,POWERGRID,105,48,57,0,45.714285714285715,0.12929887030328702,45.714285714285715,37.6767857142857,No Filter,Extreme
MAR_2024,8,INDUSINDBK,99,48,46,5,48.484848484848484,0.1286899979549112,53.535353535353536,192.91428571428514,No Filter,Extreme
MAR_2024,9,ASHOKLEY,120,62,57,1,51.66666666666667,0.12526771217401614,51.66666666666667,12.228571428571371,No Filter,Regular-2
MAR_2024,10,VEDL,19,10,9,0,52.63157894736842,0.11456673569752521,52.63157894736842,5.346428571428561,MA100,Regular-2
APR_2024,1,ITC,23,16,7,0,69.56521739130434,0.23390332090375202,69.56521739130434,23.621428571428112,MA100,Regular-2
APR_2024,2,VEDL,82,36,41,5,43.90243902439025,0.22644272766364193,50.0,60.97321428571439,No Filter,Extreme
APR_2024,3,ONGC,113,60,45,8,53.09734513274337,0.2149070355755165,57.52212389380531,66.9785714285722,No Filter,Extreme
APR_2024,4,DIVISLAB,119,61,57,1,51.26050420168067,0.20534327064088612,51.26050420168067,925.48571428571,No Filter,Extreme
APR_2024,5,NTPC,98,57,38,3,58.16326530612245,0.18050103932933914,59.183673469387756,62.75714285714264,No Filter,Regular-2
APR_2024,6,ASHOKLEY,118,59,59,0,50.0,0.18046054964386454,50.0,18.721428571428604,No Filter,Extreme
APR_2024,7,AXISBANK,123,57,57,9,46.34146341463415,0.1800753812543211,53.65853658536586,239.39464285714143,MA200,Extreme
APR_2024,8,TATAMOTORS,128,72,52,4,56.25,0.16853937275712422,59.375,216.24107142857304,No Filter,Extreme
APR_2024,9,RELIANCE,103,49,46,8,47.57281553398058,0.1585508434026673,53.398058252427184,239.85714285714562,No Filter,Extreme
APR_2024,10,HINDALCO,113,53,56,4,46.902654867256636,0.14970603793184467,48.67256637168141,102.71428571428521,No Filter,Extreme
MAY_2024,1,DIVISLAB,105,72,33,0,68.57142857142857,0.27051995827933767,68.57142857142857,1149.0339285714244,No Filter,Regular-1
MAY_2024,2,ADANIPORTS,68,35,29,4,51.470588235294116,0.23670564387619397,54.41176470588235,220.26785714285552,MA50,Extreme
MAY_2024,3,SUNPHARMA,108,64,43,1,59.25925925925925,0.20239227315955988,59.25925925925925,329.57142857142753,No Filter,Regular-2
MAY_2024,4,POWERGRID,88,51,37,0,57.95454545454546,0.15139961460492807,57.95454545454546,41.43928571428563,No Filter,Sideways
MAY_2024,5,PNB,124,59,61,4,47.58064516129033,0.12113718066408741,49.193548387096776,19.096428571428717,No Filter,Regular-2
MAY_2024,6,VEDL,86,40,46,0,46.51162790697674,0.11176437735772385,46.51162790697674,39.30892857142845,No Filter,Sideways
MAY_2024,7,HINDALCO,100,47,53,0,47.0,0.1010831520598716,47.0,66.2714285714286,No Filter,Extreme
MAY_2024,8,DABUR,103,48,53,2,46.601941747572816,0.09820113152247666,48.54368932038835,55.557142857143845,No Filter,Regular-2
MAY_2024,9,ICICIBANK,137,58,71,8,42.33576642335766,0.09790238227241198,45.98540145985402,151.15892857142967,MA50,Extreme
MAY_2024,10,SBIN,126,59,61,6,46.82539682539682,0.08711339339303038,49.2063492063492,90.27857142857272,No Filter,Extreme
JUN_2024,1,IDEA,109,49,46,14,44.95412844036697,0.49601848758213635,51.37614678899083,8.9075,No Filter,Extreme
JUN_2024,2,RELIANCE,90,55,31,4,61.111111111111114,0.31821940924520986,65.55555555555556,419.5267857142869,No Filter,Extreme
JUN_2024,3,ASHOKLEY,95,36,45,14,37.89473684210527,0.24613332942164634,46.31578947368421,27.56607142857142,No Filter,Extreme
JUN_2024,4,PNB,98,37,41,20,37.755102040816325,0.22410768347917975,53.06122448979592,27.72214285714287,No Filter,Extreme
JUN_2024,5,HDFCBANK,137,63,70,4,45.98540145985402,0.21849810342791717,48.175182481751825,241.07857142857176,No Filter,Extreme
JUN_2024,6,ICICIBANK,88,40,40,8,45.45454545454545,0.20617309097964528,54.54545454545454,210.0982142857158,MA50,Extreme
JUN_2024,7,DABUR,78,46,32,0,58.97435897435898,0.19268133701870258,58.97435897435898,90.18035714285782,No Filter,Regular-1
JUN_2024,8,BANDHANBNK,118,52,64,2,44.06779661016949,0.19026083715929173,44.06779661016949,44.489642857143025,No Filter,Extreme
JUN_2024,9,VEDL,117,50,60,7,42.73504273504273,0.17335882151068943,44.44444444444444,87.57142857142793,No Filter,Regular-2
JUN_2024,10,WIPRO,113,50,57,6,44.24778761061947,0.16244176398080273,45.13274336283185,43.95000000000002,No Filter,Extreme
JUL_2024,1,ONGC,114,53,52,9,46.49122807017544,0.27302492511490745,51.75438596491229,97.37857142857098,No Filter,Extreme
JUL_2024,2,ITC,95,53,35,7,55.78947368421052,0.2515738124618732,63.1578947368421,110.70178571428534,No Filter,Extreme
JUL_2024,3,INFY,125,56,56,13,44.800000000000004,0.2248028243690867,52.800000000000004,482.32142857143117,No Filter,Extreme
JUL_2024,4,DABUR,114,61,47,6,53.50877192982456,0.22344994104059823,57.01754385964912,159.7982142857145,No Filter,Extreme
JUL_2024,5,CIPLA,115,61,47,7,53.04347826086957,0.19420335793829416,57.391304347826086,336.0946428571449,No Filter,Extreme
JUL_2024,6,TECHM,139,70,64,5,50.35971223021583,0.15989226040977025,51.07913669064749,328.3678571428577,No Filter,Extreme
JUL_2024,7,ADANIPORTS,117,54,51,12,46.15384615384615,0.15314102494080523,51.28205128205128,268.37321428571363,No Filter,Extreme
JUL_2024,8,VEDL,101,50,51,0,49.504950495049506,0.1271734973558723,49.504950495049506,55.77142857142837,No Filter,Regular-1
JUL_2024,9,BANDHANBNK,103,56,47,0,54.36893203883495,0.12673016045866142,54.36893203883495,26.06857142857129,No Filter,Sideways
JUL_2024,10,NATIONALUM,130,50,70,10,38.46153846153847,0.11917106411959322,46.15384615384615,30.007142857143037,No Filter,Extreme
AUG_2024,1,INDUSINDBK,5,5,0,0,100.0,0.39871037400963283,100.0,28.328571428571422,MA50,Extreme
AUG_2024,2,INFY,138,77,52,9,55.79710144927537,0.24410691651987276,62.31884057971014,622.8392857142887,No Filter,Extreme
AUG_2024,3,HDFCBANK,106,60,37,9,56.60377358490566,0.22696631998083264,62.264150943396224,196.24642857142703,No Filter,Extreme
AUG_2024,4,RELIANCE,14,10,4,0,71.42857142857143,0.20219049527829414,71.42857142857143,42.875000000000455,MA50,Regular-1
AUG_2024,5,IDEA,114,50,59,5,43.859649122807014,0.19979193917882884,48.24561403508772,3.62428571428571,No Filter,Extreme
AUG_2024,6,ASHOKLEY,108,52,49,7,48.148148148148145,0.19521057037856618,54.629629629629626,26.798214285713996,No Filter,Extreme
AUG_2024,7,BANDHANBNK,81,40,37,4,49.382716049382715,0.1930137234540323,54.32098765432099,31.162142857142896,No Filter,Extreme
AUG_2024,8,JSWSTEEL,124,62,59,3,50.0,0.18736054649673828,50.0,213.63392857142935,No Filter,Extreme
AUG_2024,9,TECHM,99,48,45,6,48.484848484848484,0.1666361368542356,50.505050505050505,258.48214285714243,No Filter,Extreme
AUG_2024,10,WIPRO,125,60,53,12,48.0,0.15164716695545183,54.400000000000006,48.248214285713516,No Filter,Extreme
SEP_2024,1,BHARTIARTL,125,82,41,2,65.60000000000001,0.4607611841797558,67.2,950.008928571425,No Filter,Extreme
SEP_2024,2,NATIONALUM,77,46,31,0,59.74025974025974,0.3774764159736002,59.74025974025974,53.519285714285814,No Filter,Regular-2
SEP_2024,3,NTPC,100,54,39,7,54.0,0.3758845906371953,57.99999999999999,155.3517857142856,No Filter,Extreme
SEP_2024,4,VEDL,54,32,20,2,59.25925925925925,0.35359106393002854,59.25925925925925,89.84642857142848,MA50,Extreme
SEP_2024,5,ONGC,96,56,39,1,58.333333333333336,0.3303651914726534,59.375,94.36964285714214,No Filter,Extreme
SEP_2024,6,DIVISLAB,119,72,43,4,60.50420168067227,0.31786509981348693,63.02521008403361,2009.958928571421,No Filter,Extreme
SEP_2024,7,IDEA,30,14,15,1,46.666666666666664,0.20856793922187133,46.666666666666664,0.9392857142856972,MA200,Extreme
SEP_2024,8,TATASTEEL,25,13,12,0,52.0,0.20723395297857902,52.0,8.56499999999997,MA50,Extreme
SEP_2024,9,POWERGRID,104,60,44,0,57.692307692307686,0.1875221060589015,57.692307692307686,66.19642857142856,No Filter,Regular-2
SEP_2024,10,JSWSTEEL,116,51,49,16,43.96551724137931,0.17043981459789634,51.724137931034484,190.97500000000196,No Filter,Extreme
OCT_2024,1,SBIN,131,77,43,11,58.778625954198475,0.3041764234181719,64.8854961832061,318.1714285714303,No Filter,Extreme
OCT_2024,2,BANDHANBNK,107,43,54,10,40.18691588785047,0.28391547543023193,43.925233644859816,56.95142857142898,No Filter,Extreme
OCT_2024,3,ASHOKLEY,9,4,5,0,44.44444444444444,0.26177834757452617,44.44444444444444,2.7857142857143202,MA100,Regular-2
OCT_2024,4,COALINDIA,62,33,29,0,53.2258064516129,0.20142233821425437,53.2258064516129,61.23571428571387,MA200,Regular-2
OCT_2024,5,PNB,137,49,70,18,35.76642335766424,0.19207132193027573,45.98540145985402,26.91357142857163,No Filter,Extreme
OCT_2024,6,TATASTEEL,53,26,27,0,49.056603773584904,0.13762536013706894,49.056603773584904,11.879999999999967,MA200,Regular-1
OCT_2024,7,TECHM,159,64,87,8,40.25157232704403,0.1287964289671318,44.0251572327044,342.9250000000022,No Filter,Extreme
OCT_2024,8,INFY,88,42,46,0,47.72727272727273,0.11238760505743171,47.72727272727273,191.46071428571418,MA50,Regular-2
OCT_2024,9,HDFCBANK,85,38,44,3,44.70588235294118,0.10038061412715198,48.23529411764706,72.97499999999934,MA50,Extreme
OCT_2024,10,RELIANCE,3,2,1,0,66.66666666666666,0.07250067310468143,66.66666666666666,3.192857142857065,MA200,Sideways
NOV_2024,1,SUNPHARMA,121,79,42,0,65.28925619834712,0.3874959423139739,65.28925619834712,833.6357142857155,No Filter,Extreme
NOV_2024,2,ADANIPORTS,88,38,45,5,43.18181818181818,0.3664831750059047,47.72727272727273,400.396428571426,No Filter,Extreme
NOV_2024,3,ASHOKLEY,25,13,8,4,52.0,0.35372015390531014,60.0,10.31607142857142,MA50,Extreme
NOV_2024,4,WIPRO,117,65,41,11,55.55555555555556,0.31768770258342294,61.53846153846154,105.17321428571415,No Filter,Extreme
NOV_2024,5,INFY,115,65,46,4,56.52173913043478,0.19720034675069706,56.52173913043478,416.7339285714306,No Filter,Extreme
NOV_2024,6,RELIANCE,71,36,28,7,50.70422535211267,0.1522972732663175,50.70422535211267,138.31250000000114,No Filter,Extreme
NOV_2024,7,IDEA,95,46,48,1,48.421052631578945,0.15138707978826704,48.421052631578945,1.0925000000000082,No Filter,Regular-1
NOV_2024,8,ONGC,93,46,47,0,49.46236559139785,0.13859010116734266,49.46236559139785,33.182142857142765,No Filter,Regular-2
NOV_2024,9,NTPC,13,9,4,0,69.23076923076923,0.12988850338532154,69.23076923076923,6.885714285714357,MA100,Sideways
NOV_2024,10,CIPLA,43,24,19,0,55.81395348837209,0.11546832397016835,55.81395348837209,78.91428571428423,MA100,Regular-1
DEC_2024,1,NATIONALUM,33,20,13,0,60.60606060606061,0.38924121458820615,60.60606060606061,31.801785714285614,MA50,Extreme
DEC_2024,2,SUNPHARMA,30,22,8,0,73.33333333333333,0.31346972844986376,73.33333333333333,175.3803571428582,MA50,Extreme
DEC_2024,3,BHARTIARTL,121,56,57,8,46.28099173553719,0.13384783159659502,50.413223140495866,260.1732142857138,No Filter,Extreme
DEC_2024,4,VEDL,90,46,42,2,51.11111111111111,0.10442297773782072,53.333333333333336,44.9178571428568,No Filter,Regular-2
DEC_2024,5,JSWSTEEL,41,20,20,1,48.78048780487805,0.08642776184986,48.78048780487805,35.382142857143094,MA50,Regular-2
DEC_2024,6,AXISBANK,6,2,4,0,33.33333333333333,0.08201346598412887,33.33333333333333,5.792857142856974,MA50,Regular-1
DEC_2024,7,TECHM,165,70,83,12,42.42424242424242,0.0792047365236908,46.06060606060606,228.91250000000196,No Filter,Extreme
DEC_2024,8,WIPRO,127,58,64,5,45.66929133858268,0.0691212363119722,46.45669291338583,26.730357142856974,No Filter,Extreme
DEC_2024,9,NTPC,142,62,80,0,43.66197183098591,0.06227714029012969,43.66197183098591,31.226785714285825,No Filter,Regular-1
DEC_2024,10,POWERGRID,48,25,23,0,52.083333333333336,0.04627469508160385,52.083333333333336,7.317857142857292,MA50,Regular-1
JAN_2025,1,VEDL,108,59,41,8,54.629629629629626,0.37222332875577874,62.03703703703704,177.53750000000014,No Filter,Extreme
JAN_2025,2,TATASTEEL,127,79,48,0,62.20472440944882,0.2933661944317991,62.20472440944882,48.701428571428565,No Filter,Regular-2
JAN_2025,3,RELIANCE,121,75,42,4,61.98347107438017,0.29122291335509554,62.8099173553719,440.9875000000002,No Filter,Extreme
JAN_2025,4,TATAMOTORS,80,45,35,0,56.25,0.25641863180653185,56.25,155.88214285714275,No Filter,Regular-2
JAN_2025,5,ASHOKLEY,17,11,6,0,64.70588235294117,0.2086388970372523,64.70588235294117,4.064285714285674,MA200,Sideways
JAN_2025,6,IDEA,105,55,49,1,52.38095238095239,0.19525481964630859,53.333333333333336,1.756785714285698,No Filter,Regular-1
JAN_2025,7,BHARTIARTL,126,67,54,5,53.17460317460318,0.19028834906093703,57.14285714285714,388.18214285714157,MA50,Regular-2
JAN_2025,8,HINDALCO,117,56,59,2,47.863247863247864,0.15974647248930543,47.863247863247864,110.41428571428435,No Filter,Regular-2
JAN_2025,9,NATIONALUM,92,38,54,0,41.30434782608695,0.14114657821053472,41.30434782608695,26.41999999999956,No Filter,Extreme
JAN_2025,10,COALINDIA,126,61,65,0,48.41269841269841,0.12361961822085207,48.41269841269841,59.1964285714281,No Filter,Regular-2
FEB_2025,1,IDEA,38,19,19,0,50.0,0.3095454324311247,50.0,1.090714285714311,MA100,Extreme
FEB_2025,2,ADANIPORTS,109,55,45,9,50.45871559633027,0.29432785428953073,58.71559633027523,352.33928571428874,No Filter,Extreme
FEB_2025,3,HINDALCO,91,48,42,1,52.74725274725275,0.23363446967444504,53.84615384615385,129.09285714285727,No Filter,Extreme
FEB_2025,4,ASHOKLEY,79,37,42,0,46.835443037974684,0.1732618584583245,46.835443037974684,14.789285714285668,No Filter,Regular-2
FEB_2025,5,INFY,87,43,44,0,49.42528735632184,0.14783097440630785,49.42528735632184,239.42142857142858,MA200,Regular-2
FEB_2025,6,AXISBANK,113,59,53,1,52.21238938053098,0.13142057570700966,52.21238938053098,149.61785714285645,No Filter,Regular-2
FEB_2025,7,BHARTIARTL,96,42,54,0,43.75,0.10453827093502925,43.75,166.6714285714313,No Filter,Extreme
FEB_2025,8,ICICIBANK,100,50,50,0,50.0,0.06949013825120681,50.0,86.87142857142817,No Filter,Regular-2
FEB_2025,9,HDFCBANK,86,48,38,0,55.81395348837209,0.06728704869824383,55.81395348837209,49.2142857142851,No Filter,Sideways
FEB_2025,10,SUNPHARMA,108,49,59,0,45.370370370370374,0.06691092119802006,45.370370370370374,124.30714285714225,No Filter,Sideways
MAR_2025,1,BANDHANBNK,119,63,46,10,52.94117647058824,0.36620871339929445,56.30252100840336,63.22714285714238,No Filter,Extreme
MAR_2025,2,RELIANCE,91,60,21,10,65.93406593406593,0.3493897064681493,72.52747252747253,395.95357142857256,No Filter,Extreme
MAR_2025,3,NTPC,119,68,47,4,57.14285714285714,0.3378340122304092,57.98319327731093,136.3839285714285,No Filter,Extreme
MAR_2025,4,TATAMOTORS,115,67,39,9,58.26086956521739,0.2692142880431505,60.0,206.42678571428678,No Filter,Extreme
MAR_2025,5,COALINDIA,123,59,59,5,47.96747967479675,0.24442372545604088,52.03252032520326,116.86607142857144,No Filter,Extreme
MAR_2025,6,POWERGRID,141,69,61,11,48.93617021276596,0.20162059456986814,56.02836879432624,77.766071428571,No Filter,Extreme
MAR_2025,7,IDEA,115,49,64,2,42.608695652173914,0.18305148536871088,44.34782608695652,1.5285714285714196,No Filter,Extreme
MAR_2025,8,ONGC,103,52,47,4,50.48543689320388,0.17978593901813825,53.398058252427184,43.1485714285715,No Filter,Extreme
MAR_2025,9,VEDL,89,39,44,6,43.82022471910113,0.17260170681773823,50.56179775280899,68.93392857142851,No Filter,Extreme
MAR_2025,10,SBIN,115,62,45,8,53.91304347826087,0.16582732815604656,54.78260869565217,141.40535714285704,No Filter,Extreme
APR_2025,1,VEDL,84,53,28,3,63.095238095238095,0.4065644298911267,64.28571428571429,138.45714285714263,No Filter,Extreme
APR_2025,2,TECHM,102,53,42,7,51.9607843137255,0.3102222848132396,54.90196078431373,444.8432142857164,No Filter,Extreme
APR_2025,3,INDUSINDBK,94,51,41,2,54.25531914893617,0.29747806215620576,54.25531914893617,210.05714285714396,No Filter,Extreme
APR_2025,4,RELIANCE,48,23,23,2,47.91666666666667,0.26878070845368945,52.083333333333336,169.91964285714175,MA100,Extreme
APR_2025,5,ASHOKLEY,47,26,21,0,55.319148936170215,0.2614198675069711,55.319148936170215,13.901785714285708,MA100,Extreme
APR_2025,6,PNB,119,57,61,1,47.89915966386555,0.21660492900057024,48.739495798319325,25.485714285714195,No Filter,Extreme
APR_2025,7,BHARTIARTL,123,61,58,4,49.59349593495935,0.1877787860819452,52.03252032520326,416.0517857142827,No Filter,Extreme
APR_2025,8,SBIN,94,43,51,0,45.744680851063826,0.18744161515694358,45.744680851063826,138.2500000000008,No Filter,Extreme
APR_2025,9,ITC,129,60,61,8,46.51162790697674,0.1792725662257277,51.93798449612403,97.20714285714257,No Filter,Extreme
APR_2025,10,CIPLA,103,51,52,0,49.51456310679612,0.15338531096046906,49.51456310679612,234.66250000000105,No Filter,Extreme
MAY_2025,1,IDEA,117,63,51,3,53.84615384615385,0.3675829527461291,55.55555555555556,2.9814285714285784,No Filter,Extreme
MAY_2025,2,PNB,16,10,4,2,62.5,0.32260809979180877,75.0,5.279642857142846,MA200,Extreme
MAY_2025,3,VEDL,125,62,53,10,49.6,0.27297457058841584,55.2,147.74107142857127,No Filter,Extreme
MAY_2025,4,BANDHANBNK,102,56,38,8,54.90196078431373,0.2682453994444589,56.86274509803921,45.3771428571431,No Filter,Extreme
MAY_2025,5,TATAMOTORS,78,39,37,2,50.0,0.22861953765222134,50.0,127.22071428571348,MA50,Extreme
MAY_2025,6,INDUSINDBK,120,60,60,0,50.0,0.21480093169862807,50.0,208.38214285714378,No Filter,Regular-2
MAY_2025,7,ASHOKLEY,123,63,54,6,51.21951219512195,0.20563720659870607,51.21951219512195,29.514285714285876,No Filter,Extreme
MAY_2025,8,CIPLA,16,11,5,0,68.75,0.17538862756689616,68.75,43.060714285714084,MA200,Regular-1
MAY_2025,9,TATASTEEL,143,57,74,12,39.86013986013986,0.1396946546143916,42.65734265734265,30.8878571428572,No Filter,Extreme
MAY_2025,10,COALINDIA,106,49,54,3,46.22641509433962,0.12229065743126366,48.113207547169814,51.712500000000034,MA100,Extreme
JUN_2025,1,IDEA,123,55,60,8,44.71544715447154,0.31604823639239066,50.40650406504065,2.7035714285714274,No Filter,Extreme
JUN_2025,2,CIPLA,141,80,48,13,56.73758865248227,0.19173053858740852,60.99290780141844,405.68571428571477,No Filter,Extreme
JUN_2025,3,BHARTIARTL,149,82,60,7,55.033557046979865,0.180848308997246,56.375838926174495,509.41785714285834,No Filter,Extreme
JUN_2025,4,TATAMOTORS,122,58,52,12,47.540983606557376,0.15365977544042028,54.91803278688525,129.84642857142887,No Filter,Extreme
JUN_2025,5,HINDALCO,41,24,17,0,58.536585365853654,0.13570753549490372,58.536585365853654,37.910714285714334,MA200,Regular-2
JUN_2025,6,VEDL,117,56,55,6,47.863247863247864,0.12867849492361555,51.28205128205128,67.93928571428575,No Filter,Extreme
JUN_2025,7,ICICIBANK,129,66,59,4,51.162790697674424,0.12586455639995317,54.263565891472865,232.14999999999895,No Filter,Regular-2
JUN_2025,8,NTPC,127,70,56,1,55.118110236220474,0.12446060739477546,55.118110236220474,52.66071428571456,No Filter,Regular-2
JUN_2025,9,WIPRO,126,68,56,2,53.96825396825397,0.10334023262330333,55.55555555555556,33.660714285713965,No Filter,Extreme
JUN_2025,10,COALINDIA,112,55,54,3,49.107142857142854,0.09530828602204555,51.78571428571429,42.028571428571524,No Filter,Regular-2
JUL_2025,1,BANDHANBNK,110,53,55,2,48.18181818181818,0.13222538578007922,49.09090909090909,26.298571428571506,MA50,Extreme
JUL_2025,2,AXISBANK,66,41,25,0,62.121212121212125,0.11192466414279877,62.121212121212125,86.4714285714283,MA100,Regular-1
JUL_2025,3,TECHM,34,19,15,0,55.88235294117647,0.10952179006333984,55.88235294117647,61.46428571428669,MA50,Regular-2
JUL_2025,4,TATAMOTORS,99,51,48,0,51.515151515151516,0.10891347133077614,51.515151515151516,73.85357142857129,No Filter,Regular-2
JUL_2025,5,DABUR,174,78,94,2,44.827586206896555,0.08993365529792874,45.97701149425287,80.70178571428579,No Filter,Extreme
JUL_2025,6,NATIONALUM,124,57,61,6,45.96774193548387,0.08297736688040437,45.96774193548387,19.722857142856554,MA50,Extreme
JUL_2025,7,HINDALCO,147,72,70,5,48.97959183673469,0.07244819826858857,51.70068027210885,72.855357142858,No Filter,Extreme
JUL_2025,8,INDUSINDBK,104,44,49,11,42.30769230769231,0.06888031345866522,50.0,61.573214285716176,MA50,Extreme
JUL_2025,9,JSWSTEEL,153,82,71,0,53.59477124183007,0.057099112272441015,53.59477124183007,90.66071428571183,No Filter,Sideways
JUL_2025,10,SUNPHARMA,173,67,97,9,38.72832369942196,0.045152348207416634,43.93063583815029,132.25714285713843,No Filter,Extreme
AUG_2025,1,VEDL,84,51,31,2,60.71428571428571,0.36660237429029346,63.095238095238095,134.94999999999987,No Filter,Extreme
AUG_2025,2,DABUR,79,43,34,2,54.43037974683544,0.1362876964671389,55.69620253164557,55.470714285713484,No Filter,Regular-2
AUG_2025,3,ADANIPORTS,46,23,23,0,50.0,0.10858619257312702,50.0,68.37857142857183,MA100,Regular-2
AUG_2025,4,SUNPHARMA,140,66,68,6,47.14285714285714,0.08773805816597259,48.57142857142857,198.91428571428673,No Filter,Extreme
AUG_2025,5,ASHOKLEY,97,48,49,0,49.48453608247423,0.0859865333222263,49.48453608247423,10.336071428571543,No Filter,Regular-1
AUG_2025,6,BHARTIARTL,104,44,55,5,42.30769230769231,0.0702969063587029,45.19230769230769,139.13571428571368,No Filter,Extreme
AUG_2025,7,DIVISLAB,98,42,56,0,42.857142857142854,0.06014587235507079,42.857142857142854,363.5,No Filter,Sideways
AUG_2025,8,TATASTEEL,106,48,56,2,45.28301886792453,0.04530926377609455,45.28301886792453,7.600357142857206,No Filter,Sideways
AUG_2025,9,BANDHANBNK,36,18,18,0,50.0,0.04484972937993438,50.0,2.7999999999998693,MA100,Sideways
AUG_2025,10,TATAMOTORS,110,39,64,7,35.45454545454545,0.0422697382521625,37.27272727272727,31.202857142855805,No Filter,Extreme
SEP_2025,1,IDEA,123,61,49,13,49.59349593495935,0.45026443801239524,56.91056910569105,4.24464285714285,No Filter,Extreme
SEP_2025,2,NATIONALUM,100,61,39,0,61.0,0.2625940195587318,61.0,54.929285714285726,No Filter,Regular-2
SEP_2025,3,NTPC,62,35,22,5,56.451612903225815,0.22983469361272404,61.29032258064516,48.707142857142514,MA100,Extreme
SEP_2025,4,VEDL,126,69,55,2,54.761904761904766,0.21136185581523775,56.34920634920635,119.57321428571487,No Filter,Extreme
SEP_2025,5,PNB,110,61,43,6,55.45454545454545,0.2023079811970868,60.0,23.948571428571313,No Filter,Extreme
SEP_2025,6,HINDALCO,133,69,48,16,51.8796992481203,0.19278553988297106,60.150375939849624,191.39285714285654,No Filter,Extreme
SEP_2025,7,DIVISLAB,24,17,7,0,70.83333333333334,0.18540311997705342,70.83333333333334,273.7857142857147,MA200,Regular-2
SEP_2025,8,AXISBANK,138,65,56,17,47.10144927536232,0.12703110272621218,53.62318840579711,193.84285714285807,No Filter,Extreme
SEP_2025,9,BANDHANBNK,91,37,48,6,40.65934065934066,0.12610422961535703,47.25274725274725,18.7974999999999,No Filter,Extreme
SEP_2025,10,TATASTEEL,119,64,54,1,53.78151260504202,0.11287766341743079,54.621848739495796,22.670000000000215,No Filter,Regular-2
OCT_2025,1,NATIONALUM,100,56,36,8,56.00000000000001,0.4330488549218784,64.0,99.05607142857085,No Filter,Extreme
OCT_2025,2,IDEA,111,50,59,2,45.04504504504504,0.29966378138636973,45.94594594594595,2.992142857142902,No Filter,Extreme
OCT_2025,3,DIVISLAB,113,55,50,8,48.67256637168141,0.21011375025035203,54.86725663716814,1507.6964285714312,No Filter,Extreme
OCT_2025,4,TATASTEEL,118,62,50,6,52.54237288135594,0.19210361107169815,53.38983050847458,39.53499999999994,No Filter,Extreme
OCT_2025,5,AXISBANK,140,76,62,2,54.285714285714285,0.18844387800378282,55.714285714285715,318.5285714285742,No Filter,Extreme
OCT_2025,6,RELIANCE,154,77,56,21,50.0,0.1645165002306696,53.896103896103895,358.2392857142895,No Filter,Extreme
OCT_2025,7,PNB,95,52,42,1,54.736842105263165,0.15364352727856684,55.78947368421052,17.124999999999957,No Filter,Extreme
OCT_2025,8,ONGC,115,54,59,2,46.95652173913044,0.1528578895950075,48.69565217391305,43.74750000000029,No Filter,Extreme
OCT_2025,9,HINDALCO,118,60,55,3,50.847457627118644,0.15024669080795744,53.38983050847458,140.6750000000003,No Filter,Regular-2
OCT_2025,10,ADANIPORTS,100,51,47,2,51.0,0.14772946960140249,52.0,211.56071428571568,No Filter,Extreme
NOV_2025,1,VEDL,86,46,33,7,53.48837209302325,0.26526697601831417,61.627906976744185,117.9625000000002,No Filter,Extreme
NOV_2025,2,TECHM,29,16,13,0,55.172413793103445,0.24394338941287536,55.172413793103445,105.96071428571304,MA50,Extreme
NOV_2025,3,NATIONALUM,100,47,53,0,47.0,0.1595893469612069,47.0,40.857857142857114,No Filter,Extreme
NOV_2025,4,IDEA,94,42,52,0,44.680851063829785,0.14743306123297167,44.680851063829785,1.4185714285714077,No Filter,Extreme
NOV_2025,5,ASHOKLEY,118,50,62,6,42.3728813559322,0.1386832813107366,44.06779661016949,23.832499999999982,No Filter,Extreme
NOV_2025,6,RELIANCE,115,61,51,3,53.04347826086957,0.12485369632513894,55.65217391304348,218.42142857142812,No Filter,Regular-2
NOV_2025,7,PNB,90,49,39,2,54.44444444444444,0.11176618568138784,56.666666666666664,12.376428571428477,No Filter,Regular-2
NOV_2025,8,CIPLA,138,60,63,15,43.47826086956522,0.10928195743618638,51.449275362318836,229.03214285714262,No Filter,Extreme
NOV_2025,9,BHARTIARTL,117,64,53,0,54.700854700854705,0.10335215076476009,54.700854700854705,254.25714285714002,No Filter,Regular-2
NOV_2025,10,SBIN,109,48,60,1,44.03669724770643,0.0853529550980591,44.03669724770643,89.95535714285666,No Filter,Extreme
DEC_2025,1,IDEA,130,68,59,3,52.307692307692314,0.3717055754128212,53.07692307692308,5.440357142857133,No Filter,Extreme
DEC_2025,2,VEDL,125,65,59,1,52.0,0.2396832183065642,52.0,168.18571428571613,No Filter,Extreme
DEC_2025,3,ITC,1,1,0,0,100.0,0.21949039674751114,100.0,0.8946428571428555,MA100,Sideways
DEC_2025,4,ASHOKLEY,129,61,64,4,47.286821705426355,0.11566419181594692,50.3875968992248,24.960714285714346,No Filter,Regular-2
DEC_2025,5,HINDALCO,141,65,72,4,46.09929078014184,0.10977899054999349,46.09929078014184,130.35892857142915,No Filter,Extreme
DEC_2025,6,BHARTIARTL,180,80,92,8,44.44444444444444,0.09701112798453046,47.77777777777778,366.4250000000013,No Filter,Extreme
DEC_2025,7,BANDHANBNK,95,44,50,1,46.31578947368421,0.0867229902713793,47.368421052631575,12.097857142857407,No Filter,Regular-2
DEC_2025,8,COALINDIA,168,64,93,11,38.095238095238095,0.05277716532245686,44.642857142857146,34.17857142857105,No Filter,Extreme
DEC_2025,9,SBIN,130,54,66,10,41.53846153846154,0.0460486857420883,46.15384615384615,57.923214285714835,No Filter,Extreme
DEC_2025,10,HDFCBANK,120,52,65,3,43.333333333333336,0.04130164427809296,44.166666666666664,49.24642857142692,No Filter,Extreme
