month,rank,stock,win_pct,efficiency,net_pnl,filter,atr_config
JAN_2022,1,VEDL,100.0,1.192645353652484,3.6000000000000227,MA100,Extreme
JAN_2022,2,BHARTIARTL,62.37623762376238,0.3299151360994444,236.1732142857163,MA100,Extreme
JAN_2022,3,PNB,44.02985074626866,0.2968700583603441,15.68928571428583,No Filter,Extreme
JAN_2022,4,BANDHANBNK,51.61290322580645,0.29592144870295173,79.376785714285,No Filter,Extreme
JAN_2022,5,CIPLA,64.70588235294117,0.27887681050603674,88.21250000000123,MA200,Extreme
JAN_2022,6,COALINDIA,45.07042253521127,0.21098110239639506,21.51785714285714,No Filter,Extreme
JAN_2022,7,ONGC,59.13978494623656,0.20658964929805423,29.485714285714096,No Filter,Extreme
JAN_2022,8,AXISBANK,53.04347826086957,0.19239374132833437,162.09999999999877,No Filter,Regular-2
JAN_2022,9,POWERGRID,52.54237288135594,0.1908325115365186,34.40357142857087,No Filter,Extreme
JAN_2022,10,NTPC,40.0,0.15787927332524865,20.189285714286157,No Filter,Extreme
FEB_2022,1,VEDL,60.60606060606061,0.29530701560769246,61.63928571428585,No Filter,Regular-1
FEB_2022,2,ITC,54.83870967741935,0.21370816498509254,15.342857142857241,MA100,Extreme
FEB_2022,3,DABUR,54.0,0.19286503035434893,107.32678571428539,No Filter,Extreme
FEB_2022,4,SUNPHARMA,51.35135135135135,0.13509683800793454,130.51428571428642,No Filter,Regular-2
FEB_2022,5,DIVISLAB,44.680851063829785,0.09827076580599792,395.3732142857175,No Filter,Extreme
FEB_2022,6,RELIANCE,42.857142857142854,0.09441800832950253,82.41785714285606,MA200,Extreme
FEB_2022,7,INFY,53.84615384615385,0.09101863395798065,143.49642857142794,No Filter,Regular-1
FEB_2022,8,COALINDIA,43.0,0.08514521512204154,12.566071428571377,MA200,Sideways
FEB_2022,9,TATASTEEL,39.130434782608695,0.07671401411250281,6.092857142857312,No Filter,Extreme
FEB_2022,10,SBIN,45.76271186440678,0.07379945238199126,22.84642857142876,MA100,Regular-2
MAR_2022,1,ITC,62.8099173553719,0.3942188609927404,113.25178571428594,No Filter,Extreme
MAR_2022,2,CIPLA,46.22641509433962,0.3507599286661979,369.19464285714275,No Filter,Extreme
MAR_2022,3,TATAMOTORS,52.77777777777778,0.32140782869219037,98.78035714285733,No Filter,Extreme
MAR_2022,4,ICICIBANK,47.31182795698925,0.27486685714809245,180.00535714285706,No Filter,Extreme
MAR_2022,5,POWERGRID,50.0,0.23585046796083917,39.41249999999991,No Filter,Extreme
MAR_2022,6,SUNPHARMA,55.10204081632652,0.22805139062494675,197.22500000000082,No Filter,Extreme
MAR_2022,7,JSWSTEEL,50.0,0.2145105740541308,122.14285714285722,No Filter,Regular-2
MAR_2022,8,COALINDIA,42.857142857142854,0.21233324903680717,25.008928571428697,No Filter,Extreme
MAR_2022,9,IDEA,40.25974025974026,0.18919214272054408,2.9678571428571736,No Filter,Regular-2
MAR_2022,10,ONGC,58.82352941176471,0.1624879661797348,13.86428571428587,MA50,Regular-1
APR_2022,1,NTPC,65.11627906976744,0.4406764939115452,58.707142857143,No Filter,Extreme
APR_2022,2,TECHM,66.66666666666666,0.3937600036325248,34.6875,MA200,Extreme
APR_2022,3,BANDHANBNK,55.952380952380956,0.38962549581087225,107.18928571428535,No Filter,Extreme
APR_2022,4,ITC,61.8421052631579,0.3555033690619084,70.04642857142855,No Filter,Extreme
APR_2022,5,AXISBANK,55.769230769230774,0.325814168385183,133.15357142857238,No Filter,Regular-2
APR_2022,6,ICICIBANK,53.65853658536586,0.24365204651809685,149.8696428571418,No Filter,Extreme
APR_2022,7,POWERGRID,52.68817204301075,0.23965551317226552,37.50357142857126,No Filter,Extreme
APR_2022,8,ASHOKLEY,45.83333333333333,0.22498794218093143,13.194642857142902,No Filter,Extreme
APR_2022,9,SBIN,43.90243902439025,0.15876454641843368,66.50535714285695,No Filter,Extreme
APR_2022,10,COALINDIA,47.72727272727273,0.15036147272242437,23.248214285714,No Filter,Extreme
MAY_2022,1,DABUR,100.0,1.1281915098663202,18.81428571428569,MA50,Extreme
MAY_2022,2,TATAMOTORS,100.0,0.8734664544941213,30.385714285714243,MA50,Regular-2
MAY_2022,3,INDUSINDBK,52.22222222222223,0.34177049152949746,280.6571428571418,No Filter,Extreme
MAY_2022,4,CIPLA,58.108108108108105,0.27822820406853704,200.33571428571338,MA100,Extreme
MAY_2022,5,SUNPHARMA,49.59349593495935,0.25804259366154797,284.5035714285715,No Filter,Extreme
MAY_2022,6,TATASTEEL,44.61538461538462,0.24588596187939968,16.712499999999977,No Filter,Extreme
MAY_2022,7,COALINDIA,46.2962962962963,0.2414817437834429,42.96249999999989,No Filter,Extreme
MAY_2022,8,ONGC,50.0,0.23786358254803885,33.98214285714303,No Filter,Extreme
MAY_2022,9,POWERGRID,51.37614678899083,0.2196472971286501,40.85714285714303,No Filter,Extreme
MAY_2022,10,TECHM,50.53763440860215,0.1919659445305792,206.39285714285813,No Filter,Regular-2
JUN_2022,1,INDUSINDBK,69.23076923076923,0.40640297912393514,49.43749999999977,MA100,Extreme
JUN_2022,2,ASHOKLEY,44.565217391304344,0.36418466304678976,22.099999999999852,No Filter,Extreme
JUN_2022,3,TATAMOTORS,62.5,0.281873496242628,39.22142857142859,MA50,Regular-2
JUN_2022,4,BANDHANBNK,42.10526315789473,0.2141666529263567,39.894642857142344,MA100,Extreme
JUN_2022,5,POWERGRID,75.0,0.21072329777985171,1.4196428571428612,MA50,Regular-1
JUN_2022,6,HINDALCO,48.0,0.20594197572207784,56.796428571428294,No Filter,Extreme
JUN_2022,7,NATIONALUM,52.17391304347826,0.1702606887727908,12.775000000000034,No Filter,Regular-2
JUN_2022,8,SBIN,43.90243902439025,0.16859719594511627,95.21071428571389,No Filter,Extreme
JUN_2022,9,COALINDIA,50.90909090909091,0.12182746808546323,23.282142857142674,No Filter,Regular-2
JUN_2022,10,RELIANCE,40.65934065934066,0.08607343396212633,97.34642857142899,No Filter,Extreme
JUL_2022,1,INDUSINDBK,66.66666666666666,0.5080461948593135,407.4500000000003,No Filter,Extreme
JUL_2022,2,VEDL,48.717948717948715,0.38694888234677993,59.382142857142725,No Filter,Extreme
JUL_2022,3,ICICIBANK,68.29268292682927,0.38337667075182535,243.8214285714289,No Filter,Extreme
JUL_2022,4,AXISBANK,62.88659793814433,0.3779065203988388,251.0482142857137,No Filter,Extreme
JUL_2022,5,ADANIPORTS,58.536585365853654,0.35823574178904766,217.10178571428742,No Filter,Extreme
JUL_2022,6,HINDALCO,58.82352941176471,0.3027043779569465,75.41607142857163,No Filter,Extreme
JUL_2022,7,ITC,58.59375,0.2761460731285632,104.6285714285716,No Filter,Extreme
JUL_2022,8,TATASTEEL,55.81395348837209,0.2756346605453367,20.858928571428905,No Filter,Extreme
JUL_2022,9,COALINDIA,49.2063492063492,0.2619465105477223,59.45714285714308,No Filter,Extreme
JUL_2022,10,PNB,45.88235294117647,0.25402132585019604,13.371428571428464,No Filter,Extreme
AUG_2022,1,IDEA,52.63157894736842,0.8040816326530649,1.4071428571428637,MA100,Regular-2
AUG_2022,2,PNB,52.307692307692314,0.4189176815309978,18.300000000000125,No Filter,Extreme
AUG_2022,3,NATIONALUM,57.14285714285714,0.3972910375185553,22.176785714285757,MA50,Extreme
AUG_2022,4,DABUR,50.505050505050505,0.2381377229053642,136.7946428571429,No Filter,Extreme
AUG_2022,5,ADANIPORTS,48.0,0.22249815506315407,135.82500000000016,No Filter,Extreme
AUG_2022,6,NTPC,55.55555555555556,0.21287504712848784,33.392857142857395,No Filter,Regular-2
AUG_2022,7,COALINDIA,46.875,0.19801480281391587,38.6571428571425,No Filter,Extreme
AUG_2022,8,TATASTEEL,44.34782608695652,0.17333740538666528,20.999999999999886,No Filter,Extreme
AUG_2022,9,JSWSTEEL,48.148148148148145,0.16112994764073016,86.74285714285827,No Filter,Extreme
AUG_2022,10,DIVISLAB,39.08045977011494,0.12666059666780533,413.0803571428569,No Filter,Extreme
SEP_2022,1,PNB,48.80952380952381,0.49098368327457836,15.737500000000061,No Filter,Extreme
SEP_2022,2,NATIONALUM,53.125,0.33571288046991205,8.532142857142816,MA50,Extreme
SEP_2022,3,POWERGRID,56.666666666666664,0.2643818050627882,51.79464285714323,No Filter,Extreme
SEP_2022,4,CIPLA,56.97674418604651,0.2102783467595488,191.9928571428586,No Filter,Regular-2
SEP_2022,5,BANDHANBNK,55.55555555555556,0.17576263763350858,22.81785714285735,MA50,Regular-2
SEP_2022,6,ONGC,46.42857142857143,0.16188090532672364,22.8124999999999,No Filter,Extreme
SEP_2022,7,AXISBANK,42.25352112676056,0.14996811169658797,82.85535714285697,MA50,Extreme
SEP_2022,8,INFY,43.29896907216495,0.1387584414409331,193.23035714285515,No Filter,Extreme
SEP_2022,9,ADANIPORTS,43.24324324324324,0.12492052000909984,84.46607142857295,MA50,Extreme
SEP_2022,10,TATAMOTORS,55.55555555555556,0.11673684155831772,4.814285714285802,MA200,Regular-1
OCT_2022,1,AXISBANK,66.66666666666666,0.43769996445076514,283.18750000000057,No Filter,Extreme
OCT_2022,2,ASHOKLEY,60.3448275862069,0.41725068673931626,17.457142857142884,No Filter,Extreme
OCT_2022,3,PNB,49.504950495049506,0.4107293074001355,16.11249999999992,No Filter,Extreme
OCT_2022,4,CIPLA,60.91954022988506,0.3575443513921291,351.28392857142853,No Filter,Extreme
OCT_2022,5,JSWSTEEL,59.01639344262295,0.33843761672203265,134.23214285714266,MA100,Extreme
OCT_2022,6,ADANIPORTS,57.14285714285714,0.31164850752479695,123.03571428571456,No Filter,Extreme
OCT_2022,7,COALINDIA,56.310679611650485,0.26073396804198784,59.351785714285825,MA50,Extreme
OCT_2022,8,RELIANCE,57.14285714285714,0.25220894554131856,21.271428571427577,MA50,Extreme
OCT_2022,9,VEDL,42.857142857142854,0.21455617771858093,28.92678571428567,No Filter,Extreme
OCT_2022,10,POWERGRID,52.87356321839081,0.17952590666228185,24.417857142856946,No Filter,Regular-2
NOV_2022,1,PNB,60.91954022988506,0.5553167549526555,21.96250000000005,No Filter,Extreme
NOV_2022,2,COALINDIA,64.1025641025641,0.40584194127501194,37.18749999999997,MA50,Extreme
NOV_2022,3,VEDL,54.44444444444444,0.3643554947861983,87.36607142857156,No Filter,Extreme
NOV_2022,4,TATAMOTORS,55.68181818181818,0.17328429178562862,64.84999999999957,No Filter,Regular-2
NOV_2022,5,AXISBANK,49.57983193277311,0.1503381286646673,154.93035714285816,No Filter,Extreme
NOV_2022,6,WIPRO,57.692307692307686,0.14224207883456885,7.44999999999996,MA50,Regular-2
NOV_2022,7,CIPLA,53.77358490566038,0.13918897426004628,166.77678571428442,No Filter,Extreme
NOV_2022,8,NATIONALUM,50.0,0.12691311377557823,10.950000000000003,No Filter,Regular-2
NOV_2022,9,SBIN,52.13675213675214,0.0951218894211079,66.77142857142792,No Filter,Regular-2
NOV_2022,10,ONGC,44.62809917355372,0.08959366122901322,14.391071428571479,No Filter,Extreme
DEC_2022,1,VEDL,60.0,0.25739792215333385,3.5464285714286348,MA50,Regular-2
DEC_2022,2,SBIN,59.59595959595959,0.24722367385712263,148.34285714285852,No Filter,Extreme
DEC_2022,3,INDUSINDBK,56.99999999999999,0.20113173307191745,242.04464285714198,No Filter,Extreme
DEC_2022,4,TATASTEEL,57.3170731707317,0.19426724670477327,17.071428571428655,No Filter,Regular-2
DEC_2022,5,COALINDIA,41.48148148148148,0.13786898129376693,39.346428571428135,No Filter,Extreme
DEC_2022,6,DABUR,52.336448598130836,0.13161587934470287,82.26071428571538,No Filter,Regular-2
DEC_2022,7,BHARTIARTL,55.714285714285715,0.1290971259025665,75.18571428571408,MA50,Regular-2
DEC_2022,8,TECHM,46.15384615384615,0.08341035641019826,23.257142857142753,MA50,Regular-2
DEC_2022,9,SUNPHARMA,42.64705882352941,0.07364930764210997,101.05892857142817,No Filter,Extreme
DEC_2022,10,CIPLA,55.78947368421052,0.055758423597194406,58.44285714285775,No Filter,Regular-1
JAN_2023,1,JSWSTEEL,61.66666666666667,0.3328774548520348,150.85357142857242,MA50,Extreme
JAN_2023,2,COALINDIA,48.148148148148145,0.16741980265079748,37.007142857142895,No Filter,Extreme
JAN_2023,3,WIPRO,48.45360824742268,0.16692418618086108,32.15535714285707,No Filter,Extreme
JAN_2023,4,IDEA,28.68217054263566,0.158525394150918,1.5053571428571164,No Filter,Extreme
JAN_2023,5,POWERGRID,46.51162790697674,0.1485855923971151,30.362499999999898,No Filter,Extreme
JAN_2023,6,NTPC,53.333333333333336,0.14764096179938616,3.769642857142827,MA50,Sideways
JAN_2023,7,ITC,52.94117647058824,0.12841849004606531,14.898214285714175,MA50,Extreme
JAN_2023,8,ASHOKLEY,47.89915966386555,0.10291135463708098,8.721428571428703,No Filter,Regular-2
JAN_2023,9,DIVISLAB,47.5,0.09947132448509981,404.5589285714291,No Filter,Extreme
JAN_2023,10,AXISBANK,39.361702127659576,0.09906906972092808,85.41071428571286,No Filter,Extreme
FEB_2023,1,VEDL,80.0,0.8981440015922773,25.785714285714278,MA100,Regular-1
FEB_2023,2,ADANIPORTS,38.23529411764706,0.38888420672870433,75.14642857142792,No Filter,Regular-2
FEB_2023,3,ASHOKLEY,41.66666666666667,0.24487901501231926,14.641071428571564,No Filter,Extreme
FEB_2023,4,ITC,51.31578947368421,0.2373467662287502,68.2160714285713,No Filter,Extreme
FEB_2023,5,BANDHANBNK,52.336448598130836,0.22957465391365436,57.77142857142846,No Filter,Regular-2
FEB_2023,6,SBIN,55.68181818181818,0.2275409012167476,107.10714285714255,No Filter,Regular-2
FEB_2023,7,SUNPHARMA,50.0,0.13286514577712621,150.26071428571515,No Filter,Extreme
FEB_2023,8,TATASTEEL,51.388888888888886,0.12886070585111212,10.121428571428524,No Filter,Regular-2
FEB_2023,9,NTPC,54.54545454545454,0.11557809635221793,17.042857142857173,No Filter,Regular-2
FEB_2023,10,INDUSINDBK,50.0,0.08647374774370171,114.11071428571495,No Filter,Regular-1
MAR_2023,1,ADANIPORTS,44.73684210526316,0.3276912533718528,165.85535714285595,No Filter,Extreme
MAR_2023,2,SBIN,47.43589743589743,0.29214298565086627,120.16250000000036,No Filter,Extreme
MAR_2023,3,SUNPHARMA,49.549549549549546,0.19065722124587295,203.714285714286,No Filter,Extreme
MAR_2023,4,ICICIBANK,43.47826086956522,0.15211063888527482,208.4232142857146,No Filter,Extreme
MAR_2023,5,POWERGRID,47.91666666666667,0.14610410106016608,23.144642857143026,No Filter,Extreme
MAR_2023,6,PNB,45.04504504504504,0.1407439820274595,7.535714285714235,No Filter,Extreme
MAR_2023,7,NTPC,53.03030303030303,0.14015696717154974,32.475000000000335,No Filter,Extreme
MAR_2023,8,JSWSTEEL,45.370370370370374,0.12892048924368943,93.61071428571381,No Filter,Extreme
MAR_2023,9,BANDHANBNK,49.43820224719101,0.12727355999193038,24.017857142857167,No Filter,Regular-2
MAR_2023,10,CIPLA,45.45454545454545,0.107458064249656,135.2874999999998,No Filter,Extreme
APR_2023,1,BANDHANBNK,81.81818181818183,0.5341039675052666,26.326785714285847,MA50,Extreme
APR_2023,2,IDEA,22.058823529411764,0.4680049449579065,3.974999999999979,No Filter,Extreme
APR_2023,3,PNB,62.365591397849464,0.3837783696780577,17.26964285714292,No Filter,Extreme
APR_2023,4,HDFCBANK,51.5527950310559,0.26923158156133764,360.5678571428581,No Filter,Extreme
APR_2023,5,POWERGRID,62.62626262626263,0.26210035865577574,43.80535714285713,No Filter,Extreme
APR_2023,6,COALINDIA,60.22727272727273,0.24831257829054237,46.59821428571405,No Filter,Extreme
APR_2023,7,ASHOKLEY,59.32203389830508,0.22069268831012828,17.45535714285714,No Filter,Extreme
APR_2023,8,INDUSINDBK,66.66666666666666,0.19421319286811936,98.83392857142871,MA50,Regular-1
APR_2023,9,TATAMOTORS,54.41176470588235,0.18026527501896825,57.60178571428611,MA50,Extreme
APR_2023,10,ICICIBANK,49.00662251655629,0.17401411695046534,235.6160714285735,No Filter,Extreme
MAY_2023,1,PNB,50.0,0.2392694504970068,12.03214285714298,No Filter,Extreme
MAY_2023,2,SBIN,51.908396946564885,0.22207403843493723,169.13214285714434,No Filter,Extreme
MAY_2023,3,DABUR,53.0,0.2167558637050423,115.12499999999989,No Filter,Extreme
MAY_2023,4,ASHOKLEY,50.3448275862069,0.2083533135129958,21.725000000000065,No Filter,Extreme
MAY_2023,5,VEDL,45.348837209302324,0.1913028758052077,39.714285714285325,No Filter,Extreme
MAY_2023,6,IDEA,21.21212121212121,0.17480031652612654,2.0196428571428644,No Filter,Extreme
MAY_2023,7,COALINDIA,49.60629921259843,0.16175319985933143,46.0285714285713,No Filter,Regular-2
MAY_2023,8,ITC,52.0,0.14111805202371952,91.1892857142854,No Filter,Extreme
MAY_2023,9,CIPLA,50.68493150684932,0.1344666820074169,183.15357142857044,No Filter,Extreme
MAY_2023,10,TATAMOTORS,45.55555555555556,0.12775436339913643,58.699999999999875,No Filter,Extreme
JUN_2023,1,HDFCBANK,80.0,0.4241917870255936,105.71071428571304,MA100,Extreme
JUN_2023,2,TATAMOTORS,56.25,0.24113356726104465,109.31428571428569,No Filter,Extreme
JUN_2023,3,TECHM,52.892561983471076,0.22262595894070092,287.8160714285732,No Filter,Extreme
JUN_2023,4,PNB,48.67256637168141,0.19999486644192904,11.687499999999893,No Filter,Extreme
JUN_2023,5,POWERGRID,56.310679611650485,0.19608504004605343,36.15357142857118,No Filter,Extreme
JUN_2023,6,TATASTEEL,56.43564356435643,0.18893983739623402,20.50535714285718,No Filter,Extreme
JUN_2023,7,NTPC,54.13533834586466,0.18479457267597776,45.16250000000022,No Filter,Extreme
JUN_2023,8,HINDALCO,48.95833333333333,0.12134940035091163,48.72500000000031,No Filter,Extreme
JUN_2023,9,INDUSINDBK,37.79527559055118,0.12000807395474822,199.85178571428423,No Filter,Extreme
JUN_2023,10,ADANIPORTS,36.666666666666664,0.09399704497863996,62.51428571428664,No Filter,Extreme
JUL_2023,1,POWERGRID,61.53846153846154,0.32656221982281686,54.50535714285698,No Filter,Extreme
JUL_2023,2,ADANIPORTS,43.47826086956522,0.3234144423845047,56.29642857142835,MA200,Extreme
JUL_2023,3,INFY,49.03846153846153,0.21026377281003714,296.2660714285712,No Filter,Extreme
JUL_2023,4,NTPC,55.35714285714286,0.20617287548134133,44.978571428571684,No Filter,Extreme
JUL_2023,5,DABUR,52.083333333333336,0.19081109268834612,158.96071428571474,No Filter,Extreme
JUL_2023,6,WIPRO,56.38297872340425,0.1757055516130806,33.10714285714309,No Filter,Extreme
JUL_2023,7,JSWSTEEL,47.72727272727273,0.1733916774846551,182.40535714285602,No Filter,Extreme
JUL_2023,8,ONGC,53.271028037383175,0.16754013651081762,28.96785714285687,No Filter,Extreme
JUL_2023,9,IDEA,27.27272727272727,0.1606251748377988,1.2714285714285953,MA200,Extreme
JUL_2023,10,SUNPHARMA,50.0,0.13351560341134858,132.49107142857156,No Filter,Extreme
AUG_2023,1,BANDHANBNK,55.04587155963303,0.18195921627261918,45.79285714285683,No Filter,Extreme
AUG_2023,2,TECHM,54.166666666666664,0.18065854921924945,203.38214285714503,No Filter,Regular-2
AUG_2023,3,ADANIPORTS,52.87356321839081,0.12414657852458935,86.74642857142862,No Filter,Sideways
AUG_2023,4,ASHOKLEY,38.34586466165413,0.11059965239261914,13.317857142857235,No Filter,Extreme
AUG_2023,5,POWERGRID,59.0,0.10646047063742656,19.532142857142702,No Filter,Regular-2
AUG_2023,6,INDUSINDBK,42.14876033057851,0.09188028370985503,155.4910714285711,No Filter,Extreme
AUG_2023,7,ONGC,53.07692307692308,0.08293125467004536,18.289285714285796,No Filter,Regular-2
AUG_2023,8,COALINDIA,51.76470588235295,0.07999651232953253,14.810714285714312,MA100,Regular-2
AUG_2023,9,VEDL,47.95918367346938,0.07537034769833602,14.775000000000205,No Filter,Regular-2
AUG_2023,10,CIPLA,48.888888888888886,0.0750882294742651,83.3214285714298,No Filter,Regular-2
SEP_2023,1,PNB,55.223880597014926,0.41001756905981007,20.103571428571556,No Filter,Extreme
SEP_2023,2,NATIONALUM,53.125,0.17621580487410837,11.214285714285822,MA50,Regular-2
SEP_2023,3,BHARTIARTL,59.67741935483871,0.1537701326791145,171.44285714285877,No Filter,Extreme
SEP_2023,4,POWERGRID,53.398058252427184,0.15013151273675945,30.410714285714363,No Filter,Extreme
SEP_2023,5,WIPRO,43.63636363636363,0.14948115050518404,17.735714285714323,MA50,Regular-2
SEP_2023,6,JSWSTEEL,56.60377358490566,0.13218459572163505,56.97142857142899,MA50,Extreme
SEP_2023,7,TATAMOTORS,48.38709677419355,0.12801412902612658,74.25357142857251,No Filter,Extreme
SEP_2023,8,ICICIBANK,52.12765957446809,0.1277237668973576,117.27142857142883,MA100,Extreme
SEP_2023,9,IDEA,47.31182795698925,0.12716993541796365,1.2982142857142822,No Filter,Regular-1
SEP_2023,10,DIVISLAB,50.79365079365079,0.12305919915127245,580.3678571428582,No Filter,Extreme
OCT_2023,1,ASHOKLEY,58.47457627118644,0.27206223353612663,26.901785714285722,No Filter,Extreme
OCT_2023,2,NTPC,51.48514851485149,0.22323946057326108,53.44285714285698,No Filter,Extreme
OCT_2023,3,HINDALCO,45.2991452991453,0.1563769430182822,86.14821428571469,No Filter,Extreme
OCT_2023,4,SBIN,53.125,0.15057338026346553,28.512499999999704,MA100,Extreme
OCT_2023,5,TATASTEEL,46.75324675324675,0.11879755880583262,11.1982142857142,MA100,Extreme
OCT_2023,6,INFY,42.857142857142854,0.09513442979929741,68.30357142857179,MA50,Extreme
OCT_2023,7,COALINDIA,50.602409638554214,0.07460030277295832,18.039285714285995,No Filter,Regular-1
OCT_2023,8,TATAMOTORS,43.333333333333336,0.07021033335025678,40.099999999999,No Filter,Extreme
OCT_2023,9,AXISBANK,43.61702127659575,0.058136057865335836,54.43750000000102,No Filter,Extreme
OCT_2023,10,NATIONALUM,42.69662921348314,0.05533834051850359,4.669642857143145,No Filter,Extreme
NOV_2023,1,COALINDIA,57.446808510638306,0.23681220803105904,71.71964285714239,No Filter,Extreme
NOV_2023,2,DIVISLAB,52.83018867924528,0.20700026080513828,782.5285714285756,No Filter,Extreme
NOV_2023,3,WIPRO,40.0,0.1999377091757576,8.11607142857153,MA50,Extreme
NOV_2023,4,NTPC,48.62385321100918,0.19915500613215953,53.285714285714505,No Filter,Extreme
NOV_2023,5,AXISBANK,52.10084033613446,0.16427138951034218,197.44821428571424,MA100,Extreme
NOV_2023,6,HDFCBANK,58.08823529411765,0.159714715847041,163.37857142857206,No Filter,Extreme
NOV_2023,7,SUNPHARMA,58.45070422535211,0.15142337460207522,253.53928571428787,No Filter,Regular-2
NOV_2023,8,BHARTIARTL,50.0,0.1256973263683265,148.06428571428557,No Filter,Extreme
NOV_2023,9,ONGC,50.98039215686274,0.11603836362865629,22.48214285714309,No Filter,Extreme
NOV_2023,10,POWERGRID,45.6,0.11570990371958946,30.12142857142794,No Filter,Extreme
DEC_2023,1,NATIONALUM,72.46376811594203,0.8341438115188329,58.933928571428595,No Filter,Extreme
DEC_2023,2,VEDL,78.82352941176471,0.6372547264856979,114.44107142857081,No Filter,Extreme
DEC_2023,3,POWERGRID,46.464646464646464,0.31082605239760314,70.66785714285706,No Filter,Extreme
DEC_2023,4,NTPC,52.17391304347826,0.2831679947891026,96.75892857142856,No Filter,Extreme
DEC_2023,5,TATASTEEL,62.06896551724138,0.2701883791365156,30.38214285714291,No Filter,Extreme
DEC_2023,6,BHARTIARTL,61.98347107438017,0.26471974484402794,322.30714285714237,No Filter,Extreme
DEC_2023,7,HINDALCO,53.333333333333336,0.23332173081000118,116.34821428571524,No Filter,Extreme
DEC_2023,8,COALINDIA,52.74725274725275,0.2331368361629236,75.16250000000002,No Filter,Extreme
DEC_2023,9,ADANIPORTS,55.33980582524271,0.23295501655946443,245.03571428571342,No Filter,Regular-2
DEC_2023,10,ASHOKLEY,52.72727272727272,0.21700346716137386,20.269642857142458,No Filter,Extreme
JAN_2024,1,NATIONALUM,52.0,0.4851857945762559,49.07678571428558,No Filter,Extreme
JAN_2024,2,HINDALCO,52.38095238095239,0.27481529754986844,165.63571428571527,No Filter,Extreme
JAN_2024,3,TECHM,46.56488549618321,0.19978780200700708,333.24285714285566,No Filter,Extreme
JAN_2024,4,ASHOKLEY,48.95833333333333,0.18475419923600342,15.162499999999952,No Filter,Extreme
JAN_2024,5,DIVISLAB,50.86206896551724,0.17381452726367663,771.6999999999989,No Filter,Extreme
JAN_2024,6,BHARTIARTL,50.0,0.17167394898517596,217.85535714285675,No Filter,Extreme
JAN_2024,7,SUNPHARMA,48.67256637168141,0.16799536000951357,252.8624999999995,No Filter,Extreme
JAN_2024,8,ONGC,44.565217391304344,0.15580150143519286,32.25714285714233,No Filter,Extreme
JAN_2024,9,PNB,46.601941747572816,0.15510864766077895,15.858928571428692,No Filter,Extreme
JAN_2024,10,RELIANCE,56.00000000000001,0.15221688708534215,203.5642857142841,No Filter,Regular-2
FEB_2024,1,ADANIPORTS,49.46236559139785,0.33364735625078623,398.4857142857138,No Filter,Extreme
FEB_2024,2,PNB,54.54545454545454,0.23452669902912673,19.325000000000045,No Filter,Regular-2
FEB_2024,3,IDEA,45.83333333333333,0.16256990505917449,1.249999999999993,MA50,Regular-1
FEB_2024,4,JSWSTEEL,48.0,0.15590176394133592,127.35178571428696,MA100,Extreme
FEB_2024,5,VEDL,44.31818181818182,0.15215189521465322,32.051785714285586,No Filter,Extreme
FEB_2024,6,COALINDIA,45.45454545454545,0.15083559318962642,44.59642857142791,No Filter,Extreme
FEB_2024,7,CIPLA,53.77358490566038,0.14662714457313675,224.11607142856974,No Filter,Extreme
FEB_2024,8,SUNPHARMA,42.465753424657535,0.14603046578072615,323.90535714285784,No Filter,Extreme
FEB_2024,9,HDFCBANK,52.77777777777778,0.14587015264089898,111.81428571428626,No Filter,Regular-2
FEB_2024,10,AXISBANK,40.74074074074074,0.1353521025616392,156.57321428571458,No Filter,Extreme
MAR_2024,1,NATIONALUM,50.0,0.3688122266611122,45.110714285713954,No Filter,Extreme
MAR_2024,2,ADANIPORTS,44.44444444444444,0.20585155190528046,286.46785714285807,No Filter,Extreme
MAR_2024,3,COALINDIA,51.19047619047619,0.1687733724590293,61.91071428571456,No Filter,Regular-1
MAR_2024,4,BHARTIARTL,45.744680851063826,0.15682900997479093,177.67142857143062,No Filter,Extreme
MAR_2024,5,IDEA,41.17647058823529,0.15627068288450593,0.7589285714286031,MA100,Extreme
MAR_2024,6,ONGC,40.65934065934066,0.14991355687258928,36.46250000000023,No Filter,Extreme
MAR_2024,7,HINDALCO,44.44444444444444,0.14350131166236152,75.80535714285662,No Filter,Extreme
MAR_2024,8,JSWSTEEL,62.5,0.11786719631487243,31.257142857142867,MA50,Sideways
MAR_2024,9,INDUSINDBK,50.0,0.1152335184483656,167.564285714285,No Filter,Extreme
MAR_2024,10,ASHOKLEY,47.66355140186916,0.10881412898257278,9.47678571428574,No Filter,Extreme
APR_2024,1,TECHM,100.0,0.5357142857142836,6.814285714285688,MA50,Regular-1
APR_2024,2,VEDL,49.25373134328358,0.33703057726782426,74.38214285714292,No Filter,Extreme
APR_2024,3,ITC,72.72727272727273,0.2599392563001018,25.107142857142378,MA100,Regular-2
APR_2024,4,NATIONALUM,43.47826086956522,0.25936244323628777,43.14999999999955,No Filter,Extreme
APR_2024,5,ONGC,53.398058252427184,0.2028158874752562,57.55357142857213,No Filter,Extreme
APR_2024,6,AXISBANK,46.15384615384615,0.17868970349858854,226.0803571428562,MA200,Extreme
APR_2024,7,NTPC,59.55056179775281,0.17821039790958956,56.19285714285701,No Filter,Regular-2
APR_2024,8,RELIANCE,48.51485148514851,0.17446270543615863,258.75000000000273,No Filter,Extreme
APR_2024,9,ASHOKLEY,49.549549549549546,0.17164517041416194,16.732142857142904,No Filter,Extreme
APR_2024,10,DIVISLAB,50.45871559633027,0.16512012522846373,681.7285714285667,No Filter,Extreme
MAY_2024,1,HINDALCO,52.87356321839081,0.2427804753386153,138.02142857142883,No Filter,Extreme
MAY_2024,2,DIVISLAB,68.0,0.23960853528994688,967.1089285714252,No Filter,Regular-1
MAY_2024,3,ADANIPORTS,52.459016393442624,0.2389662861507805,198.96428571428442,MA50,Extreme
MAY_2024,4,ASHOKLEY,48.717948717948715,0.18743361271633338,15.339285714285651,No Filter,Extreme
MAY_2024,5,SBIN,52.72727272727272,0.17947031994334414,162.34642857142978,No Filter,Extreme
MAY_2024,6,SUNPHARMA,58.0952380952381,0.17796059700447386,281.74285714285634,No Filter,Regular-2
MAY_2024,7,PNB,49.122807017543856,0.15134412982171094,21.960714285714445,No Filter,Regular-2
MAY_2024,8,ONGC,57.30337078651685,0.13625217448415194,33.489285714285245,No Filter,Regular-2
MAY_2024,9,ICICIBANK,44.18604651162791,0.118282105901591,171.84107142857283,MA50,Extreme
MAY_2024,10,DABUR,45.83333333333333,0.08976695872977612,47.432142857143845,No Filter,Regular-2
JUN_2024,1,RELIANCE,64.28571428571429,0.41504855058898005,511.02500000000146,No Filter,Extreme
JUN_2024,2,ICICIBANK,46.601941747572816,0.21549859299065952,254.91964285714448,No Filter,Extreme
JUN_2024,3,ASHOKLEY,37.5,0.19708030198850707,20.51428571428569,No Filter,Extreme
JUN_2024,4,HDFCBANK,45.52238805970149,0.189551232119371,204.79285714285743,No Filter,Extreme
JUN_2024,5,WIPRO,45.45454545454545,0.1755533867604191,41.6160714285713,No Filter,Extreme
JUN_2024,6,DABUR,60.0,0.17527229272314324,73.77500000000089,No Filter,Regular-1
JUN_2024,7,ONGC,35.714285714285715,0.17124907050788277,13.19285714285678,MA50,Extreme
JUN_2024,8,PNB,38.04347826086957,0.16283455998884383,18.949285714285736,No Filter,Extreme
JUN_2024,9,IDEA,44.15584415584416,0.1609429455300125,2.054999999999964,No Filter,Regular-2
JUN_2024,10,AXISBANK,41.05263157894737,0.15545748305037962,180.3196428571439,No Filter,Extreme
JUL_2024,1,DABUR,55.96330275229357,0.265024760315753,181.08214285714303,No Filter,Extreme
JUL_2024,2,ITC,55.55555555555556,0.21439242835799974,89.33035714285688,No Filter,Extreme
JUL_2024,3,TECHM,52.27272727272727,0.2038899216924879,397.30357142857224,No Filter,Extreme
JUL_2024,4,INFY,45.13274336283185,0.20105270900238945,389.12857142857433,No Filter,Extreme
JUL_2024,5,VEDL,53.48837209302325,0.1931599138890146,72.04999999999967,No Filter,Regular-1
JUL_2024,6,CIPLA,53.57142857142857,0.1896272894598898,319.5553571428593,No Filter,Extreme
JUL_2024,7,ADANIPORTS,47.61904761904761,0.16576522246883058,260.38392857142776,No Filter,Extreme
JUL_2024,8,ONGC,41.935483870967744,0.13984127038912697,40.516071428571365,No Filter,Extreme
JUL_2024,9,COALINDIA,47.45762711864407,0.13946309005839808,81.36785714285656,No Filter,Regular-2
JUL_2024,10,RELIANCE,40.74074074074074,0.11830598279500609,198.10892857142903,No Filter,Extreme
AUG_2024,1,INDUSINDBK,100.0,0.39871037400963283,28.328571428571422,MA50,Extreme
AUG_2024,2,INFY,60.317460317460316,0.29549569747915855,688.5553571428602,No Filter,Extreme
AUG_2024,3,HDFCBANK,60.60606060606061,0.27617113271899013,222.86071428571267,No Filter,Extreme
AUG_2024,4,IDEA,46.06741573033708,0.27268702608779877,3.8628571428571483,No Filter,Extreme
AUG_2024,5,BANDHANBNK,52.0,0.23970983172877164,35.843571428571494,No Filter,Extreme
AUG_2024,6,TECHM,50.0,0.17817243634358704,257.367857142857,No Filter,Extreme
AUG_2024,7,HINDALCO,50.0,0.17661580651131653,48.873214285714766,MA50,Extreme
AUG_2024,8,RELIANCE,69.23076923076923,0.1635724498788422,32.20357142857188,MA50,Regular-1
AUG_2024,9,WIPRO,47.82608695652174,0.161684152941785,47.3732142857136,No Filter,Extreme
AUG_2024,10,CIPLA,57.54716981132076,0.14618857131232976,244.33928571428532,No Filter,Regular-2
SEP_2024,1,BHARTIARTL,63.24786324786324,0.3844485145201633,742.4946428571398,No Filter,Extreme
SEP_2024,2,DIVISLAB,63.716814159292035,0.3685845427135016,2209.24285714285,No Filter,Extreme
SEP_2024,3,NATIONALUM,55.73770491803278,0.353970486187631,39.46714285714296,No Filter,Extreme
SEP_2024,4,ONGC,59.55056179775281,0.3534311462469317,93.67321428571364,No Filter,Extreme
SEP_2024,5,NTPC,53.125,0.3340761954502306,132.40892857142848,No Filter,Extreme
SEP_2024,6,VEDL,53.333333333333336,0.20472910587077728,43.39642857142866,MA50,Extreme
SEP_2024,7,IDEA,44.827586206896555,0.17571664829106518,0.764999999999981,MA200,Extreme
SEP_2024,8,POWERGRID,56.84210526315789,0.157110732193877,50.61785714285719,No Filter,Regular-2
SEP_2024,9,JSWSTEEL,44.761904761904766,0.15037033047876083,152.17500000000166,No Filter,Extreme
SEP_2024,10,TATAMOTORS,48.78048780487805,0.12965308780378534,107.56428571428614,No Filter,Extreme
OCT_2024,1,SBIN,61.6,0.3158130407964496,315.4678571428591,No Filter,Extreme
OCT_2024,2,ASHOKLEY,44.44444444444444,0.26177834757452617,2.7857142857143202,MA100,Regular-2
OCT_2024,3,BANDHANBNK,40.4040404040404,0.2404965809390514,44.41214285714321,No Filter,Extreme
OCT_2024,4,TATASTEEL,54.166666666666664,0.20273253438126831,15.861428571428547,MA200,Regular-1
OCT_2024,5,COALINDIA,53.2258064516129,0.20142233821425437,61.23571428571387,MA200,Regular-2
OCT_2024,6,PNB,34.84848484848485,0.18043454238118134,24.375714285714494,No Filter,Extreme
OCT_2024,7,TECHM,41.830065359477125,0.1771431083067584,453.4000000000019,No Filter,Extreme
OCT_2024,8,INFY,49.382716049382715,0.12997204207210847,203.63928571428505,MA50,Regular-2
OCT_2024,9,IDEA,55.00000000000001,0.10635077593687851,0.7528571428571631,No Filter,Sideways
OCT_2024,10,RELIANCE,66.66666666666666,0.07250067310468143,3.192857142857065,MA200,Sideways
NOV_2024,1,SUNPHARMA,64.95726495726495,0.3848401774024723,800.1142857142868,No Filter,Extreme
NOV_2024,2,WIPRO,55.85585585585585,0.3129539422202178,98.41071428571416,No Filter,Extreme
NOV_2024,3,INFY,61.0,0.2602194216866358,477.7446428571452,No Filter,Extreme
NOV_2024,4,RELIANCE,53.03030303030303,0.1909513310626772,161.39464285714394,No Filter,Extreme
NOV_2024,5,NATIONALUM,45.16129032258064,0.1800052241263795,26.945000000000164,No Filter,Extreme
NOV_2024,6,IDEA,43.28358208955223,0.177796114025265,0.9050000000000011,No Filter,Regular-2
NOV_2024,7,ADANIPORTS,42.68292682926829,0.17636774602877126,180.8464285714258,No Filter,Extreme
NOV_2024,8,NTPC,75.0,0.16407118210005378,8.035714285714334,MA100,Sideways
NOV_2024,9,ASHOKLEY,45.16129032258064,0.15450733520371518,15.939285714285674,No Filter,Extreme
NOV_2024,10,PNB,53.333333333333336,0.14188810683339725,4.486785714285688,MA50,Sideways
DEC_2024,1,NATIONALUM,61.53846153846154,0.38866669983952457,24.99499999999989,MA50,Extreme
DEC_2024,2,SUNPHARMA,73.33333333333333,0.31346972844986376,175.3803571428582,MA50,Extreme
DEC_2024,3,BHARTIARTL,46.61016949152542,0.13875612636229973,263.01785714285666,No Filter,Extreme
DEC_2024,4,WIPRO,49.152542372881356,0.136120712438862,48.85535714285686,No Filter,Extreme
DEC_2024,5,VEDL,52.38095238095239,0.128823446474831,51.49285714285679,No Filter,Regular-2
DEC_2024,6,TECHM,44.871794871794876,0.1278804448625505,349.4732142857165,No Filter,Extreme
DEC_2024,7,JSWSTEEL,50.0,0.10462798332894709,41.76785714285734,MA50,Regular-2
DEC_2024,8,TATASTEEL,44.329896907216494,0.08680326290409215,12.254285714285686,No Filter,Regular-2
DEC_2024,9,NTPC,42.74809160305343,0.06390825483228953,29.644642857142912,No Filter,Regular-1
DEC_2024,10,POWERGRID,53.191489361702125,0.053321946911964735,8.255357142857292,MA50,Regular-1
JAN_2025,1,VEDL,57.30337078651685,0.34435868851779666,135.32142857142878,No Filter,Extreme
JAN_2025,2,TATASTEEL,63.86554621848739,0.3131779888246919,48.73071428571426,No Filter,Regular-2
JAN_2025,3,RELIANCE,63.47826086956522,0.30731830079518563,441.7946428571429,No Filter,Extreme
JAN_2025,4,TATAMOTORS,55.714285714285715,0.24613773274291595,130.6964285714282,No Filter,Regular-2
JAN_2025,5,BHARTIARTL,44.8051948051948,0.15198209123838563,377.6089285714256,No Filter,Extreme
JAN_2025,6,NATIONALUM,40.963855421686745,0.13696161272583968,23.15642857142825,No Filter,Extreme
JAN_2025,7,COALINDIA,49.586776859504134,0.13599593271567323,62.478571428571,No Filter,Regular-2
JAN_2025,8,NTPC,53.191489361702125,0.10108990878600875,30.748214285713914,No Filter,Regular-1
JAN_2025,9,IDEA,47.77777777777778,0.09433856992213056,0.7246428571428618,No Filter,Sideways
JAN_2025,10,JSWSTEEL,54.74452554744526,0.09073150087327643,113.90178571428669,No Filter,Regular-1
FEB_2025,1,ADANIPORTS,50.0,0.2912685324205965,319.41250000000286,No Filter,Extreme
FEB_2025,2,HINDALCO,54.794520547945204,0.2484280914872938,109.99464285714294,No Filter,Extreme
FEB_2025,3,INFY,55.12820512820513,0.22558706141698387,326.7500000000002,MA200,Regular-2
FEB_2025,4,ASHOKLEY,47.368421052631575,0.1754367671669953,14.421428571428521,No Filter,Regular-2
FEB_2025,5,AXISBANK,50.90909090909091,0.11286671534630967,125.12499999999932,No Filter,Regular-2
FEB_2025,6,IDEA,43.75,0.10896413193911435,0.3239285714285991,MA100,Extreme
FEB_2025,7,JSWSTEEL,50.0,0.10359976863504193,103.56428571428444,No Filter,Regular-2
FEB_2025,8,ICICIBANK,54.736842105263165,0.06513558648475012,77.31607142857138,No Filter,Regular-1
FEB_2025,9,TATASTEEL,42.57425742574257,0.055795430995094784,7.611428571428547,No Filter,Regular-2
FEB_2025,10,HDFCBANK,53.65853658536586,0.055134740129406154,38.457142857142344,No Filter,Sideways
MAR_2025,1,DIVISLAB,100.0,0.5553060755084753,32.5928571428567,MA100,Sideways
MAR_2025,2,BANDHANBNK,55.769230769230774,0.44943604786586067,67.80821428571386,No Filter,Extreme
MAR_2025,3,NTPC,58.87850467289719,0.3586226501348952,130.39107142857142,No Filter,Extreme
MAR_2025,4,RELIANCE,65.51724137931035,0.3361756319659838,363.9464285714298,No Filter,Extreme
MAR_2025,5,ONGC,56.97674418604651,0.2902665009979178,58.292857142857144,No Filter,Extreme
MAR_2025,6,TATAMOTORS,59.22330097087378,0.2782866853416748,191.1089285714296,No Filter,Extreme
MAR_2025,7,COALINDIA,47.368421052631575,0.2546396567537285,112.7410714285715,No Filter,Extreme
MAR_2025,8,POWERGRID,51.724137931034484,0.19081306417703128,60.458928571428174,No Filter,Extreme
MAR_2025,9,SBIN,56.481481481481474,0.19028843951308655,152.43750000000023,No Filter,Extreme
MAR_2025,10,VEDL,43.42105263157895,0.1520176488425268,51.887499999999875,No Filter,Extreme
APR_2025,1,VEDL,65.75342465753424,0.4031901702799977,119.59285714285687,No Filter,Extreme
APR_2025,2,ASHOKLEY,58.139534883720934,0.3025263708892443,14.696428571428598,MA100,Extreme
APR_2025,3,INDUSINDBK,55.12820512820513,0.2980028728974587,172.2642857142872,No Filter,Extreme
APR_2025,4,TECHM,51.578947368421055,0.2827609322932496,378.8017857142877,No Filter,Extreme
APR_2025,5,PNB,51.92307692307693,0.2048687051612447,21.00928571428564,No Filter,Regular-2
APR_2025,6,ITC,46.09375,0.17339567842370116,93.29285714285686,No Filter,Extreme
APR_2025,7,SBIN,44.047619047619044,0.15649550410366156,102.93750000000114,No Filter,Extreme
APR_2025,8,BHARTIARTL,47.45762711864407,0.14810000448581567,314.8232142857114,No Filter,Extreme
APR_2025,9,CIPLA,48.45360824742268,0.1359789758991619,195.65178571428623,No Filter,Extreme
APR_2025,10,INFY,51.61290322580645,0.13546509314524344,184.32857142857097,No Filter,Regular-2
MAY_2025,1,BANDHANBNK,58.82352941176471,0.3594511989504068,50.70857142857159,No Filter,Extreme
MAY_2025,2,IDEA,53.77358490566038,0.34451674201449417,2.5278571428571492,No Filter,Extreme
MAY_2025,3,PNB,62.5,0.32260809979180877,5.279642857142846,MA200,Extreme
MAY_2025,4,INDUSINDBK,51.32743362831859,0.24777848116105247,226.45714285714382,No Filter,Regular-2
MAY_2025,5,VEDL,49.137931034482754,0.2361812743596189,118.50714285714264,No Filter,Extreme
MAY_2025,6,ASHOKLEY,50.92592592592593,0.1903787636765713,24.007142857142995,No Filter,Extreme
MAY_2025,7,COALINDIA,49.0,0.17804705016565348,71.06071428571431,MA100,Extreme
MAY_2025,8,CIPLA,66.66666666666666,0.14777779432682098,34.01785714285688,MA200,Regular-1
MAY_2025,9,NATIONALUM,41.7910447761194,0.1464942122341084,17.84607142857132,MA50,Extreme
MAY_2025,10,TATASTEEL,40.42553191489361,0.14526500356521166,31.67642857142863,No Filter,Extreme
JUN_2025,1,CIPLA,59.541984732824424,0.21996505590814877,432.3428571428574,No Filter,Extreme
JUN_2025,2,IDEA,42.72727272727273,0.20496097228770532,1.5650000000000022,No Filter,Extreme
JUN_2025,3,BHARTIARTL,55.47445255474452,0.17293280779884734,447.0714285714296,No Filter,Extreme
JUN_2025,4,HINDALCO,61.53846153846154,0.1703324699645153,45.29642857142858,MA200,Regular-2
JUN_2025,5,VEDL,50.0,0.1680835116401235,78.71249999999998,No Filter,Extreme
JUN_2025,6,TATAMOTORS,47.41379310344828,0.14303664994082724,114.91428571428617,No Filter,Extreme
JUN_2025,7,ICICIBANK,52.38095238095239,0.13924014290980388,250.8071428571418,No Filter,Regular-2
JUN_2025,8,NTPC,55.55555555555556,0.1294220255478557,54.33214285714314,No Filter,Regular-2
JUN_2025,9,ONGC,45.83333333333333,0.12035060900287635,35.317499999999995,No Filter,Extreme
JUN_2025,10,JSWSTEEL,42.857142857142854,0.11863314568024935,132.5499999999995,No Filter,Extreme
JUL_2025,1,TECHM,61.29032258064516,0.17290224998236958,88.25000000000136,MA50,Regular-2
JUL_2025,2,TATAMOTORS,54.25531914893617,0.14274855336141118,91.8321428571428,No Filter,Regular-2
JUL_2025,3,BANDHANBNK,47.11538461538461,0.12262144606703489,23.01857142857142,MA50,Extreme
JUL_2025,4,INDUSINDBK,46.666666666666664,0.12111843664731835,93.54285714285845,MA50,Extreme
JUL_2025,5,AXISBANK,62.121212121212125,0.11192466414279877,86.4714285714283,MA100,Regular-1
JUL_2025,6,NATIONALUM,47.107438016528924,0.10193740494653106,23.647857142856537,MA50,Extreme
JUL_2025,7,JSWSTEEL,47.26027397260274,0.09290059141537986,140.7071428571429,No Filter,Extreme
JUL_2025,8,DABUR,44.91017964071856,0.08516888636020571,73.34999999999997,No Filter,Extreme
JUL_2025,9,HINDALCO,49.31506849315068,0.0771200118546058,77.02500000000089,No Filter,Extreme
JUL_2025,10,SUNPHARMA,39.75903614457831,0.06856274066057062,192.6035714285672,No Filter,Extreme
AUG_2025,1,VEDL,59.45945945945946,0.33459073171323334,108.37142857142845,No Filter,Extreme
AUG_2025,2,DABUR,50.0,0.11552035880278945,44.01035714285683,No Filter,Extreme
AUG_2025,3,SUNPHARMA,47.14285714285714,0.08773805816597259,198.91428571428673,No Filter,Extreme
AUG_2025,4,BHARTIARTL,43.75,0.08197930707644516,149.77857142857056,No Filter,Extreme
AUG_2025,5,ADANIPORTS,47.61904761904761,0.07101141969934814,40.84285714285738,MA100,Regular-2
AUG_2025,6,DIVISLAB,42.857142857142854,0.06530912370556516,366.82142857142935,No Filter,Sideways
AUG_2025,7,ASHOKLEY,47.87234042553192,0.0651819733129266,7.597500000000096,No Filter,Regular-1
AUG_2025,8,TATAMOTORS,36.11111111111111,0.047235922967701544,34.23857142857014,No Filter,Extreme
AUG_2025,9,BANDHANBNK,50.0,0.04484972937993438,2.7999999999998693,MA100,Sideways
AUG_2025,10,SBIN,29.7029702970297,0.042484959280537915,35.03035714285795,No Filter,Extreme
SEP_2025,1,IDEA,50.92592592592593,0.4739978799147824,3.922142857142857,No Filter,Extreme
SEP_2025,2,NATIONALUM,61.111111111111114,0.2388109541036775,44.97357142857146,No Filter,Regular-2
SEP_2025,3,PNB,57.14285714285714,0.2265847340289764,25.543214285714157,No Filter,Extreme
SEP_2025,4,NTPC,55.73770491803278,0.21884326485789415,45.63571428571396,MA100,Extreme
SEP_2025,5,HINDALCO,54.400000000000006,0.21567100518914203,201.0857142857135,No Filter,Extreme
SEP_2025,6,DIVISLAB,70.83333333333334,0.18540311997705342,273.7857142857147,MA200,Regular-2
SEP_2025,7,VEDL,54.86725663716814,0.16913717158955416,85.6589285714291,No Filter,Extreme
SEP_2025,8,AXISBANK,47.44525547445255,0.1314873552863715,199.2535714285723,No Filter,Extreme
SEP_2025,9,BANDHANBNK,40.476190476190474,0.12683918769333388,17.4482142857141,No Filter,Extreme
SEP_2025,10,ONGC,49.629629629629626,0.1096363949475675,34.93321428571406,No Filter,Extreme
OCT_2025,1,NATIONALUM,54.94505494505495,0.3729567348288219,77.61035714285669,No Filter,Extreme
OCT_2025,2,DIVISLAB,51.4018691588785,0.20546825675422514,1398.9285714285743,No Filter,Extreme
OCT_2025,3,PNB,57.14285714285714,0.18898996456262498,20.17499999999997,No Filter,Extreme
OCT_2025,4,AXISBANK,53.62318840579711,0.17367672731854095,289.50000000000273,No Filter,Extreme
OCT_2025,5,IDEA,47.674418604651166,0.166051592188031,1.2810714285714404,No Filter,Regular-1
OCT_2025,6,RELIANCE,50.0,0.1645165002306696,358.2392857142895,No Filter,Extreme
OCT_2025,7,ONGC,47.368421052631575,0.16089005091664868,45.64750000000029,No Filter,Extreme
OCT_2025,8,ADANIPORTS,51.515151515151516,0.1553533454541139,220.18571428571568,No Filter,Extreme
OCT_2025,9,WIPRO,52.67857142857143,0.13696194371443932,37.434999999999775,No Filter,Extreme
OCT_2025,10,TATASTEEL,49.09090909090909,0.12781409476606936,24.509285714285596,No Filter,Extreme
NOV_2025,1,TECHM,57.89473684210527,0.23792541623836494,68.04999999999973,MA100,Extreme
NOV_2025,2,VEDL,57.333333333333336,0.2173685544418691,84.41964285714312,No Filter,Extreme
NOV_2025,3,CIPLA,43.79562043795621,0.11255576036467672,234.19285714285684,No Filter,Extreme
NOV_2025,4,RELIANCE,54.285714285714285,0.11193097844264467,178.99285714285702,No Filter,Regular-2
NOV_2025,5,PNB,54.54545454545454,0.11141705499020074,12.062857142857055,No Filter,Regular-2
NOV_2025,6,NATIONALUM,53.93258426966292,0.09030871633707288,20.53964285714281,No Filter,Regular-1
NOV_2025,7,IDEA,44.73684210526316,0.08596004327389896,0.6685714285714042,No Filter,Extreme
NOV_2025,8,BHARTIARTL,52.293577981651374,0.07893332808294871,180.978571428569,No Filter,Regular-2
NOV_2025,9,HINDALCO,39.784946236559136,0.07645386014214209,56.95892857142735,No Filter,Extreme
NOV_2025,10,ASHOKLEY,40.77669902912621,0.07402923447840014,11.107857142857057,No Filter,Extreme
DEC_2025,1,IDEA,52.83018867924528,0.35180585504391354,4.2046428571428365,No Filter,Extreme
DEC_2025,2,ITC,100.0,0.21949039674751114,0.8946428571428555,MA100,Sideways
DEC_2025,3,VEDL,50.476190476190474,0.18450464918400872,108.38928571428698,No Filter,Extreme
DEC_2025,4,ASHOKLEY,47.15447154471545,0.11452114526000967,23.585000000000065,No Filter,Regular-2
DEC_2025,5,BHARTIARTL,45.73170731707317,0.10432220837183878,358.88571428571527,No Filter,Extreme
DEC_2025,6,HINDALCO,45.73643410852713,0.09988742220496082,108.6214285714293,No Filter,Extreme
DEC_2025,7,COALINDIA,39.263803680981596,0.07375314767389742,46.26785714285677,No Filter,Extreme
DEC_2025,8,BANDHANBNK,46.51162790697674,0.07129740230842045,9.003571428571718,No Filter,Regular-2
DEC_2025,9,INFY,47.20496894409938,0.06899288506675347,179.7821428571417,No Filter,Extreme
DEC_2025,10,JSWSTEEL,34.78260869565217,0.05721570415036098,30.25,MA100,Extreme
