signal_id,date,pass,outcome,pnl,ER,run_length_mean,VR
S001,2022-01-03,False,L,-0.75,0.1154,6.82,0.4542
S002,2022-01-03,False,L,-0.5179,0.1154,6.82,0.4542
S003,2022-01-03,False,L,-0.5804,0.1154,6.82,0.4542
S004,2022-01-03,False,L,-0.5357,0.1154,6.82,0.4542
S005,2022-01-03,False,L,-0.5536,0.1154,6.82,0.4542
S006,2022-01-04,False,W,1.4464,0.1232,9.93,1.9551
S007,2022-01-04,False,W,1.0446,0.1232,9.93,1.9551
S008,2022-01-04,False,W,1.0607,0.1232,9.93,1.9551
S009,2022-01-05,False,L,-1.125,0.0384,8.62,1.6436
S010,2022-01-05,True,L,-1.2143,0.0384,8.62,1.6436
S011,2022-01-05,False,L,-1.2589,0.0384,8.62,1.6436
S012,2022-01-05,False,L,-1.125,0.0384,8.62,1.6436
S013,2022-01-05,False,L,-0.6161,0.0384,8.62,1.6436
S014,2022-01-05,False,L,-0.5268,0.0384,8.62,1.6436
S015,2022-01-05,False,L,-0.6518,0.0384,8.62,1.6436
S016,2022-01-05,False,L,-0.6429,0.0384,8.62,1.6436
S017,2022-01-05,False,L,-0.6607,0.0384,8.62,1.6436
S018,2022-01-06,False,EOD+,0.3,0.0024,9.65,1.6384
S019,2022-01-07,False,L,-0.6339,0.0179,10.11,1.4648
S020,2022-01-10,False,L,-1.1964,0.0255,9.16,1.3164
S021,2022-01-10,False,L,-0.9643,0.0255,9.16,1.3164
S022,2022-01-10,False,L,-1.0268,0.0255,9.16,1.3164
S023,2022-01-10,False,EOD-,-0.1,0.0255,9.16,1.3164
S024,2022-01-11,True,L,-0.6071,0.0228,9.19,1.2507
S025,2022-01-11,False,L,-1.0714,0.0228,9.19,1.2507
S026,2022-01-11,False,L,-0.4196,0.0228,9.19,1.2507
S027,2022-01-11,False,EOD-,-0.15,0.0228,9.19,1.2507
S028,2022-01-11,False,L,-0.4821,0.0228,9.19,1.2507
S029,2022-01-12,True,EOD-,-0.2,0.0158,8.81,1.2088
S030,2022-01-12,False,L,-0.6071,0.0158,8.81,1.2088
S031,2022-01-12,False,L,-0.5893,0.0158,8.81,1.2088
S032,2022-01-12,True,L,-0.5714,0.0158,8.81,1.2088
S033,2022-01-12,False,L,-0.5714,0.0158,8.81,1.2088
S034,2022-01-12,False,L,-0.8036,0.0158,8.81,1.2088
S035,2022-01-12,False,L,-0.7321,0.0158,8.81,1.2088
S036,2022-01-12,False,L,-0.7411,0.0158,8.81,1.2088
S037,2022-01-12,False,L,-0.6964,0.0158,8.81,1.2088
S038,2022-01-14,False,W,0.7232,0.0102,9.36,1.2168
S039,2022-01-14,False,L,-1.0536,0.0102,9.36,1.2168
S040,2022-01-14,False,EOD-,-0.25,0.0102,9.36,1.2168
S041,2022-01-14,False,EOD+,0.1,0.0102,9.36,1.2168
S042,2022-01-17,False,EOD-,-1.05,0.0022,9.36,1.1641
S043,2022-01-17,False,L,-1.0982,0.0022,9.36,1.1641
S044,2022-01-17,False,L,-0.8036,0.0022,9.36,1.1641
S045,2022-01-17,False,L,-0.3482,0.0022,9.36,1.1641
S046,2022-01-18,False,L,-1.0268,0.0083,9.17,1.1184
S047,2022-01-18,False,L,-1.1964,0.0083,9.17,1.1184
S048,2022-01-18,False,EOD-,-1.05,0.0083,9.17,1.1184
S049,2022-01-18,False,L,-1.1875,0.0083,9.17,1.1184
S050,2022-01-18,False,L,-0.8661,0.0083,9.17,1.1184
S051,2022-01-18,False,L,-0.8393,0.0083,9.17,1.1184
S052,2022-01-18,False,L,-0.7411,0.0083,9.17,1.1184
S053,2022-01-19,False,L,-1.1161,0.0055,8.47,1.0678
S054,2022-01-19,False,L,-1.4286,0.0055,8.47,1.0678
S055,2022-01-19,False,L,-0.5446,0.0055,8.47,1.0678
S056,2022-01-19,False,EOD-,-0.55,0.0055,8.47,1.0678
S057,2022-01-19,False,EOD-,-0.55,0.0055,8.47,1.0678
S058,2022-01-19,False,EOD-,-0.5,0.0055,8.47,1.0678
S059,2022-01-19,False,EOD-,-0.45,0.0055,8.47,1.0678
S060,2022-01-19,False,EOD-,-0.7,0.0055,8.47,1.0678
S061,2022-01-20,False,W,1.7357,0.0384,8.82,1.1656
S062,2022-01-20,False,W,1.5268,0.0384,8.82,1.1656
S063,2022-01-20,False,W,1.3982,0.0384,8.82,1.1656
S064,2022-01-20,False,W,1.2054,0.0384,8.82,1.1656
S065,2022-01-20,False,W,1.1089,0.0384,8.82,1.1656
S066,2022-01-21,False,L,-2.3125,0.0368,8.71,1.1618
S067,2022-01-21,False,L,-0.8661,0.0368,8.71,1.1618
S068,2022-01-21,False,L,-0.8482,0.0368,8.71,1.1618
S069,2022-01-24,False,L,-1.9196,0.0281,8.38,1.0777
S070,2022-01-24,False,L,-1.9643,0.0281,8.38,1.0777
S071,2022-01-24,False,L,-0.7679,0.0281,8.38,1.0777
S072,2022-01-24,False,L,-0.7589,0.0281,8.38,1.0777
S073,2022-01-24,False,L,-1.0714,0.0281,8.38,1.0777
S074,2022-01-24,True,L,-1.0357,0.0281,8.38,1.0777
S075,2022-01-24,False,EOD+,0.1,0.0281,8.38,1.0777
S076,2022-01-24,False,EOD-,-0.05,0.0281,8.38,1.0777
S077,2022-01-25,False,W,3.6643,0.0406,8.67,1.0287
S078,2022-01-25,False,L,-1.2143,0.0406,8.67,1.0287
S079,2022-01-25,False,L,-1.1964,0.0406,8.67,1.0287
S080,2022-01-25,False,L,-1.0625,0.0406,8.67,1.0287
S081,2022-01-25,False,W,2.2179,0.0406,8.67,1.0287
S082,2022-01-27,False,L,-1.5268,0.0269,8.48,1.0031
S083,2022-01-27,False,L,-1.2411,0.0269,8.48,1.0031
S084,2022-01-27,False,L,-1.2054,0.0269,8.48,1.0031
S085,2022-01-27,False,L,-1.1964,0.0269,8.48,1.0031
S086,2022-01-27,False,EOD+,0.9,0.0269,8.48,1.0031
S087,2022-01-27,False,EOD+,1.1,0.0269,8.48,1.0031
S088,2022-01-27,False,W,1.5589,0.0269,8.48,1.0031
S089,2022-01-27,False,W,1.7518,0.0269,8.48,1.0031
S090,2022-01-28,False,L,-1.6607,0.0134,8.53,0.996
S091,2022-01-28,False,L,-0.9821,0.0134,8.53,0.996
S092,2022-01-28,False,L,-0.5446,0.0134,8.53,0.996
S093,2022-01-31,False,L,-0.8482,0.0253,8.28,1.0056
S094,2022-01-31,False,L,-0.7857,0.0253,8.28,1.0056
S095,2022-01-31,False,L,-0.7679,0.0253,8.28,1.0056
S096,2022-01-31,False,L,-0.6875,0.0253,8.28,1.0056
S097,2022-01-31,False,L,-0.7857,0.0253,8.28,1.0056
S098,2022-01-31,False,W,1.4786,0.0253,8.28,1.0056
S099,2022-01-31,False,EOD+,0.5,0.0253,8.28,1.0056
S100,2022-02-01,False,L,-1.4821,0.0167,7.97,0.9584
S101,2022-02-01,False,L,-1.5179,0.0167,7.97,0.9584
S102,2022-02-01,False,L,-1.25,0.0167,7.97,0.9584
S103,2022-02-01,False,L,-1.1696,0.0167,7.97,0.9584
S104,2022-02-01,False,L,-0.8036,0.0167,7.97,0.9584
S105,2022-02-01,False,L,-1.0357,0.0167,7.97,0.9584
S106,2022-02-01,False,EOD-,-0.1,0.0167,7.97,0.9584
S107,2022-02-02,False,EOD-,-0.8,0.0097,7.69,0.9125
S108,2022-02-02,False,L,-0.6964,0.0097,7.69,0.9125
S109,2022-02-02,False,EOD-,-0.05,0.0097,7.69,0.9125
S110,2022-02-02,False,EOD-,-0.15,0.0097,7.69,0.9125
S111,2022-02-02,False,EOD-,-0.3,0.0097,7.69,0.9125
S112,2022-02-02,False,EOD-,-0.45,0.0097,7.69,0.9125
S113,2022-02-02,False,EOD-,-0.05,0.0097,7.69,0.9125
S114,2022-02-03,False,L,-0.7321,0.0107,7.73,0.9117
S115,2022-02-03,False,L,-0.9196,0.0107,7.73,0.9117
S116,2022-02-03,False,L,-0.7679,0.0107,7.73,0.9117
S117,2022-02-03,False,L,-0.6429,0.0107,7.73,0.9117
S118,2022-02-03,False,EOD-,-0.1,0.0107,7.73,0.9117
S119,2022-02-04,False,L,-1.1696,0.0035,7.57,0.9074
S120,2022-02-04,False,L,-1.25,0.0035,7.57,0.9074
S121,2022-02-04,False,L,-0.4196,0.0035,7.57,0.9074
S122,2022-02-07,False,EOD+,0.6,0.0205,7.45,0.8854
S123,2022-02-07,False,L,-0.625,0.0205,7.45,0.8854
S124,2022-02-07,False,L,-0.625,0.0205,7.45,0.8854
S125,2022-02-07,False,L,-0.6161,0.0205,7.45,0.8854
S126,2022-02-07,False,EOD-,0.0,0.0205,7.45,0.8854
S127,2022-02-08,False,L,-0.9554,0.0141,7.42,0.8967
S128,2022-02-08,False,L,-0.7768,0.0141,7.42,0.8967
S129,2022-02-08,False,L,-0.5893,0.0141,7.42,0.8967
S130,2022-02-08,False,L,-0.5446,0.0141,7.42,0.8967
S131,2022-02-08,False,EOD+,0.15,0.0141,7.42,0.8967
S132,2022-02-08,False,EOD+,0.15,0.0141,7.42,0.8967
S133,2022-02-08,False,EOD+,0.15,0.0141,7.42,0.8967
S134,2022-02-08,False,EOD+,0.3,0.0141,7.42,0.8967
S135,2022-02-08,False,EOD+,0.3,0.0141,7.42,0.8967
S136,2022-02-09,False,L,-1.0089,0.0118,7.38,0.9034
S137,2022-02-09,False,EOD-,-0.65,0.0118,7.38,0.9034
S138,2022-02-09,False,EOD-,-0.45,0.0118,7.38,0.9034
S139,2022-02-09,True,L,-1.3482,0.0118,7.38,0.9034
S140,2022-02-09,False,L,-1.0089,0.0118,7.38,0.9034
S141,2022-02-09,False,EOD-,-0.2,0.0118,7.38,0.9034
S142,2022-02-09,False,L,-0.8839,0.0118,7.38,0.9034
S143,2022-02-09,False,L,-0.7411,0.0118,7.38,0.9034
S144,2022-02-09,False,EOD+,0.05,0.0118,7.38,0.9034
S145,2022-02-09,False,EOD+,0.05,0.0118,7.38,0.9034
S146,2022-02-10,False,L,-0.7232,0.0093,7.31,0.8938
S147,2022-02-10,False,L,-0.6339,0.0093,7.31,0.8938
S148,2022-02-10,False,L,-0.4018,0.0093,7.31,0.8938
S149,2022-02-10,True,L,-0.5268,0.0093,7.31,0.8938
S150,2022-02-10,False,L,-0.6964,0.0093,7.31,0.8938
S151,2022-02-11,False,W,0.8036,0.001,7.06,0.9059
S152,2022-02-11,False,W,0.7554,0.001,7.06,0.9059
S153,2022-02-11,False,W,0.5946,0.001,7.06,0.9059
S154,2022-02-14,False,L,-1.7321,0.0194,7.37,0.9456
S155,2022-02-14,False,L,-0.7679,0.0194,7.37,0.9456
S156,2022-02-15,False,L,-1.4643,0.0085,7.49,0.956
S157,2022-02-15,False,W,1.7679,0.0085,7.49,0.956
S158,2022-02-15,False,W,1.6232,0.0085,7.49,0.956
S159,2022-02-15,False,L,-0.7411,0.0085,7.49,0.956
S160,2022-02-15,False,W,1.2696,0.0085,7.49,0.956
S161,2022-02-16,False,L,-1.6964,0.0206,7.33,0.9864
S162,2022-02-16,False,L,-0.5446,0.0206,7.33,0.9864
S163,2022-02-16,False,L,-0.5089,0.0206,7.33,0.9864
S164,2022-02-16,False,L,-0.5982,0.0206,7.33,0.9864
S165,2022-02-16,False,L,-0.8036,0.0206,7.33,0.9864
S166,2022-02-16,False,L,-0.8661,0.0206,7.33,0.9864
S167,2022-02-17,False,EOD+,0.25,0.0303,7.33,0.9451
S168,2022-02-17,False,EOD-,-0.2,0.0303,7.33,0.9451
S169,2022-02-17,False,L,-1.0804,0.0303,7.33,0.9451
S170,2022-02-17,False,L,-1.0268,0.0303,7.33,0.9451
S171,2022-02-17,False,EOD+,0.1,0.0303,7.33,0.9451
S172,2022-02-17,False,EOD+,0.2,0.0303,7.33,0.9451
S173,2022-02-17,False,EOD+,0.25,0.0303,7.33,0.9451
S174,2022-02-18,False,L,-1.1786,0.0522,7.44,0.9144
S175,2022-02-21,False,L,-0.9286,0.0503,7.44,0.9264
S176,2022-02-21,False,EOD+,1.6,0.0503,7.44,0.9264
S177,2022-02-21,False,EOD+,2.0,0.0503,7.44,0.9264
S178,2022-02-21,False,EOD+,1.65,0.0503,7.44,0.9264
S179,2022-02-21,False,W,1.4786,0.0503,7.44,0.9264
S180,2022-02-21,False,EOD+,0.75,0.0503,7.44,0.9264
S181,2022-02-21,False,L,-0.4107,0.0503,7.44,0.9264
S182,2022-02-21,False,EOD+,0.5,0.0503,7.44,0.9264
S183,2022-02-21,False,L,-0.4018,0.0503,7.44,0.9264
S184,2022-02-21,False,L,-0.5089,0.0503,7.44,0.9264
S185,2022-02-21,False,EOD+,0.35,0.0503,7.44,0.9264
S186,2022-02-22,False,W,2.7482,0.0442,7.71,1.0128
S187,2022-02-22,False,W,2.1536,0.0442,7.71,1.0128
S188,2022-02-22,False,EOD+,1.85,0.0442,7.71,1.0128
S189,2022-02-22,False,L,-0.9643,0.0442,7.71,1.0128
S190,2022-02-22,False,W,1.9125,0.0442,7.71,1.0128
S191,2022-02-23,False,L,-0.7143,0.0487,7.55,1.0294
S192,2022-02-23,True,L,-0.5714,0.0487,7.55,1.0294
S193,2022-02-23,False,L,-0.5,0.0487,7.55,1.0294
S194,2022-02-23,False,L,-0.6071,0.0487,7.55,1.0294
S195,2022-02-23,False,L,-0.5893,0.0487,7.55,1.0294
S196,2022-02-24,False,L,-1.1875,0.0676,7.67,1.0252
S197,2022-02-24,False,L,-0.7411,0.0676,7.67,1.0252
S198,2022-02-24,False,L,-0.7143,0.0676,7.67,1.0252
S199,2022-02-24,False,L,-0.7143,0.0676,7.67,1.0252
S200,2022-02-24,False,L,-0.8393,0.0676,7.67,1.0252
S201,2022-02-24,False,L,-1.0804,0.0676,7.67,1.0252
S202,2022-02-25,False,L,-0.6696,0.0436,7.7,1.0488
S203,2022-02-25,False,L,-0.6875,0.0436,7.7,1.0488
S204,2022-02-25,False,EOD+,0.5,0.0436,7.7,1.0488
S205,2022-02-25,False,EOD+,0.15,0.0436,7.7,1.0488
S206,2022-02-25,False,EOD+,0.35,0.0436,7.7,1.0488
S207,2022-02-28,False,W,2.6679,0.019,8.35,1.0576
S208,2022-03-02,False,EOD+,0.1,0.0178,8.74,1.0796
S209,2022-03-02,False,EOD+,0.2,0.0178,8.74,1.0796
S210,2022-03-02,False,EOD+,0.55,0.0178,8.74,1.0796
S211,2022-03-02,False,EOD+,0.2,0.0178,8.74,1.0796
S212,2022-03-02,False,EOD+,0.1,0.0178,8.74,1.0796
S213,2022-03-02,False,EOD-,-0.05,0.0178,8.74,1.0796
S214,2022-03-02,False,EOD-,-0.2,0.0178,8.74,1.0796
S215,2022-03-02,False,EOD-,-0.35,0.0178,8.74,1.0796
S216,2022-03-02,False,EOD-,-0.2,0.0178,8.74,1.0796
S217,2022-03-03,False,W,3.4554,0.0059,8.9,1.0708
S218,2022-03-03,False,EOD+,0.75,0.0059,8.9,1.0708
S219,2022-03-03,False,EOD+,0.75,0.0059,8.9,1.0708
S220,2022-03-03,False,EOD+,0.45,0.0059,8.9,1.0708
S221,2022-03-03,True,EOD+,0.6,0.0059,8.9,1.0708
S222,2022-03-03,False,W,1.8161,0.0059,8.9,1.0708
S223,2022-03-03,False,W,1.7839,0.0059,8.9,1.0708
S224,2022-03-03,True,EOD+,0.5,0.0059,8.9,1.0708
S225,2022-03-03,True,EOD+,0.4,0.0059,8.9,1.0708
S226,2022-03-03,False,W,1.5429,0.0059,8.9,1.0708
S227,2022-03-03,False,EOD+,0.4,0.0059,8.9,1.0708
S228,2022-03-04,False,W,1.9607,0.0024,9.01,1.0934
S229,2022-03-04,False,EOD-,-0.1,0.0024,9.01,1.0934
S230,2022-03-07,False,EOD+,0.05,0.0012,9.23,1.1684
S231,2022-03-07,False,L,-0.8393,0.0012,9.23,1.1684
S232,2022-03-07,False,W,1.4946,0.0012,9.23,1.1684
S233,2022-03-07,False,L,-1.2946,0.0012,9.23,1.1684
S234,2022-03-08,False,L,-1.1339,0.0005,9.4,1.3156
S235,2022-03-08,False,L,-1.0982,0.0005,9.4,1.3156
S236,2022-03-08,False,L,-1.2054,0.0005,9.4,1.3156
S237,2022-03-08,False,L,-1.2054,0.0005,9.4,1.3156
S238,2022-03-08,False,EOD+,0.9,0.0005,9.4,1.3156
S239,2022-03-09,False,EOD+,0.15,0.0063,9.65,1.3256
S240,2022-03-09,False,EOD+,0.15,0.0063,9.65,1.3256
S241,2022-03-09,False,EOD+,0.4,0.0063,9.65,1.3256
S242,2022-03-09,False,EOD+,0.25,0.0063,9.65,1.3256
S243,2022-03-09,True,EOD-,-0.15,0.0063,9.65,1.3256
S244,2022-03-09,True,EOD-,-0.25,0.0063,9.65,1.3256
S245,2022-03-10,False,L,-1.0982,0.0111,9.58,1.265
S246,2022-03-10,False,L,-1.0,0.0111,9.58,1.265
S247,2022-03-10,False,EOD-,-0.15,0.0111,9.58,1.265
S248,2022-03-11,False,W,2.25,0.0029,10.17,1.2518
S249,2022-03-11,False,W,2.2821,0.0029,10.17,1.2518
S250,2022-03-11,True,W,2.1214,0.0029,10.17,1.2518
S251,2022-03-11,False,W,1.35,0.0029,10.17,1.2518
S252,2022-03-11,True,W,1.3339,0.0029,10.17,1.2518
S253,2022-03-11,False,W,1.3339,0.0029,10.17,1.2518
S254,2022-03-11,False,W,1.6071,0.0029,10.17,1.2518
S255,2022-03-11,False,EOD-,0.0,0.0029,10.17,1.2518
S256,2022-03-11,False,EOD-,-0.15,0.0029,10.17,1.2518
S257,2022-03-14,False,W,1.2375,0.0174,10.46,1.24
S258,2022-03-14,False,W,1.8161,0.0174,10.46,1.24
S259,2022-03-14,False,W,1.3018,0.0174,10.46,1.24
S260,2022-03-14,False,W,1.0607,0.0174,10.46,1.24
S261,2022-03-14,False,W,0.9804,0.0174,10.46,1.24
S262,2022-03-15,False,L,-0.7857,0.0183,10.11,1.2221
S263,2022-03-17,False,L,-0.8661,0.0265,9.71,1.2086
S264,2022-03-17,False,L,-0.8214,0.0265,9.71,1.2086
S265,2022-03-17,False,L,-0.6161,0.0265,9.71,1.2086
S266,2022-03-17,False,L,-0.6339,0.0265,9.71,1.2086
S267,2022-03-17,False,W,1.1893,0.0265,9.71,1.2086
S268,2022-03-17,False,EOD-,-0.15,0.0265,9.71,1.2086
S269,2022-03-21,False,L,-0.7321,0.0175,10.32,1.2168
S270,2022-03-22,False,W,2.0411,0.026,11.0,1.2331
S271,2022-03-22,False,W,0.3375,0.026,11.0,1.2331
S272,2022-03-22,True,W,0.5625,0.026,11.0,1.2331
S273,2022-03-23,False,EOD-,-0.3,0.03,10.24,1.234
S274,2022-03-23,False,L,-0.6607,0.03,10.24,1.234
S275,2022-03-23,False,L,-0.6071,0.03,10.24,1.234
S276,2022-03-23,False,L,-0.7411,0.03,10.24,1.234
S277,2022-03-23,False,EOD+,0.05,0.03,10.24,1.234
S278,2022-03-23,True,EOD-,-0.05,0.03,10.24,1.234
S279,2022-03-24,False,EOD+,0.4,0.0348,9.84,1.1764
S280,2022-03-24,True,EOD+,0.5,0.0348,9.84,1.1764
S281,2022-03-24,False,EOD+,0.35,0.0348,9.84,1.1764
S282,2022-03-24,False,EOD+,0.4,0.0348,9.84,1.1764
S283,2022-03-24,False,L,-0.9821,0.0348,9.84,1.1764
S284,2022-03-24,False,L,-0.9732,0.0348,9.84,1.1764
S285,2022-03-24,False,L,-0.9107,0.0348,9.84,1.1764
S286,2022-03-24,False,L,-0.8036,0.0348,9.84,1.1764
S287,2022-03-24,False,L,-0.8839,0.0348,9.84,1.1764
S288,2022-03-24,False,EOD+,0.85,0.0348,9.84,1.1764
S289,2022-03-25,False,W,1.0125,0.0253,10.24,1.1759
S290,2022-03-25,False,EOD-,0.0,0.0253,10.24,1.1759
S291,2022-03-28,True,L,-1.0268,0.0407,10.45,1.1738
S292,2022-03-28,False,W,1.2696,0.0407,10.45,1.1738
S293,2022-03-28,False,W,1.4946,0.0407,10.45,1.1738
S294,2022-03-28,False,EOD+,0.95,0.0407,10.45,1.1738
S295,2022-03-29,False,L,-1.4821,0.0427,10.53,1.1655
S296,2022-03-29,False,L,-0.9196,0.0427,10.53,1.1655
S297,2022-03-29,False,L,-0.6429,0.0427,10.53,1.1655
S298,2022-03-30,True,W,1.0929,0.0424,9.97,1.1775
S299,2022-03-30,False,L,-0.5268,0.0424,9.97,1.1775
S300,2022-03-30,False,L,-0.5446,0.0424,9.97,1.1775
S301,2022-03-30,False,L,-0.4821,0.0424,9.97,1.1775
S302,2022-03-30,False,L,-0.4554,0.0424,9.97,1.1775
S303,2022-03-30,False,L,-0.5089,0.0424,9.97,1.1775
S304,2022-03-30,False,L,-0.5,0.0424,9.97,1.1775
S305,2022-03-30,False,L,-0.5536,0.0424,9.97,1.1775
S306,2022-03-30,False,L,-0.5982,0.0424,9.97,1.1775
S307,2022-03-30,False,L,-0.5982,0.0424,9.97,1.1775
S308,2022-03-30,False,L,-0.5804,0.0424,9.97,1.1775
S309,2022-03-30,False,L,-0.6518,0.0424,9.97,1.1775
S310,2022-03-30,False,W,1.2696,0.0424,9.97,1.1775
S311,2022-03-30,False,W,1.5429,0.0424,9.97,1.1775
S312,2022-03-31,False,EOD+,0.9,0.0167,9.46,1.1979
S313,2022-03-31,False,EOD+,0.85,0.0167,9.46,1.1979
S314,2022-03-31,False,EOD+,0.4,0.0167,9.46,1.1979
S315,2022-03-31,False,EOD+,0.75,0.0167,9.46,1.1979
S316,2022-03-31,False,EOD+,1.05,0.0167,9.46,1.1979
S317,2022-03-31,False,EOD+,0.9,0.0167,9.46,1.1979
S318,2022-03-31,False,W,0.9482,0.0167,9.46,1.1979
S319,2022-04-01,False,EOD+,1.5,0.0273,9.71,1.2327
S320,2022-04-01,False,EOD+,1.3,0.0273,9.71,1.2327
S321,2022-04-01,False,EOD+,1.2,0.0273,9.71,1.2327
S322,2022-04-01,False,W,1.3339,0.0273,9.71,1.2327
S323,2022-04-01,False,EOD+,1.0,0.0273,9.71,1.2327
S324,2022-04-01,False,EOD+,1.05,0.0273,9.71,1.2327
S325,2022-04-01,False,EOD+,0.8,0.0273,9.71,1.2327
S326,2022-04-01,False,EOD+,0.9,0.0273,9.71,1.2327
S327,2022-04-01,True,EOD+,0.8,0.0273,9.71,1.2327
S328,2022-04-04,False,EOD+,1.6,0.0264,9.65,1.2048
S329,2022-04-04,False,EOD+,1.65,0.0264,9.65,1.2048
S330,2022-04-04,False,EOD+,1.35,0.0264,9.65,1.2048
S331,2022-04-04,False,EOD+,1.4,0.0264,9.65,1.2048
S332,2022-04-04,False,EOD+,1.5,0.0264,9.65,1.2048
S333,2022-04-04,False,EOD+,1.6,0.0264,9.65,1.2048
S334,2022-04-04,False,EOD+,1.45,0.0264,9.65,1.2048
S335,2022-04-04,False,W,1.3661,0.0264,9.65,1.2048
S336,2022-04-05,False,W,3.3589,0.0492,9.77,1.1639
S337,2022-04-05,False,W,1.7036,0.0492,9.77,1.1639
S338,2022-04-05,False,W,1.6232,0.0492,9.77,1.1639
S339,2022-04-05,False,W,1.4304,0.0492,9.77,1.1639
S340,2022-04-05,True,W,1.4625,0.0492,9.77,1.1639
S341,2022-04-05,True,W,1.5107,0.0492,9.77,1.1639
S342,2022-04-05,False,W,1.8804,0.0492,9.77,1.1639
S343,2022-04-05,False,W,1.7518,0.0492,9.77,1.1639
S344,2022-04-06,False,W,3.7446,0.0484,9.41,0.9212
S345,2022-04-06,False,EOD+,1.5,0.0484,9.41,0.9212
S346,2022-04-06,False,EOD+,1.6,0.0484,9.41,0.9212
S347,2022-04-06,False,W,2.5232,0.0484,9.41,0.9212
S348,2022-04-06,False,W,2.25,0.0484,9.41,0.9212
S349,2022-04-06,False,W,1.4464,0.0484,9.41,0.9212
S350,2022-04-06,False,EOD-,-0.25,0.0484,9.41,0.9212
S351,2022-04-07,False,L,-1.7589,0.0505,9.59,0.8389
S352,2022-04-08,True,L,-1.5804,0.0567,9.41,0.8686
S353,2022-04-08,False,EOD+,0.9,0.0567,9.41,0.8686
S354,2022-04-08,False,EOD+,0.8,0.0567,9.41,0.8686
S355,2022-04-08,False,EOD+,1.15,0.0567,9.41,0.8686
S356,2022-04-08,False,EOD+,0.6,0.0567,9.41,0.8686
S357,2022-04-08,True,EOD+,1.1,0.0567,9.41,0.8686
S358,2022-04-08,False,L,-0.6339,0.0567,9.41,0.8686
S359,2022-04-08,False,W,0.9804,0.0567,9.41,0.8686
S360,2022-04-11,False,L,-1.2589,0.0593,9.71,0.8889
S361,2022-04-11,False,EOD+,0.9,0.0593,9.71,0.8889
S362,2022-04-11,False,EOD+,0.9,0.0593,9.71,0.8889
S363,2022-04-12,False,EOD+,1.7,0.0565,9.59,0.8911
S364,2022-04-12,False,W,1.6232,0.0565,9.59,0.8911
S365,2022-04-12,False,W,0.8196,0.0565,9.59,0.8911
S366,2022-04-12,False,W,0.9482,0.0565,9.59,0.8911
S367,2022-04-13,False,L,-1.0446,0.042,9.12,0.8971
S368,2022-04-13,False,L,-1.1786,0.042,9.12,0.8971
S369,2022-04-13,False,L,-1.0714,0.042,9.12,0.8971
S370,2022-04-13,False,EOD-,0.0,0.042,9.12,0.8971
S371,2022-04-13,False,EOD+,0.1,0.042,9.12,0.8971
S372,2022-04-18,False,L,-1.1339,0.0566,9.23,0.9081
S373,2022-04-18,True,EOD+,0.95,0.0566,9.23,0.9081
S374,2022-04-18,True,EOD+,0.85,0.0566,9.23,0.9081
S375,2022-04-18,False,L,-0.6161,0.0566,9.23,0.9081
S376,2022-04-18,False,W,1.0607,0.0566,9.23,0.9081
S377,2022-04-19,False,L,-0.6964,0.0469,9.29,0.9093
S378,2022-04-19,False,L,-0.75,0.0469,9.29,0.9093
S379,2022-04-19,False,L,-0.6786,0.0469,9.29,0.9093
S380,2022-04-19,False,L,-0.6518,0.0469,9.29,0.9093
S381,2022-04-19,False,L,-0.5536,0.0469,9.29,0.9093
S382,2022-04-20,False,L,-1.8482,0.0549,8.7,0.9094
S383,2022-04-20,True,EOD+,0.7,0.0549,8.7,0.9094
S384,2022-04-20,False,EOD+,0.25,0.0549,8.7,0.9094
S385,2022-04-20,False,EOD-,0.0,0.0549,8.7,0.9094
S386,2022-04-20,True,EOD-,-0.1,0.0549,8.7,0.9094
S387,2022-04-20,False,EOD-,-0.05,0.0549,8.7,0.9094
S388,2022-04-20,True,EOD-,-0.15,0.0549,8.7,0.9094
S389,2022-04-20,False,EOD-,-0.05,0.0549,8.7,0.9094
S390,2022-04-21,False,L,-1.0089,0.0481,8.75,0.9123
S391,2022-04-21,False,W,0.6589,0.0481,8.75,0.9123
S392,2022-04-22,False,W,1.6232,0.0448,8.61,0.8968
S393,2022-04-22,False,L,-0.4643,0.0448,8.61,0.8968
S394,2022-04-22,False,L,-0.4821,0.0448,8.61,0.8968
S395,2022-04-22,False,L,-0.4643,0.0448,8.61,0.8968
S396,2022-04-22,False,L,-0.4286,0.0448,8.61,0.8968
S397,2022-04-22,False,L,-0.4821,0.0448,8.61,0.8968
S398,2022-04-22,False,L,-0.5268,0.0448,8.61,0.8968
S399,2022-04-22,False,L,-0.4107,0.0448,8.61,0.8968
S400,2022-04-25,False,L,-0.7589,0.0365,8.92,0.9092
S401,2022-04-25,False,EOD+,0.3,0.0365,8.92,0.9092
S402,2022-04-25,False,EOD+,0.45,0.0365,8.92,0.9092
S403,2022-04-26,False,W,1.4464,0.0559,8.47,0.9298
S404,2022-04-26,False,W,1.8482,0.0559,8.47,0.9298
S405,2022-04-26,False,W,1.7518,0.0559,8.47,0.9298
S406,2022-04-26,False,W,1.5107,0.0559,8.47,0.9298
S407,2022-04-26,False,W,1.5589,0.0559,8.47,0.9298
S408,2022-04-26,False,W,1.2214,0.0559,8.47,0.9298
S409,2022-04-26,False,W,1.2054,0.0559,8.47,0.9298
S410,2022-04-26,False,W,1.2054,0.0559,8.47,0.9298
S411,2022-04-26,False,W,1.2857,0.0559,8.47,0.9298
S412,2022-04-26,False,W,1.3018,0.0559,8.47,0.9298
S413,2022-04-27,False,L,-1.375,0.043,8.37,0.9426
S414,2022-04-27,False,L,-1.4196,0.043,8.37,0.9426
S415,2022-04-27,False,L,-1.1339,0.043,8.37,0.9426
S416,2022-04-27,False,EOD+,0.5,0.043,8.37,0.9426
S417,2022-04-28,False,W,1.4625,0.0597,8.52,0.9553
S418,2022-04-28,False,W,1.4625,0.0597,8.52,0.9553
S419,2022-04-29,False,L,-1.4464,0.0359,8.98,0.9195
S420,2022-04-29,False,L,-1.0179,0.0359,8.98,0.9195
S421,2022-05-02,False,EOD+,1.85,0.0261,9.2,0.8612
S422,2022-05-02,False,L,-0.8393,0.0261,9.2,0.8612
S423,2022-05-02,False,L,-0.8125,0.0261,9.2,0.8612
S424,2022-05-02,False,EOD+,0.4,0.0261,9.2,0.8612
S425,2022-05-02,False,EOD+,0.65,0.0261,9.2,0.8612
S426,2022-05-04,False,EOD-,-0.55,0.0299,8.88,0.9454
S427,2022-05-04,False,L,-0.7143,0.0299,8.88,0.9454
S428,2022-05-04,False,EOD-,-0.05,0.0299,8.88,0.9454
S429,2022-05-04,False,EOD-,-0.25,0.0299,8.88,0.9454
S430,2022-05-04,False,EOD-,-0.5,0.0299,8.88,0.9454
S431,2022-05-04,False,EOD-,-0.25,0.0299,8.88,0.9454
S432,2022-05-05,False,L,-1.6786,0.0101,8.93,0.9659
S433,2022-05-05,False,L,-1.0625,0.0101,8.93,0.9659
S434,2022-05-05,True,L,-1.0,0.0101,8.93,0.9659
S435,2022-05-05,False,L,-1.1607,0.0101,8.93,0.9659
S436,2022-05-05,False,L,-1.0893,0.0101,8.93,0.9659
S437,2022-05-05,False,L,-1.0893,0.0101,8.93,0.9659
S438,2022-05-05,False,L,-1.1339,0.0101,8.93,0.9659
S439,2022-05-06,False,EOD+,2.4,0.0128,8.67,0.9221
S440,2022-05-06,False,EOD+,2.45,0.0128,8.67,0.9221
S441,2022-05-06,True,EOD+,2.45,0.0128,8.67,0.9221
S442,2022-05-06,False,W,1.8643,0.0128,8.67,0.9221
S443,2022-05-06,False,L,-1.0,0.0128,8.67,0.9221
S444,2022-05-06,False,W,1.9125,0.0128,8.67,0.9221
S445,2022-05-06,False,W,2.2339,0.0128,8.67,0.9221
S446,2022-05-09,False,W,3.3911,0.0214,8.82,0.9173
S447,2022-05-09,False,W,4.1464,0.0214,8.82,0.9173
S448,2022-05-09,False,EOD+,2.4,0.0214,8.82,0.9173
S449,2022-05-09,False,EOD+,1.5,0.0214,8.82,0.9173
S450,2022-05-09,False,EOD+,1.25,0.0214,8.82,0.9173
S451,2022-05-09,False,EOD+,0.95,0.0214,8.82,0.9173
S452,2022-05-09,True,EOD+,0.2,0.0214,8.82,0.9173
S453,2022-05-09,False,EOD+,0.8,0.0214,8.82,0.9173
S454,2022-05-09,False,EOD+,0.7,0.0214,8.82,0.9173
S455,2022-05-10,False,L,-1.3304,0.0251,8.72,0.9125
S456,2022-05-10,False,L,-1.2054,0.0251,8.72,0.9125
S457,2022-05-10,False,L,-1.1071,0.0251,8.72,0.9125
S458,2022-05-11,False,L,-1.9018,0.0104,8.93,0.9073
S459,2022-05-11,False,L,-2.4286,0.0104,8.93,0.9073
S460,2022-05-11,True,L,-2.0089,0.0104,8.93,0.9073
S461,2022-05-11,False,L,-1.4286,0.0104,8.93,0.9073
S462,2022-05-11,False,L,-1.3214,0.0104,8.93,0.9073
S463,2022-05-12,False,L,-1.6071,0.0141,8.43,0.8808
S464,2022-05-12,False,L,-1.25,0.0141,8.43,0.8808
S465,2022-05-12,False,EOD+,1.55,0.0141,8.43,0.8808
S466,2022-05-12,False,EOD+,1.85,0.0141,8.43,0.8808
S467,2022-05-12,False,EOD+,1.9,0.0141,8.43,0.8808
S468,2022-05-12,False,EOD+,1.55,0.0141,8.43,0.8808
S469,2022-05-12,False,EOD+,0.8,0.0141,8.43,0.8808
S470,2022-05-13,False,EOD+,1.8,0.0034,8.43,0.8769
S471,2022-05-13,False,EOD+,1.95,0.0034,8.43,0.8769
S472,2022-05-13,False,W,2.4589,0.0034,8.43,0.8769
S473,2022-05-13,True,W,2.2018,0.0034,8.43,0.8769
S474,2022-05-13,False,EOD+,1.3,0.0034,8.43,0.8769
S475,2022-05-13,False,W,1.8482,0.0034,8.43,0.8769
S476,2022-05-13,False,W,1.4946,0.0034,8.43,0.8769
S477,2022-05-16,False,L,-2.5536,0.0109,8.29,0.861
S478,2022-05-16,False,EOD+,0.9,0.0109,8.29,0.861
S479,2022-05-16,False,EOD+,0.9,0.0109,8.29,0.861
S480,2022-05-16,False,EOD+,0.45,0.0109,8.29,0.861
S481,2022-05-16,False,EOD-,-0.25,0.0109,8.29,0.861
S482,2022-05-16,False,EOD-,-0.3,0.0109,8.29,0.861
S483,2022-05-16,False,EOD-,-0.15,0.0109,8.29,0.861
S484,2022-05-17,False,EOD+,1.95,0.0156,8.02,0.8589
S485,2022-05-17,False,W,2.5714,0.0156,8.02,0.8589
S486,2022-05-17,False,W,2.0411,0.0156,8.02,0.8589
S487,2022-05-17,False,W,1.4464,0.0156,8.02,0.8589
S488,2022-05-17,False,W,1.4946,0.0156,8.02,0.8589
S489,2022-05-17,False,W,1.2214,0.0156,8.02,0.8589
S490,2022-05-19,False,W,1.6875,0.0025,9.09,0.8463
S491,2022-05-19,False,W,2.2661,0.0025,9.09,0.8463
S492,2022-05-19,False,W,2.4589,0.0025,9.09,0.8463
S493,2022-05-19,False,W,2.7964,0.0025,9.09,0.8463
S494,2022-05-19,False,W,2.6518,0.0025,9.09,0.8463
S495,2022-05-19,False,W,2.6839,0.0025,9.09,0.8463
S496,2022-05-20,False,L,-1.0714,0.0059,9.15,0.8628
S497,2022-05-20,False,EOD+,0.35,0.0059,9.15,0.8628
S498,2022-05-23,False,L,-1.2946,0.0009,9.2,0.8752
S499,2022-05-23,False,L,-1.0268,0.0009,9.2,0.8752
S500,2022-05-23,False,L,-0.8125,0.0009,9.2,0.8752
S501,2022-05-23,False,L,-0.75,0.0009,9.2,0.8752
S502,2022-05-23,False,L,-0.7768,0.0009,9.2,0.8752
S503,2022-05-23,False,L,-0.9911,0.0009,9.2,0.8752
S504,2022-05-23,False,L,-1.0179,0.0009,9.2,0.8752
S505,2022-05-23,False,L,-0.9821,0.0009,9.2,0.8752
S506,2022-05-23,True,L,-1.0893,0.0009,9.2,0.8752
S507,2022-05-23,False,EOD-,-0.5,0.0009,9.2,0.8752
S508,2022-05-24,True,W,2.25,0.0042,8.98,0.8796
S509,2022-05-24,False,L,-0.875,0.0042,8.98,0.8796
S510,2022-05-24,False,L,-0.6786,0.0042,8.98,0.8796
S511,2022-05-24,False,L,-0.7679,0.0042,8.98,0.8796
S512,2022-05-24,False,L,-0.8214,0.0042,8.98,0.8796
S513,2022-05-24,False,L,-0.8393,0.0042,8.98,0.8796
S514,2022-05-24,False,L,-0.7054,0.0042,8.98,0.8796
S515,2022-05-24,False,L,-0.6518,0.0042,8.98,0.8796
S516,2022-05-24,False,L,-0.5893,0.0042,8.98,0.8796
S517,2022-05-25,False,L,-1.3393,0.0131,8.77,0.8699
S518,2022-05-25,False,L,-1.5357,0.0131,8.77,0.8699
S519,2022-05-25,False,L,-1.6429,0.0131,8.77,0.8699
S520,2022-05-25,False,L,-1.0893,0.0131,8.77,0.8699
S521,2022-05-25,False,L,-0.8571,0.0131,8.77,0.8699
S522,2022-05-25,False,EOD+,0.75,0.0131,8.77,0.8699
S523,2022-05-25,False,EOD+,0.95,0.0131,8.77,0.8699
S524,2022-05-25,True,EOD+,0.9,0.0131,8.77,0.8699
S525,2022-05-25,False,EOD+,0.95,0.0131,8.77,0.8699
S526,2022-05-26,False,W,2.475,0.0047,8.77,0.8517
S527,2022-05-26,False,W,2.3143,0.0047,8.77,0.8517
S528,2022-05-26,False,W,2.4589,0.0047,8.77,0.8517
S529,2022-05-26,False,W,1.5268,0.0047,8.77,0.8517
S530,2022-05-26,False,W,1.8321,0.0047,8.77,0.8517
S531,2022-05-26,False,W,1.7839,0.0047,8.77,0.8517
S532,2022-05-27,False,EOD-,-0.1,0.0212,8.61,0.8436
S533,2022-05-27,False,EOD-,0.0,0.0212,8.61,0.8436
S534,2022-05-27,False,W,0.9482,0.0212,8.61,0.8436
S535,2022-05-27,False,W,0.7071,0.0212,8.61,0.8436
S536,2022-05-27,False,EOD-,-0.15,0.0212,8.61,0.8436
S537,2022-05-27,False,L,-0.3839,0.0212,8.61,0.8436
S538,2022-05-30,False,W,1.7196,0.0016,8.51,0.8755
S539,2022-05-30,False,EOD-,-0.45,0.0016,8.51,0.8755
S540,2022-05-31,False,W,2.475,0.003,8.46,0.8151
S541,2022-05-31,False,W,1.4304,0.003,8.46,0.8151
S542,2022-05-31,False,W,1.1732,0.003,8.46,0.8151
S543,2022-05-31,False,W,1.1732,0.003,8.46,0.8151
S544,2022-05-31,False,EOD+,1.45,0.003,8.46,0.8151
S545,2022-06-01,False,L,-1.8839,0.0157,8.66,0.8083
S546,2022-06-02,False,EOD-,-0.9,0.0158,8.61,0.8176
S547,2022-06-02,False,EOD+,0.3,0.0158,8.61,0.8176
S548,2022-06-02,False,EOD-,-0.05,0.0158,8.61,0.8176
S549,2022-06-02,False,EOD-,0.0,0.0158,8.61,0.8176
S550,2022-06-02,False,EOD-,0.0,0.0158,8.61,0.8176
S551,2022-06-02,False,EOD+,0.05,0.0158,8.61,0.8176
S552,2022-06-03,False,L,-0.8304,0.0282,8.51,0.8276
S553,2022-06-03,False,L,-0.75,0.0282,8.51,0.8276
S554,2022-06-03,False,L,-0.7232,0.0282,8.51,0.8276
S555,2022-06-03,False,L,-0.8125,0.0282,8.51,0.8276
S556,2022-06-03,False,L,-0.7143,0.0282,8.51,0.8276
S557,2022-06-03,False,L,-0.7054,0.0282,8.51,0.8276
S558,2022-06-03,False,L,-0.5625,0.0282,8.51,0.8276
S559,2022-06-06,False,EOD-,-0.15,0.045,8.09,0.8485
S560,2022-06-06,False,EOD-,-0.05,0.045,8.09,0.8485
S561,2022-06-06,False,EOD-,-0.05,0.045,8.09,0.8485
S562,2022-06-06,False,EOD-,0.0,0.045,8.09,0.8485
S563,2022-06-06,False,EOD-,-0.05,0.045,8.09,0.8485
S564,2022-06-06,False,L,-0.5625,0.045,8.09,0.8485
S565,2022-06-06,False,L,-0.4554,0.045,8.09,0.8485
S566,2022-06-06,False,L,-0.4821,0.045,8.09,0.8485
S567,2022-06-06,False,L,-0.5357,0.045,8.09,0.8485
S568,2022-06-06,False,L,-0.5536,0.045,8.09,0.8485
S569,2022-06-07,False,EOD-,0.0,0.0449,7.41,0.8503
S570,2022-06-07,False,EOD+,0.25,0.0449,7.41,0.8503
S571,2022-06-07,False,EOD+,0.2,0.0449,7.41,0.8503
S572,2022-06-07,False,EOD-,-0.2,0.0449,7.41,0.8503
S573,2022-06-07,False,EOD-,-0.2,0.0449,7.41,0.8503
S574,2022-06-07,False,EOD-,-0.25,0.0449,7.41,0.8503
S575,2022-06-07,False,EOD-,-0.15,0.0449,7.41,0.8503
S576,2022-06-07,False,EOD+,0.05,0.0449,7.41,0.8503
S577,2022-06-07,False,EOD+,0.05,0.0449,7.41,0.8503
S578,2022-06-07,False,EOD+,0.05,0.0449,7.41,0.8503
S579,2022-06-07,False,EOD-,0.0,0.0449,7.41,0.8503
S580,2022-06-07,False,EOD-,0.0,0.0449,7.41,0.8503
S581,2022-06-07,False,EOD-,0.0,0.0449,7.41,0.8503
S582,2022-06-08,False,L,-0.875,0.0363,7.13,0.8625
S583,2022-06-08,False,L,-1.0625,0.0363,7.13,0.8625
S584,2022-06-08,False,EOD-,-0.05,0.0363,7.13,0.8625
S585,2022-06-08,False,EOD-,-0.1,0.0363,7.13,0.8625
S586,2022-06-08,False,EOD-,-0.05,0.0363,7.13,0.8625
S587,2022-06-08,False,EOD-,-0.1,0.0363,7.13,0.8625
S588,2022-06-08,False,L,-1.0982,0.0363,7.13,0.8625
S589,2022-06-08,False,L,-0.4732,0.0363,7.13,0.8625
S590,2022-06-08,False,L,-0.4286,0.0363,7.13,0.8625
S591,2022-06-08,False,L,-0.4286,0.0363,7.13,0.8625
S592,2022-06-08,False,EOD+,0.1,0.0363,7.13,0.8625
S593,2022-06-08,False,EOD+,0.15,0.0363,7.13,0.8625
S594,2022-06-08,False,EOD+,0.05,0.0363,7.13,0.8625
S595,2022-06-09,False,EOD+,0.6,0.0295,7.34,0.903
S596,2022-06-09,False,L,-0.5804,0.0295,7.34,0.903
S597,2022-06-09,False,EOD+,0.4,0.0295,7.34,0.903
S598,2022-06-09,False,EOD+,0.6,0.0295,7.34,0.903
S599,2022-06-10,False,L,-1.4107,0.0286,7.12,0.8916
S600,2022-06-10,False,EOD-,-0.45,0.0286,7.12,0.8916
S601,2022-06-10,False,EOD-,-0.3,0.0286,7.12,0.8916
S602,2022-06-10,False,EOD-,-0.45,0.0286,7.12,0.8916
S603,2022-06-10,False,L,-0.8304,0.0286,7.12,0.8916
S604,2022-06-10,False,L,-0.8482,0.0286,7.12,0.8916
S605,2022-06-10,False,L,-0.8482,0.0286,7.12,0.8916
S606,2022-06-10,False,L,-0.5625,0.0286,7.12,0.8916
S607,2022-06-13,False,L,-1.3571,0.0267,7.29,0.8787
S608,2022-06-13,False,EOD-,-1.45,0.0267,7.29,0.8787
S609,2022-06-13,False,L,-0.8036,0.0267,7.29,0.8787
S610,2022-06-14,False,EOD-,-0.6,0.0311,7.47,0.8815
S611,2022-06-14,False,EOD-,-0.55,0.0311,7.47,0.8815
S612,2022-06-14,False,EOD-,-0.85,0.0311,7.47,0.8815
S613,2022-06-14,False,L,-1.2143,0.0311,7.47,0.8815
S614,2022-06-14,False,L,-0.6607,0.0311,7.47,0.8815
S615,2022-06-15,False,L,-1.2589,0.0034,6.92,0.8622
S616,2022-06-15,False,L,-1.0536,0.0034,6.92,0.8622
S617,2022-06-15,False,L,-0.5625,0.0034,6.92,0.8622
S618,2022-06-15,False,L,-0.4732,0.0034,6.92,0.8622
S619,2022-06-15,False,L,-0.625,0.0034,6.92,0.8622
S620,2022-06-15,False,L,-0.625,0.0034,6.92,0.8622
S621,2022-06-15,False,EOD+,0.15,0.0034,6.92,0.8622
S622,2022-06-16,False,L,-1.0179,0.0409,6.64,0.8287
S623,2022-06-16,False,L,-1.0625,0.0409,6.64,0.8287
S624,2022-06-16,False,L,-0.8661,0.0409,6.64,0.8287
S625,2022-06-16,False,L,-0.7768,0.0409,6.64,0.8287
S626,2022-06-16,False,L,-0.7411,0.0409,6.64,0.8287
S627,2022-06-16,False,L,-0.7321,0.0409,6.64,0.8287
S628,2022-06-16,False,L,-0.75,0.0409,6.64,0.8287
S629,2022-06-16,True,L,-0.9732,0.0409,6.64,0.8287
S630,2022-06-16,False,L,-1.1071,0.0409,6.64,0.8287
S631,2022-06-16,False,L,-1.1607,0.0409,6.64,0.8287
S632,2022-06-17,False,L,-1.7679,0.0465,6.35,0.8182
S633,2022-06-17,False,L,-1.1339,0.0465,6.35,0.8182
S634,2022-06-17,False,L,-1.0179,0.0465,6.35,0.8182
S635,2022-06-17,False,L,-0.9821,0.0465,6.35,0.8182
S636,2022-06-17,False,L,-0.875,0.0465,6.35,0.8182
S637,2022-06-17,False,L,-0.9196,0.0465,6.35,0.8182
S638,2022-06-17,False,L,-0.9196,0.0465,6.35,0.8182
S639,2022-06-20,False,L,-2.4554,0.0432,6.55,0.8142
S640,2022-06-20,False,L,-1.9732,0.0432,6.55,0.8142
S641,2022-06-20,False,L,-1.375,0.0432,6.55,0.8142
S642,2022-06-20,False,EOD-,-0.45,0.0432,6.55,0.8142
S643,2022-06-21,False,W,3.3107,0.0428,6.58,0.814
S644,2022-06-21,False,EOD+,1.15,0.0428,6.58,0.814
S645,2022-06-21,False,W,2.25,0.0428,6.58,0.814
S646,2022-06-21,False,L,-1.0982,0.0428,6.58,0.814
S647,2022-06-21,False,L,-1.125,0.0428,6.58,0.814
S648,2022-06-22,False,L,-1.2679,0.0413,6.67,0.801
S649,2022-06-22,False,L,-0.8839,0.0413,6.67,0.801
S650,2022-06-22,False,L,-0.9286,0.0413,6.67,0.801
S651,2022-06-22,False,L,-0.9286,0.0413,6.67,0.801
S652,2022-06-22,False,L,-0.7589,0.0413,6.67,0.801
S653,2022-06-22,False,L,-0.8125,0.0413,6.67,0.801
S654,2022-06-22,False,L,-0.6875,0.0413,6.67,0.801
S655,2022-06-22,False,EOD+,1.1,0.0413,6.67,0.801
S656,2022-06-23,False,L,-1.25,0.0465,6.76,0.8025
S657,2022-06-23,False,L,-1.3571,0.0465,6.76,0.8025
S658,2022-06-23,False,L,-1.4196,0.0465,6.76,0.8025
S659,2022-06-23,False,EOD+,0.6,0.0465,6.76,0.8025
S660,2022-06-27,False,EOD+,0.1,0.0375,6.85,0.7843
S661,2022-06-27,False,EOD-,-0.1,0.0375,6.85,0.7843
S662,2022-06-27,False,EOD-,0.0,0.0375,6.85,0.7843
S663,2022-06-27,False,EOD-,0.0,0.0375,6.85,0.7843
S664,2022-06-27,False,EOD-,-0.05,0.0375,6.85,0.7843
S665,2022-06-27,False,L,-0.7857,0.0375,6.85,0.7843
S666,2022-06-27,False,EOD+,0.25,0.0375,6.85,0.7843
S667,2022-06-27,False,EOD+,0.1,0.0375,6.85,0.7843
S668,2022-06-28,False,L,-1.2946,0.0521,6.73,0.7734
S669,2022-06-28,False,L,-1.0089,0.0521,6.73,0.7734
S670,2022-06-28,False,L,-0.9821,0.0521,6.73,0.7734
S671,2022-06-28,False,L,-0.9643,0.0521,6.73,0.7734
S672,2022-06-28,False,EOD+,0.35,0.0521,6.73,0.7734
S673,2022-06-28,False,EOD+,0.35,0.0521,6.73,0.7734
S674,2022-06-29,False,L,-1.0893,0.0554,6.56,0.8317
S675,2022-06-29,False,W,1.9929,0.0554,6.56,0.8317
S676,2022-06-29,False,W,2.1375,0.0554,6.56,0.8317
S677,2022-06-29,False,W,1.8161,0.0554,6.56,0.8317
S678,2022-06-29,False,W,1.5589,0.0554,6.56,0.8317
S679,2022-06-29,False,W,1.5911,0.0554,6.56,0.8317
S680,2022-06-29,False,W,1.2375,0.0554,6.56,0.8317
S681,2022-06-29,False,L,-0.6607,0.0554,6.56,0.8317
S682,2022-06-29,True,W,2.3786,0.0554,6.56,0.8317
S683,2022-06-30,False,L,-2.4464,0.0359,6.44,0.8043
S684,2022-06-30,False,EOD-,-0.6,0.0359,6.44,0.8043
S685,2022-06-30,False,L,-1.7411,0.0359,6.44,0.8043
S686,2022-06-30,False,L,-1.2411,0.0359,6.44,0.8043
S687,2022-06-30,False,L,-1.2857,0.0359,6.44,0.8043
S688,2022-06-30,False,L,-1.2768,0.0359,6.44,0.8043
S689,2022-06-30,False,EOD+,0.55,0.0359,6.44,0.8043
S690,2022-07-01,False,L,-1.1696,0.0511,6.31,0.8137
S691,2022-07-01,False,L,-1.2411,0.0511,6.31,0.8137
S692,2022-07-01,False,L,-1.2321,0.0511,6.31,0.8137
S693,2022-07-01,False,L,-1.0179,0.0511,6.31,0.8137
S694,2022-07-01,False,L,-0.9554,0.0511,6.31,0.8137
S695,2022-07-01,False,EOD-,-0.1,0.0511,6.31,0.8137
S696,2022-07-04,False,L,-1.625,0.0346,6.53,0.7964
S697,2022-07-04,True,W,3.3268,0.0346,6.53,0.7964
S698,2022-07-04,False,L,-0.9196,0.0346,6.53,0.7964
S699,2022-07-04,False,L,-1.0625,0.0346,6.53,0.7964
S700,2022-07-04,False,L,-0.9643,0.0346,6.53,0.7964
S701,2022-07-04,False,EOD+,0.4,0.0346,6.53,0.7964
S702,2022-07-05,False,L,-0.7143,0.0248,6.76,0.8405
S703,2022-07-05,False,L,-0.4464,0.0248,6.76,0.8405
S704,2022-07-05,False,L,-0.6964,0.0248,6.76,0.8405
S705,2022-07-06,False,EOD-,-0.3,0.0305,7.44,0.859
S706,2022-07-07,False,EOD-,-0.15,0.0261,7.63,0.879
S707,2022-07-07,False,W,0.6429,0.0261,7.63,0.879
S708,2022-07-07,False,EOD-,-0.05,0.0261,7.63,0.879
S709,2022-07-07,False,EOD-,-0.1,0.0261,7.63,0.879
S710,2022-07-07,False,L,-0.4375,0.0261,7.63,0.879
S711,2022-07-08,False,W,1.8804,0.0183,7.74,0.8967
S712,2022-07-08,False,W,1.9929,0.0183,7.74,0.8967
S713,2022-07-08,False,W,1.2214,0.0183,7.74,0.8967
S714,2022-07-11,False,L,-0.6875,0.0199,8.12,0.8765
S715,2022-07-12,False,L,-1.1518,0.0264,7.99,0.8911
S716,2022-07-12,False,L,-1.1696,0.0264,7.99,0.8911
S717,2022-07-12,False,L,-0.5089,0.0264,7.99,0.8911
S718,2022-07-12,False,L,-0.5357,0.0264,7.99,0.8911
S719,2022-07-12,False,L,-0.5446,0.0264,7.99,0.8911
S720,2022-07-12,False,L,-0.5357,0.0264,7.99,0.8911
S721,2022-07-12,False,L,-0.6161,0.0264,7.99,0.8911
S722,2022-07-13,False,L,-0.8929,0.0273,8.08,0.9118
S723,2022-07-13,False,L,-0.7143,0.0273,8.08,0.9118
S724,2022-07-13,False,L,-0.5089,0.0273,8.08,0.9118
S725,2022-07-13,False,L,-0.4643,0.0273,8.08,0.9118
S726,2022-07-13,False,L,-0.4464,0.0273,8.08,0.9118
S727,2022-07-14,False,EOD-,-0.55,0.02,8.35,0.899
S728,2022-07-14,False,L,-1.4375,0.02,8.35,0.899
S729,2022-07-14,False,L,-0.6607,0.02,8.35,0.899
S730,2022-07-14,False,L,-0.4821,0.02,8.35,0.899
S731,2022-07-14,False,L,-0.3571,0.02,8.35,0.899
S732,2022-07-14,False,EOD+,0.45,0.02,8.35,0.899
S733,2022-07-14,False,W,0.9321,0.02,8.35,0.899
S734,2022-07-15,False,L,-1.125,0.0165,8.74,0.9366
S735,2022-07-15,False,L,-1.0625,0.0165,8.74,0.9366
S736,2022-07-15,False,L,-1.0893,0.0165,8.74,0.9366
S737,2022-07-15,False,L,-0.5893,0.0165,8.74,0.9366
S738,2022-07-15,False,L,-0.6429,0.0165,8.74,0.9366
S739,2022-07-18,True,L,-1.0714,0.005,9.24,0.9297
S740,2022-07-18,False,L,-0.7232,0.005,9.24,0.9297
S741,2022-07-18,False,L,-0.5804,0.005,9.24,0.9297
S742,2022-07-19,False,L,-0.75,0.0015,9.18,0.9522
S743,2022-07-19,False,L,-0.4196,0.0015,9.18,0.9522
S744,2022-07-19,False,EOD-,-0.2,0.0015,9.18,0.9522
S745,2022-07-19,False,EOD+,0.1,0.0015,9.18,0.9522
S746,2022-07-19,False,EOD+,0.1,0.0015,9.18,0.9522
S747,2022-07-20,False,L,-0.75,0.0013,9.23,0.965
S748,2022-07-20,False,L,-0.6429,0.0013,9.23,0.965
S749,2022-07-20,False,EOD+,0.05,0.0013,9.23,0.965
S750,2022-07-21,False,EOD+,0.9,0.0073,9.01,0.9862
S751,2022-07-21,False,W,0.8357,0.0073,9.01,0.9862
S752,2022-07-21,False,W,0.8036,0.0073,9.01,0.9862
S753,2022-07-21,False,W,0.7875,0.0073,9.01,0.9862
S754,2022-07-21,False,W,0.7393,0.0073,9.01,0.9862
S755,2022-07-21,False,W,0.7875,0.0073,9.01,0.9862
S756,2022-07-21,False,W,0.7554,0.0073,9.01,0.9862
S757,2022-07-21,False,W,0.6589,0.0073,9.01,0.9862
S758,2022-07-21,False,W,0.45,0.0073,9.01,0.9862
S759,2022-07-21,False,W,0.4339,0.0073,9.01,0.9862
S760,2022-07-21,True,W,0.4821,0.0073,9.01,0.9862
S761,2022-07-22,False,L,-1.0804,0.002,8.79,0.9899
S762,2022-07-22,False,L,-1.0714,0.002,8.79,0.9899
S763,2022-07-22,False,L,-0.7857,0.002,8.79,0.9899
S764,2022-07-22,False,L,-0.5982,0.002,8.79,0.9899
S765,2022-07-22,False,L,-0.3214,0.002,8.79,0.9899
S766,2022-07-22,False,L,-0.3661,0.002,8.79,0.9899
S767,2022-07-22,False,L,-0.3661,0.002,8.79,0.9899
S768,2022-07-25,False,L,-0.625,0.0084,8.4,0.9967
S769,2022-07-25,False,L,-0.8304,0.0084,8.4,0.9967
S770,2022-07-25,False,L,-0.6071,0.0084,8.4,0.9967
S771,2022-07-25,False,L,-0.5357,0.0084,8.4,0.9967
S772,2022-07-25,False,L,-0.5446,0.0084,8.4,0.9967
S773,2022-07-25,False,L,-0.5179,0.0084,8.4,0.9967
S774,2022-07-25,False,EOD-,-0.2,0.0084,8.4,0.9967
S775,2022-07-26,False,W,1.2857,0.0026,8.31,1.0227
S776,2022-07-26,False,W,1.4464,0.0026,8.31,1.0227
S777,2022-07-26,False,L,-1.1696,0.0026,8.31,1.0227
S778,2022-07-26,False,L,-1.0804,0.0026,8.31,1.0227
S779,2022-07-26,False,EOD+,0.25,0.0026,8.31,1.0227
S780,2022-07-26,False,L,-0.625,0.0026,8.31,1.0227
S781,2022-07-26,False,EOD+,0.25,0.0026,8.31,1.0227
S782,2022-07-26,False,EOD+,0.15,0.0026,8.31,1.0227
S783,2022-07-26,False,EOD+,0.15,0.0026,8.31,1.0227
S784,2022-07-26,False,EOD+,0.15,0.0026,8.31,1.0227
S785,2022-07-27,True,EOD+,0.05,0.0086,8.31,1.0029
S786,2022-07-27,True,EOD+,0.1,0.0086,8.31,1.0029
S787,2022-07-27,False,EOD+,0.15,0.0086,8.31,1.0029
S788,2022-07-27,False,EOD+,0.2,0.0086,8.31,1.0029
S789,2022-07-27,False,EOD+,0.1,0.0086,8.31,1.0029
S790,2022-07-27,False,EOD+,0.15,0.0086,8.31,1.0029
S791,2022-07-27,False,EOD+,0.2,0.0086,8.31,1.0029
S792,2022-07-27,False,EOD+,0.1,0.0086,8.31,1.0029
S793,2022-07-27,False,EOD+,0.15,0.0086,8.31,1.0029
S794,2022-07-27,False,EOD-,-0.15,0.0086,8.31,1.0029
S795,2022-07-27,False,EOD-,-0.05,0.0086,8.31,1.0029
S796,2022-07-28,False,W,1.0125,0.0103,8.45,1.0366
S797,2022-07-28,False,W,0.8518,0.0103,8.45,1.0366
S798,2022-07-28,False,L,-0.4821,0.0103,8.45,1.0366
S799,2022-07-28,False,L,-0.5089,0.0103,8.45,1.0366
S800,2022-07-28,False,L,-0.5,0.0103,8.45,1.0366
S801,2022-07-29,False,EOD+,0.3,0.0181,9.12,1.0355
S802,2022-08-01,False,W,0.6911,0.0246,9.12,1.0024
S803,2022-08-01,False,W,0.6268,0.0246,9.12,1.0024
S804,2022-08-01,False,W,0.6268,0.0246,9.12,1.0024
S805,2022-08-01,False,EOD-,-0.05,0.0246,9.12,1.0024
S806,2022-08-01,False,EOD-,-0.15,0.0246,9.12,1.0024
S807,2022-08-02,False,W,2.4268,0.0307,9.07,0.9416
S808,2022-08-02,False,EOD+,2.25,0.0307,9.07,0.9416
S809,2022-08-02,False,W,1.2857,0.0307,9.07,0.9416
S810,2022-08-02,False,W,1.1571,0.0307,9.07,0.9416
S811,2022-08-02,False,W,1.4464,0.0307,9.07,0.9416
S812,2022-08-02,False,W,1.2375,0.0307,9.07,0.9416
S813,2022-08-03,False,L,-1.4107,0.0347,8.96,0.8556
S814,2022-08-03,False,L,-1.1339,0.0347,8.96,0.8556
S815,2022-08-03,False,W,1.3018,0.0347,8.96,0.8556
S816,2022-08-03,False,W,1.3982,0.0347,8.96,0.8556
S817,2022-08-04,False,L,-1.0268,0.0245,9.18,0.8679
S818,2022-08-04,False,L,-1.0893,0.0245,9.18,0.8679
S819,2022-08-04,False,L,-1.0714,0.0245,9.18,0.8679
S820,2022-08-04,False,L,-1.0179,0.0245,9.18,0.8679
S821,2022-08-05,False,W,1.35,0.0052,9.02,0.8731
S822,2022-08-05,False,W,1.3982,0.0052,9.02,0.8731
S823,2022-08-08,False,L,-1.75,0.0199,9.02,0.8946
S824,2022-08-08,False,L,-0.875,0.0199,9.02,0.8946
S825,2022-08-08,False,L,-0.6607,0.0199,9.02,0.8946
S826,2022-08-08,False,L,-0.5446,0.0199,9.02,0.8946
S827,2022-08-10,False,L,-1.2679,0.0233,9.3,0.8522
S828,2022-08-10,False,L,-1.1429,0.0233,9.3,0.8522
S829,2022-08-10,False,L,-0.9464,0.0233,9.3,0.8522
S830,2022-08-10,False,EOD+,1.05,0.0233,9.3,0.8522
S831,2022-08-10,False,EOD+,0.75,0.0233,9.3,0.8522
S832,2022-08-11,False,EOD-,-0.95,0.0233,8.86,0.8391
S833,2022-08-11,False,L,-0.7946,0.0233,8.86,0.8391
S834,2022-08-11,False,L,-0.8839,0.0233,8.86,0.8391
S835,2022-08-11,False,EOD+,0.25,0.0233,8.86,0.8391
S836,2022-08-11,False,EOD+,0.2,0.0233,8.86,0.8391
S837,2022-08-12,False,W,2.2821,0.0418,8.96,0.8488
S838,2022-08-12,True,W,1.1571,0.0418,8.96,0.8488
S839,2022-08-12,True,W,1.1732,0.0418,8.96,0.8488
S840,2022-08-12,False,W,0.9,0.0418,8.96,0.8488
S841,2022-08-12,False,W,0.9482,0.0418,8.96,0.8488
S842,2022-08-12,True,L,-0.5179,0.0418,8.96,0.8488
S843,2022-08-12,False,L,-0.4464,0.0418,8.96,0.8488
S844,2022-08-12,True,W,0.7232,0.0418,8.96,0.8488
S845,2022-08-12,False,W,1.0125,0.0418,8.96,0.8488
S846,2022-08-16,False,EOD+,0.9,0.0625,8.65,0.7952
S847,2022-08-16,False,EOD+,0.3,0.0625,8.65,0.7952
S848,2022-08-16,False,EOD+,0.75,0.0625,8.65,0.7952
S849,2022-08-16,False,EOD+,0.5,0.0625,8.65,0.7952
S850,2022-08-16,False,EOD+,0.65,0.0625,8.65,0.7952
S851,2022-08-16,False,EOD+,0.3,0.0625,8.65,0.7952
S852,2022-08-16,False,EOD+,0.5,0.0625,8.65,0.7952
S853,2022-08-16,True,EOD+,0.4,0.0625,8.65,0.7952
S854,2022-08-16,False,W,0.6268,0.0625,8.65,0.7952
S855,2022-08-16,False,W,0.5625,0.0625,8.65,0.7952
S856,2022-08-16,False,EOD+,0.15,0.0625,8.65,0.7952
S857,2022-08-16,False,EOD+,0.15,0.0625,8.65,0.7952
S858,2022-08-17,False,L,-0.7232,0.0586,8.4,0.7954
S859,2022-08-17,False,EOD+,0.05,0.0586,8.4,0.7954
S860,2022-08-17,False,EOD+,0.1,0.0586,8.4,0.7954
S861,2022-08-17,False,EOD-,0.0,0.0586,8.4,0.7954
S862,2022-08-17,False,EOD-,-0.2,0.0586,8.4,0.7954
S863,2022-08-17,False,L,-0.8929,0.0586,8.4,0.7954
S864,2022-08-17,False,L,-0.9107,0.0586,8.4,0.7954
S865,2022-08-17,False,L,-0.9643,0.0586,8.4,0.7954
S866,2022-08-17,False,EOD-,-0.1,0.0586,8.4,0.7954
S867,2022-08-18,False,L,-1.0179,0.0658,8.55,0.7754
S868,2022-08-18,False,EOD+,1.1,0.0658,8.55,0.7754
S869,2022-08-18,False,L,-0.4821,0.0658,8.55,0.7754
S870,2022-08-18,False,W,0.4179,0.0658,8.55,0.7754
S871,2022-08-18,False,W,0.5464,0.0658,8.55,0.7754
S872,2022-08-19,False,W,1.3339,0.0592,8.75,0.7816
S873,2022-08-19,False,EOD+,0.05,0.0592,8.75,0.7816
S874,2022-08-19,False,EOD+,0.15,0.0592,8.75,0.7816
S875,2022-08-22,False,L,-1.6786,0.0408,9.19,0.7765
S876,2022-08-22,False,L,-1.7143,0.0408,9.19,0.7765
S877,2022-08-22,False,L,-0.6875,0.0408,9.19,0.7765
S878,2022-08-22,False,L,-0.3571,0.0408,9.19,0.7765
S879,2022-08-23,False,EOD+,0.3,0.0558,8.97,0.7663
S880,2022-08-23,False,EOD+,0.5,0.0558,8.97,0.7663
S881,2022-08-23,False,EOD-,-0.2,0.0558,8.97,0.7663
S882,2022-08-23,False,EOD-,-0.3,0.0558,8.97,0.7663
S883,2022-08-23,False,EOD-,-0.15,0.0558,8.97,0.7663
S884,2022-08-23,False,EOD-,-0.3,0.0558,8.97,0.7663
S885,2022-08-23,False,EOD-,0.0,0.0558,8.97,0.7663
S886,2022-08-23,False,EOD-,-0.3,0.0558,8.97,0.7663
S887,2022-08-23,False,EOD-,0.0,0.0558,8.97,0.7663
S888,2022-08-23,False,EOD-,-0.45,0.0558,8.97,0.7663
S889,2022-08-24,False,L,-0.9821,0.0642,9.48,0.7731
S890,2022-08-24,False,EOD+,0.85,0.0642,9.48,0.7731
S891,2022-08-24,False,EOD+,0.7,0.0642,9.48,0.7731
S892,2022-08-24,False,EOD+,0.9,0.0642,9.48,0.7731
S893,2022-08-24,False,L,-0.625,0.0642,9.48,0.7731
S894,2022-08-24,False,L,-0.7143,0.0642,9.48,0.7731
S895,2022-08-24,False,L,-0.875,0.0642,9.48,0.7731
S896,2022-08-24,False,EOD+,0.95,0.0642,9.48,0.7731
S897,2022-08-25,False,L,-0.6964,0.052,9.3,0.7515
S898,2022-08-25,False,L,-0.8661,0.052,9.3,0.7515
S899,2022-08-25,False,L,-0.8482,0.052,9.3,0.7515
S900,2022-08-25,False,L,-0.6875,0.052,9.3,0.7515
S901,2022-08-25,False,L,-0.5179,0.052,9.3,0.7515
S902,2022-08-25,False,L,-0.5625,0.052,9.3,0.7515
S903,2022-08-25,False,L,-0.5536,0.052,9.3,0.7515
S904,2022-08-26,False,W,2.3625,0.0553,9.25,0.7561
S905,2022-08-26,False,W,2.5714,0.0553,9.25,0.7561
S906,2022-08-26,False,W,2.2179,0.0553,9.25,0.7561
S907,2022-08-26,False,W,1.5107,0.0553,9.25,0.7561
S908,2022-08-26,False,W,1.2375,0.0553,9.25,0.7561
S909,2022-08-26,False,W,1.2054,0.0553,9.25,0.7561
S910,2022-08-26,False,W,1.3982,0.0553,9.25,0.7561
S911,2022-08-26,False,W,1.5107,0.0553,9.25,0.7561
S912,2022-08-26,False,W,1.0607,0.0553,9.25,0.7561
S913,2022-08-26,False,W,1.1411,0.0553,9.25,0.7561
S914,2022-08-29,False,EOD+,0.3,0.0291,9.08,0.7913
S915,2022-08-29,False,EOD+,0.2,0.0291,9.08,0.7913
S916,2022-08-29,False,EOD-,-0.3,0.0291,9.08,0.7913
S917,2022-08-29,False,EOD-,-0.3,0.0291,9.08,0.7913
S918,2022-08-29,False,EOD-,-0.2,0.0291,9.08,0.7913
S919,2022-08-29,False,EOD-,-0.1,0.0291,9.08,0.7913
S920,2022-08-30,False,EOD-,-0.2,0.0393,8.46,0.7716
S921,2022-08-30,False,EOD-,-0.15,0.0393,8.46,0.7716
S922,2022-08-30,False,EOD-,-0.05,0.0393,8.46,0.7716
S923,2022-08-30,False,EOD-,-0.2,0.0393,8.46,0.7716
S924,2022-08-30,True,EOD-,-0.15,0.0393,8.46,0.7716
S925,2022-08-30,False,EOD-,-0.05,0.0393,8.46,0.7716
S926,2022-08-30,False,EOD-,-0.05,0.0393,8.46,0.7716
S927,2022-08-30,False,EOD-,-0.1,0.0393,8.46,0.7716
S928,2022-08-30,False,EOD-,-0.15,0.0393,8.46,0.7716
S929,2022-08-30,True,EOD-,-0.15,0.0393,8.46,0.7716
S930,2022-08-30,False,EOD-,-0.15,0.0393,8.46,0.7716
S931,2022-08-30,False,EOD-,-0.2,0.0393,8.46,0.7716
S932,2022-08-30,False,L,-0.3036,0.0393,8.46,0.7716
S933,2022-08-30,False,EOD-,-0.25,0.0393,8.46,0.7716
S934,2022-08-30,False,EOD-,-0.35,0.0393,8.46,0.7716
S935,2022-09-01,False,L,-1.1964,0.0178,8.23,0.7851
S936,2022-09-01,False,L,-1.4732,0.0178,8.23,0.7851
S937,2022-09-01,False,L,-1.6161,0.0178,8.23,0.7851
S938,2022-09-01,False,L,-1.0268,0.0178,8.23,0.7851
S939,2022-09-01,False,L,-0.9107,0.0178,8.23,0.7851
S940,2022-09-01,False,L,-0.8839,0.0178,8.23,0.7851
S941,2022-09-01,False,L,-0.8839,0.0178,8.23,0.7851
S942,2022-09-01,False,L,-0.6964,0.0178,8.23,0.7851
S943,2022-09-01,True,L,-0.6875,0.0178,8.23,0.7851
S944,2022-09-02,False,L,-1.2679,0.0002,8.37,0.8207
S945,2022-09-02,False,L,-0.6875,0.0002,8.37,0.8207
S946,2022-09-02,False,L,-0.6696,0.0002,8.37,0.8207
S947,2022-09-02,False,L,-0.5714,0.0002,8.37,0.8207
S948,2022-09-02,False,L,-0.5,0.0002,8.37,0.8207
S949,2022-09-02,False,L,-0.4911,0.0002,8.37,0.8207
S950,2022-09-05,False,EOD+,0.1,0.0,7.88,0.8155
S951,2022-09-05,False,EOD+,0.25,0.0,7.88,0.8155
S952,2022-09-05,False,EOD+,0.05,0.0,7.88,0.8155
S953,2022-09-05,False,EOD-,-0.25,0.0,7.88,0.8155
S954,2022-09-05,False,EOD-,-0.45,0.0,7.88,0.8155
S955,2022-09-05,False,EOD-,-0.35,0.0,7.88,0.8155
S956,2022-09-05,True,L,-0.5804,0.0,7.88,0.8155
S957,2022-09-05,False,EOD-,-0.45,0.0,7.88,0.8155
S958,2022-09-05,False,EOD-,-0.5,0.0,7.88,0.8155
S959,2022-09-05,False,L,-0.5179,0.0,7.88,0.8155
S960,2022-09-06,False,L,-0.5536,0.0123,7.8,0.8311
S961,2022-09-06,False,L,-0.4732,0.0123,7.8,0.8311
S962,2022-09-06,False,L,-0.8304,0.0123,7.8,0.8311
S963,2022-09-07,False,L,-0.7768,0.0006,7.57,0.8285
S964,2022-09-07,False,EOD-,-1.25,0.0006,7.57,0.8285
S965,2022-09-07,False,L,-1.3571,0.0006,7.57,0.8285
S966,2022-09-07,False,EOD-,-1.35,0.0006,7.57,0.8285
S967,2022-09-07,False,L,-0.5893,0.0006,7.57,0.8285
S968,2022-09-07,False,L,-0.4375,0.0006,7.57,0.8285
S969,2022-09-07,False,L,-0.5625,0.0006,7.57,0.8285
S970,2022-09-08,False,L,-1.0268,0.0,7.42,0.8568
S971,2022-09-08,False,L,-0.7946,0.0,7.42,0.8568
S972,2022-09-08,False,L,-0.3482,0.0,7.42,0.8568
S973,2022-09-08,False,EOD+,0.25,0.0,7.42,0.8568
S974,2022-09-08,False,EOD+,0.3,0.0,7.42,0.8568
S975,2022-09-08,False,EOD+,0.15,0.0,7.42,0.8568
S976,2022-09-08,False,EOD+,0.15,0.0,7.42,0.8568
S977,2022-09-08,False,EOD+,0.2,0.0,7.42,0.8568
S978,2022-09-09,False,L,-0.9286,0.0047,7.34,0.8725
S979,2022-09-09,False,EOD-,0.0,0.0047,7.34,0.8725
S980,2022-09-09,False,EOD-,0.0,0.0047,7.34,0.8725
S981,2022-09-09,False,EOD-,0.0,0.0047,7.34,0.8725
S982,2022-09-12,False,EOD+,0.75,0.0007,7.34,0.8704
S983,2022-09-12,False,EOD+,0.7,0.0007,7.34,0.8704
S984,2022-09-12,False,EOD+,0.55,0.0007,7.34,0.8704
S985,2022-09-12,False,W,0.7714,0.0007,7.34,0.8704
S986,2022-09-12,False,W,0.8196,0.0007,7.34,0.8704
S987,2022-09-12,False,EOD+,0.35,0.0007,7.34,0.8704
S988,2022-09-13,False,W,1.6875,0.0054,7.54,0.8754
S989,2022-09-13,True,W,1.7036,0.0054,7.54,0.8754
S990,2022-09-13,False,L,-0.4375,0.0054,7.54,0.8754
S991,2022-09-13,False,L,-0.5625,0.0054,7.54,0.8754
S992,2022-09-13,False,L,-0.6429,0.0054,7.54,0.8754
S993,2022-09-13,False,L,-0.6607,0.0054,7.54,0.8754
S994,2022-09-14,False,W,1.7357,0.0086,7.77,0.8823
S995,2022-09-14,False,W,1.4625,0.0086,7.77,0.8823
S996,2022-09-14,False,W,1.6714,0.0086,7.77,0.8823
S997,2022-09-14,False,W,1.5911,0.0086,7.77,0.8823
S998,2022-09-14,False,W,1.4786,0.0086,7.77,0.8823
S999,2022-09-14,False,W,1.3821,0.0086,7.77,0.8823
S1000,2022-09-14,False,W,1.2054,0.0086,7.77,0.8823
S1001,2022-09-15,False,W,2.475,0.0218,7.98,0.9041
S1002,2022-09-15,False,W,1.6393,0.0218,7.98,0.9041
S1003,2022-09-15,False,EOD+,0.1,0.0218,7.98,0.9041
S1004,2022-09-16,False,L,-0.6964,0.0256,7.8,0.9097
S1005,2022-09-16,False,EOD-,-0.05,0.0256,7.8,0.9097
S1006,2022-09-16,False,L,-0.8929,0.0256,7.8,0.9097
S1007,2022-09-16,False,EOD-,-0.1,0.0256,7.8,0.9097
S1008,2022-09-16,True,EOD-,-0.1,0.0256,7.8,0.9097
S1009,2022-09-16,True,EOD-,-0.35,0.0256,7.8,0.9097
S1010,2022-09-16,False,EOD-,-0.45,0.0256,7.8,0.9097
S1011,2022-09-19,False,L,-1.4554,0.0112,7.72,0.9665
S1012,2022-09-19,False,L,-1.5893,0.0112,7.72,0.9665
S1013,2022-09-19,False,L,-0.9107,0.0112,7.72,0.9665
S1014,2022-09-19,True,EOD+,0.25,0.0112,7.72,0.9665
S1015,2022-09-20,False,L,-0.9018,0.0166,7.88,0.9462
S1016,2022-09-20,True,L,-0.7679,0.0166,7.88,0.9462
S1017,2022-09-21,False,L,-0.8929,0.0073,8.09,0.9353
S1018,2022-09-21,False,L,-0.7321,0.0073,8.09,0.9353
S1019,2022-09-21,False,L,-0.7411,0.0073,8.09,0.9353
S1020,2022-09-22,False,L,-1.2411,0.0317,8.23,0.9951
S1021,2022-09-22,False,L,-1.2321,0.0317,8.23,0.9951
S1022,2022-09-22,False,L,-0.8929,0.0317,8.23,0.9951
S1023,2022-09-22,False,L,-0.7857,0.0317,8.23,0.9951
S1024,2022-09-26,False,W,2.9571,0.0664,9.18,1.1254
S1025,2022-09-26,False,W,5.7054,0.0664,9.18,1.1254
S1026,2022-09-26,True,W,6.7018,0.0664,9.18,1.1254
S1027,2022-09-27,False,EOD+,0.85,0.0557,8.75,1.0662
S1028,2022-09-27,False,EOD+,0.7,0.0557,8.75,1.0662
S1029,2022-09-27,False,EOD+,0.15,0.0557,8.75,1.0662
S1030,2022-09-27,False,EOD+,0.25,0.0557,8.75,1.0662
S1031,2022-09-27,True,EOD+,0.25,0.0557,8.75,1.0662
S1032,2022-09-27,False,EOD+,0.25,0.0557,8.75,1.0662
S1033,2022-09-27,False,EOD+,0.3,0.0557,8.75,1.0662
S1034,2022-09-27,False,EOD+,0.05,0.0557,8.75,1.0662
S1035,2022-09-28,True,L,-1.1339,0.0502,9.07,1.0708
S1036,2022-09-28,False,EOD+,2.8,0.0502,9.07,1.0708
S1037,2022-09-28,False,EOD+,2.55,0.0502,9.07,1.0708
S1038,2022-09-28,False,W,3.1982,0.0502,9.07,1.0708
S1039,2022-09-28,False,W,2.1054,0.0502,9.07,1.0708
S1040,2022-09-28,False,EOD+,0.7,0.0502,9.07,1.0708
S1041,2022-09-28,False,W,1.7196,0.0502,9.07,1.0708
S1042,2022-09-28,False,W,1.6232,0.0502,9.07,1.0708
S1043,2022-09-28,False,EOD+,0.45,0.0502,9.07,1.0708
S1044,2022-09-29,False,L,-1.6518,0.0476,9.36,1.0801
S1045,2022-09-29,False,W,2.1696,0.0476,9.36,1.0801
S1046,2022-09-29,False,W,2.7804,0.0476,9.36,1.0801
S1047,2022-09-30,False,W,4.2268,0.0238,9.24,1.1514
S1048,2022-09-30,False,EOD-,-1.3,0.0238,9.24,1.1514
S1049,2022-09-30,False,L,-2.3036,0.0238,9.24,1.1514
S1050,2022-09-30,False,EOD+,0.45,0.0238,9.24,1.1514
S1051,2022-09-30,False,EOD+,0.4,0.0238,9.24,1.1514
S1052,2022-09-30,False,EOD+,0.45,0.0238,9.24,1.1514
S1053,2022-09-30,False,EOD+,0.4,0.0238,9.24,1.1514
S1054,2022-10-03,False,L,-1.4911,0.0326,9.6,1.1379
S1055,2022-10-03,False,L,-1.9018,0.0326,9.6,1.1379
S1056,2022-10-03,False,L,-2.0804,0.0326,9.6,1.1379
S1057,2022-10-03,False,L,-1.5714,0.0326,9.6,1.1379
S1058,2022-10-03,False,L,-0.8839,0.0326,9.6,1.1379
S1059,2022-10-04,False,L,-1.4464,0.0342,9.71,1.1351
S1060,2022-10-04,False,L,-0.6607,0.0342,9.71,1.1351
S1061,2022-10-04,False,L,-0.5536,0.0342,9.71,1.1351
S1062,2022-10-04,False,L,-0.5357,0.0342,9.71,1.1351
S1063,2022-10-04,False,L,-0.3482,0.0342,9.71,1.1351
S1064,2022-10-04,False,L,-0.4107,0.0342,9.71,1.1351
S1065,2022-10-06,False,L,-1.0179,0.0405,9.91,1.1324
S1066,2022-10-06,False,L,-1.0714,0.0405,9.91,1.1324
S1067,2022-10-06,False,L,-1.1607,0.0405,9.91,1.1324
S1068,2022-10-06,False,L,-0.7054,0.0405,9.91,1.1324
S1069,2022-10-06,False,L,-0.7857,0.0405,9.91,1.1324
S1070,2022-10-07,False,W,2.1054,0.0306,10.25,1.1314
S1071,2022-10-07,False,W,2.3625,0.0306,10.25,1.1314
S1072,2022-10-07,False,W,1.8,0.0306,10.25,1.1314
S1073,2022-10-07,False,W,1.5268,0.0306,10.25,1.1314
S1074,2022-10-07,False,W,1.5589,0.0306,10.25,1.1314
S1075,2022-10-07,False,W,1.2696,0.0306,10.25,1.1314
S1076,2022-10-07,False,W,1.2214,0.0306,10.25,1.1314
S1077,2022-10-10,False,W,1.9446,0.0288,10.25,1.1284
S1078,2022-10-10,False,EOD-,-0.4,0.0288,10.25,1.1284
S1079,2022-10-10,False,L,-1.3125,0.0288,10.25,1.1284
S1080,2022-10-10,False,W,1.3339,0.0288,10.25,1.1284
S1081,2022-10-10,False,L,-0.6339,0.0288,10.25,1.1284
S1082,2022-10-11,False,W,1.9929,0.0333,10.84,1.1279
S1083,2022-10-11,False,W,1.9125,0.0333,10.84,1.1279
S1084,2022-10-11,False,L,-0.9643,0.0333,10.84,1.1279
S1085,2022-10-11,False,L,-0.7054,0.0333,10.84,1.1279
S1086,2022-10-12,True,W,2.3143,0.0202,10.84,1.1464
S1087,2022-10-12,False,W,0.7232,0.0202,10.84,1.1464
S1088,2022-10-12,False,EOD+,0.3,0.0202,10.84,1.1464
S1089,2022-10-13,False,L,-1.1518,0.0386,10.54,1.1466
S1090,2022-10-13,False,EOD-,-0.75,0.0386,10.54,1.1466
S1091,2022-10-13,False,EOD-,-1.05,0.0386,10.54,1.1466
S1092,2022-10-13,False,L,-0.8482,0.0386,10.54,1.1466
S1093,2022-10-13,False,L,-0.7679,0.0386,10.54,1.1466
S1094,2022-10-13,False,L,-0.625,0.0386,10.54,1.1466
S1095,2022-10-14,False,EOD+,0.5,0.0469,10.39,1.1348
S1096,2022-10-17,False,L,-0.9286,0.0471,10.48,1.1418
S1097,2022-10-17,False,L,-1.3393,0.0471,10.48,1.1418
S1098,2022-10-17,False,L,-0.4107,0.0471,10.48,1.1418
S1099,2022-10-19,False,L,-0.2857,0.0417,10.56,1.1526
S1100,2022-10-20,False,W,1.2696,0.0136,10.56,1.152
S1101,2022-10-20,False,W,1.6875,0.0136,10.56,1.152
S1102,2022-10-20,False,W,1.2696,0.0136,10.56,1.152
S1103,2022-10-20,False,W,1.35,0.0136,10.56,1.152
S1104,2022-10-21,False,L,-1.0268,0.0041,10.27,1.1289
S1105,2022-10-21,False,L,-1.3482,0.0041,10.27,1.1289
S1106,2022-10-21,False,L,-1.5804,0.0041,10.27,1.1289
S1107,2022-10-21,False,L,-0.9196,0.0041,10.27,1.1289
S1108,2022-10-21,False,L,-0.8214,0.0041,10.27,1.1289
S1109,2022-10-25,False,EOD+,1.95,0.0572,9.67,0.9644
S1110,2022-10-25,False,EOD+,2.05,0.0572,9.67,0.9644
S1111,2022-10-25,False,EOD+,1.85,0.0572,9.67,0.9644
S1112,2022-10-25,False,EOD+,1.55,0.0572,9.67,0.9644
S1113,2022-10-25,False,EOD+,0.5,0.0572,9.67,0.9644
S1114,2022-10-25,False,EOD+,0.1,0.0572,9.67,0.9644
S1115,2022-10-25,False,L,-0.7143,0.0572,9.67,0.9644
S1116,2022-10-25,False,L,-0.5714,0.0572,9.67,0.9644
S1117,2022-10-25,False,L,-0.5357,0.0572,9.67,0.9644
S1118,2022-10-25,False,L,-0.5268,0.0572,9.67,0.9644
S1119,2022-10-25,False,L,-0.5089,0.0572,9.67,0.9644
S1120,2022-10-27,False,W,1.8,0.0469,9.67,1.1305
S1121,2022-10-27,False,W,1.4625,0.0469,9.67,1.1305
S1122,2022-10-27,False,L,-0.7857,0.0469,9.67,1.1305
S1123,2022-10-27,False,W,1.5429,0.0469,9.67,1.1305
S1124,2022-10-28,False,W,1.2054,0.0568,10.48,1.1963
S1125,2022-10-28,False,W,1.3661,0.0568,10.48,1.1963
S1126,2022-10-28,False,L,-0.7411,0.0568,10.48,1.1963
S1127,2022-10-31,False,EOD+,0.25,0.0541,10.34,1.1972
S1128,2022-10-31,False,EOD+,0.25,0.0541,10.34,1.1972
S1129,2022-10-31,False,L,-1.0357,0.0541,10.34,1.1972
S1130,2022-10-31,False,EOD+,0.2,0.0541,10.34,1.1972
S1131,2022-10-31,False,EOD+,0.1,0.0541,10.34,1.1972
S1132,2022-11-01,False,W,1.6232,0.0676,10.48,1.0072
S1133,2022-11-01,False,EOD+,1.05,0.0676,10.48,1.0072
S1134,2022-11-02,False,EOD-,-0.75,0.055,10.71,0.8954
S1135,2022-11-02,False,L,-0.8482,0.055,10.71,0.8954
S1136,2022-11-02,True,EOD-,-0.6,0.055,10.71,0.8954
S1137,2022-11-03,False,L,-1.2054,0.0446,10.94,0.9343
S1138,2022-11-03,False,L,-1.0268,0.0446,10.94,0.9343
S1139,2022-11-03,False,L,-0.9464,0.0446,10.94,0.9343
S1140,2022-11-03,False,L,-0.875,0.0446,10.94,0.9343
S1141,2022-11-04,False,L,-1.2857,0.0444,10.79,0.9311
S1142,2022-11-04,False,L,-1.5,0.0444,10.79,0.9311
S1143,2022-11-04,False,L,-0.6429,0.0444,10.79,0.9311
S1144,2022-11-04,False,EOD-,-0.6,0.0444,10.79,0.9311
S1145,2022-11-04,False,EOD-,-0.5,0.0444,10.79,0.9311
S1146,2022-11-04,False,EOD-,-0.5,0.0444,10.79,0.9311
S1147,2022-11-04,False,EOD-,-0.5,0.0444,10.79,0.9311
S1148,2022-11-07,False,EOD-,-0.1,0.0622,10.71,0.9487
S1149,2022-11-07,False,EOD-,0.0,0.0622,10.71,0.9487
S1150,2022-11-07,False,EOD-,0.0,0.0622,10.71,0.9487
S1151,2022-11-07,False,EOD+,0.05,0.0622,10.71,0.9487
S1152,2022-11-07,False,EOD-,-0.4,0.0622,10.71,0.9487
S1153,2022-11-07,False,EOD-,-0.05,0.0622,10.71,0.9487
S1154,2022-11-07,False,EOD-,-0.1,0.0622,10.71,0.9487
S1155,2022-11-09,False,L,-1.1071,0.027,11.11,0.9818
S1156,2022-11-09,False,L,-0.8125,0.027,11.11,0.9818
S1157,2022-11-10,False,L,-1.5089,0.0204,11.03,0.9742
S1158,2022-11-10,False,EOD+,0.65,0.0204,11.03,0.9742
S1159,2022-11-10,False,EOD+,0.8,0.0204,11.03,0.9742
S1160,2022-11-10,False,EOD+,0.25,0.0204,11.03,0.9742
S1161,2022-11-11,False,EOD-,-1.45,0.011,10.79,0.8957
S1162,2022-11-11,False,L,-1.6161,0.011,10.79,0.8957
S1163,2022-11-11,False,L,-0.5536,0.011,10.79,0.8957
S1164,2022-11-11,False,L,-0.4286,0.011,10.79,0.8957
S1165,2022-11-14,False,L,-0.3571,0.009,10.34,0.8794
S1166,2022-11-14,False,L,-0.3304,0.009,10.34,0.8794
S1167,2022-11-14,False,L,-0.3393,0.009,10.34,0.8794
S1168,2022-11-14,True,L,-0.3839,0.009,10.34,0.8794
S1169,2022-11-14,False,L,-0.4554,0.009,10.34,0.8794
S1170,2022-11-14,False,L,-0.5446,0.009,10.34,0.8794
S1171,2022-11-14,False,EOD-,-0.1,0.009,10.34,0.8794
S1172,2022-11-14,False,EOD+,0.15,0.009,10.34,0.8794
S1173,2022-11-15,False,W,1.4946,0.0029,10.95,0.9026
S1174,2022-11-15,True,W,1.9607,0.0029,10.95,0.9026
S1175,2022-11-15,False,W,2.1214,0.0029,10.95,0.9026
S1176,2022-11-15,False,W,2.1696,0.0029,10.95,0.9026
S1177,2022-11-15,False,W,1.3661,0.0029,10.95,0.9026
S1178,2022-11-16,False,EOD+,1.2,0.0106,10.64,0.9015
S1179,2022-11-16,False,EOD+,1.1,0.0106,10.64,0.9015
S1180,2022-11-16,False,L,-0.5893,0.0106,10.64,0.9015
S1181,2022-11-16,False,EOD+,0.45,0.0106,10.64,0.9015
S1182,2022-11-16,False,EOD+,0.15,0.0106,10.64,0.9015
S1183,2022-11-16,False,EOD-,0.0,0.0106,10.64,0.9015
S1184,2022-11-17,False,L,-1.0268,0.014,10.94,0.8775
S1185,2022-11-17,False,EOD+,0.7,0.014,10.94,0.8775
S1186,2022-11-17,False,EOD+,0.3,0.014,10.94,0.8775
S1187,2022-11-17,False,EOD-,-0.05,0.014,10.94,0.8775
S1188,2022-11-17,False,EOD+,0.1,0.014,10.94,0.8775
S1189,2022-11-17,False,L,-0.7054,0.014,10.94,0.8775
S1190,2022-11-17,False,L,-0.5714,0.014,10.94,0.8775
S1191,2022-11-17,False,EOD+,0.3,0.014,10.94,0.8775
S1192,2022-11-17,False,L,-0.625,0.014,10.94,0.8775
S1193,2022-11-18,False,EOD+,0.2,0.0094,10.56,0.8432
S1194,2022-11-18,False,EOD-,-0.15,0.0094,10.56,0.8432
S1195,2022-11-18,False,EOD-,-0.2,0.0094,10.56,0.8432
S1196,2022-11-18,False,EOD-,-0.2,0.0094,10.56,0.8432
S1197,2022-11-18,True,EOD-,-0.2,0.0094,10.56,0.8432
S1198,2022-11-21,False,EOD+,0.4,0.015,10.34,0.838
S1199,2022-11-21,False,EOD+,0.35,0.015,10.34,0.838
S1200,2022-11-21,True,EOD+,0.6,0.015,10.34,0.838
S1201,2022-11-21,False,EOD+,0.65,0.015,10.34,0.838
S1202,2022-11-21,False,W,0.8679,0.015,10.34,0.838
S1203,2022-11-21,False,W,1.0125,0.015,10.34,0.838
S1204,2022-11-21,False,W,1.0286,0.015,10.34,0.838
S1205,2022-11-21,False,W,1.0286,0.015,10.34,0.838
S1206,2022-11-21,False,W,0.9321,0.015,10.34,0.838
S1207,2022-11-22,False,L,-0.5446,0.0019,9.66,0.8316
S1208,2022-11-22,False,L,-0.5536,0.0019,9.66,0.8316
S1209,2022-11-22,False,L,-0.5357,0.0019,9.66,0.8316
S1210,2022-11-22,False,L,-0.4375,0.0019,9.66,0.8316
S1211,2022-11-22,False,L,-0.4554,0.0019,9.66,0.8316
S1212,2022-11-22,False,L,-0.4732,0.0019,9.66,0.8316
S1213,2022-11-22,False,L,-0.4732,0.0019,9.66,0.8316
S1214,2022-11-22,False,L,-0.4821,0.0019,9.66,0.8316
S1215,2022-11-22,False,L,-0.3571,0.0019,9.66,0.8316
S1216,2022-11-22,False,L,-0.3482,0.0019,9.66,0.8316
S1217,2022-11-23,False,L,-0.6786,0.0026,9.6,0.8451
S1218,2022-11-23,False,L,-0.6607,0.0026,9.6,0.8451
S1219,2022-11-23,False,EOD-,0.0,0.0026,9.6,0.8451
S1220,2022-11-23,False,EOD-,-0.1,0.0026,9.6,0.8451
S1221,2022-11-23,False,EOD-,-0.1,0.0026,9.6,0.8451
S1222,2022-11-23,False,EOD-,-0.05,0.0026,9.6,0.8451
S1223,2022-11-24,False,W,1.4946,0.0046,10.05,0.8559
S1224,2022-11-25,False,EOD+,0.7,0.0098,9.79,0.7885
S1225,2022-11-25,False,EOD+,0.2,0.0098,9.79,0.7885
S1226,2022-11-25,False,EOD+,0.6,0.0098,9.79,0.7885
S1227,2022-11-25,False,EOD+,0.7,0.0098,9.79,0.7885
S1228,2022-11-25,False,EOD+,0.55,0.0098,9.79,0.7885
S1229,2022-11-25,False,EOD+,0.55,0.0098,9.79,0.7885
S1230,2022-11-25,False,EOD+,0.6,0.0098,9.79,0.7885
S1231,2022-11-25,False,EOD+,0.65,0.0098,9.79,0.7885
S1232,2022-11-25,False,EOD+,0.55,0.0098,9.79,0.7885
S1233,2022-11-28,False,L,-1.0625,0.0238,9.54,0.7734
S1234,2022-11-28,False,EOD+,0.3,0.0238,9.54,0.7734
S1235,2022-11-28,False,EOD+,0.15,0.0238,9.54,0.7734
S1236,2022-11-28,True,L,-0.6875,0.0238,9.54,0.7734
S1237,2022-11-28,False,L,-0.6071,0.0238,9.54,0.7734
S1238,2022-11-28,False,L,-0.5804,0.0238,9.54,0.7734
S1239,2022-11-28,False,W,0.9643,0.0238,9.54,0.7734
S1240,2022-11-28,False,EOD+,0.1,0.0238,9.54,0.7734
S1241,2022-11-29,False,L,-0.8393,0.0419,9.73,0.8377
S1242,2022-11-29,False,L,-0.8839,0.0419,9.73,0.8377
S1243,2022-11-29,False,L,-0.6071,0.0419,9.73,0.8377
S1244,2022-11-29,False,EOD+,0.05,0.0419,9.73,0.8377
S1245,2022-11-29,False,EOD-,0.0,0.0419,9.73,0.8377
S1246,2022-11-30,False,W,1.8,0.0374,9.54,0.8622
S1247,2022-11-30,False,W,1.125,0.0374,9.54,0.8622
S1248,2022-11-30,False,W,1.0286,0.0374,9.54,0.8622
S1249,2022-12-01,False,L,-1.2411,0.0371,9.42,0.8594
S1250,2022-12-01,False,L,-1.4196,0.0371,9.42,0.8594
S1251,2022-12-01,False,L,-1.4107,0.0371,9.42,0.8594
S1252,2022-12-01,False,EOD+,0.55,0.0371,9.42,0.8594
S1253,2022-12-02,False,EOD-,-0.45,0.0313,9.36,0.8366
S1254,2022-12-02,False,L,-0.8482,0.0313,9.36,0.8366
S1255,2022-12-02,False,L,-0.7768,0.0313,9.36,0.8366
S1256,2022-12-02,False,EOD+,0.3,0.0313,9.36,0.8366
S1257,2022-12-02,False,EOD+,0.05,0.0313,9.36,0.8366
S1258,2022-12-05,False,W,1.7518,0.022,9.66,0.8332
S1259,2022-12-05,False,W,1.2536,0.022,9.66,0.8332
S1260,2022-12-05,False,W,1.0768,0.022,9.66,0.8332
S1261,2022-12-05,False,W,0.9482,0.022,9.66,0.8332
S1262,2022-12-05,False,W,0.9482,0.022,9.66,0.8332
S1263,2022-12-05,False,W,1.2375,0.022,9.66,0.8332
S1264,2022-12-05,False,W,0.9321,0.022,9.66,0.8332
S1265,2022-12-05,False,W,0.9804,0.022,9.66,0.8332
S1266,2022-12-06,False,EOD+,0.55,0.0103,9.66,0.8016
S1267,2022-12-06,False,W,1.5589,0.0103,9.66,0.8016
S1268,2022-12-06,False,W,1.3339,0.0103,9.66,0.8016
S1269,2022-12-06,False,W,1.4946,0.0103,9.66,0.8016
S1270,2022-12-06,False,L,-0.7411,0.0103,9.66,0.8016
S1271,2022-12-06,False,W,1.0286,0.0103,9.66,0.8016
S1272,2022-12-06,False,W,0.8357,0.0103,9.66,0.8016
S1273,2022-12-06,False,W,0.8196,0.0103,9.66,0.8016
S1274,2022-12-07,False,EOD-,-0.45,0.0065,8.74,0.7762
S1275,2022-12-07,False,L,-0.8661,0.0065,8.74,0.7762
S1276,2022-12-07,False,L,-0.3929,0.0065,8.74,0.7762
S1277,2022-12-07,False,L,-0.4196,0.0065,8.74,0.7762
S1278,2022-12-07,False,L,-0.5089,0.0065,8.74,0.7762
S1279,2022-12-07,False,L,-0.5268,0.0065,8.74,0.7762
S1280,2022-12-07,False,L,-0.5268,0.0065,8.74,0.7762
S1281,2022-12-07,False,EOD+,0.15,0.0065,8.74,0.7762
S1282,2022-12-07,True,L,-0.5446,0.0065,8.74,0.7762
S1283,2022-12-07,False,L,-0.5357,0.0065,8.74,0.7762
S1284,2022-12-07,False,EOD+,0.1,0.0065,8.74,0.7762
S1285,2022-12-08,False,L,-1.4196,0.0047,8.74,0.7599
S1286,2022-12-08,False,L,-0.4554,0.0047,8.74,0.7599
S1287,2022-12-08,False,L,-0.4554,0.0047,8.74,0.7599
S1288,2022-12-08,False,EOD+,0.1,0.0047,8.74,0.7599
S1289,2022-12-08,False,EOD-,0.0,0.0047,8.74,0.7599
S1290,2022-12-09,False,L,-0.6607,0.0156,8.35,0.8111
S1291,2022-12-09,False,L,-0.6161,0.0156,8.35,0.8111
S1292,2022-12-09,True,L,-0.6786,0.0156,8.35,0.8111
S1293,2022-12-09,False,EOD-,-0.25,0.0156,8.35,0.8111
S1294,2022-12-09,True,EOD-,-0.1,0.0156,8.35,0.8111
S1295,2022-12-09,False,EOD+,0.1,0.0156,8.35,0.8111
S1296,2022-12-12,False,L,-1.2232,0.0138,8.21,0.8053
S1297,2022-12-12,False,L,-0.8571,0.0138,8.21,0.8053
S1298,2022-12-12,False,L,-0.7321,0.0138,8.21,0.8053
S1299,2022-12-12,False,L,-0.6518,0.0138,8.21,0.8053
S1300,2022-12-12,False,L,-0.6696,0.0138,8.21,0.8053
S1301,2022-12-12,False,L,-0.5982,0.0138,8.21,0.8053
S1302,2022-12-13,False,EOD+,0.7,0.0035,8.03,0.791
S1303,2022-12-13,False,W,0.9161,0.0035,8.03,0.791
S1304,2022-12-13,False,L,-0.5804,0.0035,8.03,0.791
S1305,2022-12-14,True,L,-0.4643,0.0012,8.12,0.8266
S1306,2022-12-14,False,L,-0.7232,0.0012,8.12,0.8266
S1307,2022-12-15,False,L,-1.0536,0.005,8.17,0.8257
S1308,2022-12-15,False,L,-0.3036,0.005,8.17,0.8257
S1309,2022-12-15,False,L,-0.3393,0.005,8.17,0.8257
S1310,2022-12-15,False,L,-0.3571,0.005,8.17,0.8257
S1311,2022-12-16,False,L,-0.9286,0.0144,8.26,0.8487
S1312,2022-12-16,False,L,-0.7054,0.0144,8.26,0.8487
S1313,2022-12-16,False,L,-0.6786,0.0144,8.26,0.8487
S1314,2022-12-19,False,EOD+,1.55,0.0032,8.4,0.9048
S1315,2022-12-19,False,L,-0.5089,0.0032,8.4,0.9048
S1316,2022-12-19,False,W,0.8679,0.0032,8.4,0.9048
S1317,2022-12-19,False,W,0.7714,0.0032,8.4,0.9048
S1318,2022-12-19,False,W,0.9482,0.0032,8.4,0.9048
S1319,2022-12-19,False,W,1.0446,0.0032,8.4,0.9048
S1320,2022-12-19,False,W,1.0929,0.0032,8.4,0.9048
S1321,2022-12-20,False,EOD+,1.15,0.0034,8.9,0.9338
S1322,2022-12-20,False,EOD+,0.4,0.0034,8.9,0.9338
S1323,2022-12-20,False,EOD+,0.45,0.0034,8.9,0.9338
S1324,2022-12-20,False,EOD+,0.4,0.0034,8.9,0.9338
S1325,2022-12-21,True,L,-0.8036,0.0,9.12,0.9152
S1326,2022-12-21,False,L,-0.9286,0.0,9.12,0.9152
S1327,2022-12-21,False,W,1.0607,0.0,9.12,0.9152
S1328,2022-12-21,False,EOD+,0.35,0.0,9.12,0.9152
S1329,2022-12-22,False,L,-1.0536,0.0086,8.9,0.9258
S1330,2022-12-22,False,EOD+,0.5,0.0086,8.9,0.9258
S1331,2022-12-22,False,EOD+,0.45,0.0086,8.9,0.9258
S1332,2022-12-22,False,EOD+,0.35,0.0086,8.9,0.9258
S1333,2022-12-22,False,EOD+,0.3,0.0086,8.9,0.9258
S1334,2022-12-23,False,EOD+,0.25,0.0335,8.96,0.9685
S1335,2022-12-23,False,EOD+,0.6,0.0335,8.96,0.9685
S1336,2022-12-23,True,EOD+,0.6,0.0335,8.96,0.9685
S1337,2022-12-23,False,EOD+,0.75,0.0335,8.96,0.9685
S1338,2022-12-23,False,EOD+,0.4,0.0335,8.96,0.9685
S1339,2022-12-23,False,EOD+,0.3,0.0335,8.96,0.9685
S1340,2022-12-23,False,EOD-,0.0,0.0335,8.96,0.9685
S1341,2022-12-26,False,L,-0.9375,0.0309,8.69,0.9737
S1342,2022-12-26,False,EOD+,0.4,0.0309,8.69,0.9737
S1343,2022-12-26,False,EOD-,-0.3,0.0309,8.69,0.9737
S1344,2022-12-26,False,EOD-,-0.15,0.0309,8.69,0.9737
S1345,2022-12-26,False,EOD-,-0.25,0.0309,8.69,0.9737
S1346,2022-12-26,False,L,-0.875,0.0309,8.69,0.9737
S1347,2022-12-26,False,L,-0.7946,0.0309,8.69,0.9737
S1348,2022-12-26,False,L,-0.7589,0.0309,8.69,0.9737
S1349,2022-12-26,False,L,-0.8214,0.0309,8.69,0.9737
S1350,2022-12-26,False,L,-0.7679,0.0309,8.69,0.9737
S1351,2022-12-27,False,L,-1.2232,0.0188,8.17,0.9689
S1352,2022-12-27,False,EOD-,-0.3,0.0188,8.17,0.9689
S1353,2022-12-27,False,EOD-,-0.4,0.0188,8.17,0.9689
S1354,2022-12-27,False,L,-0.8661,0.0188,8.17,0.9689
S1355,2022-12-27,False,L,-0.6875,0.0188,8.17,0.9689
S1356,2022-12-27,False,L,-0.6786,0.0188,8.17,0.9689
S1357,2022-12-27,False,EOD-,0.0,0.0188,8.17,0.9689
S1358,2022-12-27,False,EOD+,0.3,0.0188,8.17,0.9689
S1359,2022-12-27,False,EOD+,0.3,0.0188,8.17,0.9689
S1360,2022-12-27,False,EOD+,0.1,0.0188,8.17,0.9689
S1361,2022-12-27,False,EOD+,0.3,0.0188,8.17,0.9689
S1362,2022-12-27,False,EOD+,0.35,0.0188,8.17,0.9689
S1363,2022-12-28,False,L,-1.2768,0.0258,8.17,0.9034
S1364,2022-12-28,False,EOD+,0.25,0.0258,8.17,0.9034
S1365,2022-12-28,False,EOD-,0.0,0.0258,8.17,0.9034
S1366,2022-12-28,False,L,-1.3571,0.0258,8.17,0.9034
S1367,2022-12-28,False,L,-0.8482,0.0258,8.17,0.9034
S1368,2022-12-28,False,EOD+,0.65,0.0258,8.17,0.9034
S1369,2022-12-29,False,L,-0.5268,0.0141,8.21,0.9024
S1370,2022-12-29,False,W,1.1571,0.0141,8.21,0.9024
S1371,2022-12-29,False,W,1.0929,0.0141,8.21,0.9024
S1372,2022-12-29,False,W,1.1089,0.0141,8.21,0.9024
S1373,2022-12-29,False,L,-0.7232,0.0141,8.21,0.9024
S1374,2022-12-29,False,L,-0.7946,0.0141,8.21,0.9024
S1375,2022-12-29,False,EOD+,0.4,0.0141,8.21,0.9024
S1376,2022-12-29,False,W,1.4625,0.0141,8.21,0.9024
S1377,2022-12-30,False,L,-0.6518,0.0138,8.26,0.8936
S1378,2022-12-30,False,L,-0.5268,0.0138,8.26,0.8936
S1379,2022-12-30,False,L,-0.4732,0.0138,8.26,0.8936
S1380,2022-12-30,False,L,-0.4464,0.0138,8.26,0.8936
S1381,2022-12-30,False,L,-0.4286,0.0138,8.26,0.8936
