Price,Close,High,Low,Open,Volume,MA50,MA100,MA200
Ticker,TATASTEEL.NS,TATASTEEL.NS,TATASTEEL.NS,TATASTEEL.NS,TATASTEEL.NS,,,
Date,,,,,,,,
2024-01-01,133.96388244628906,135.01757595922226,133.19755058997845,134.10756327460035,21186105,,,
2024-01-02,133.72439575195312,134.68230685442683,131.28171951733253,134.58650989755407,27764060,,,
2024-01-03,129.65328979492188,133.7244124900106,128.69537857254807,133.6286155211471,45176618,,,
2024-01-04,128.59957885742188,130.61119822807458,128.3601010569425,130.27592346077748,43913498,,,
2024-01-05,128.0248260498047,130.22802473340042,127.25850878295829,129.3180120165966,71330190,,,
2024-01-08,126.44426727294922,130.22801325666794,126.20478949402317,129.60537687808568,39559717,,,
2024-01-09,128.0248260498047,129.12643269988502,126.92323401628929,127.88114521641222,30736868,,,
2024-01-10,128.45590209960938,129.03064006905706,126.5400796349862,128.16852580660282,27213624,,,
2024-01-11,129.2222137451172,129.9406471379549,128.55167883511496,129.17432987884652,23113349,,,
2024-01-12,129.60537719726562,130.51538983611294,128.9827262005863,130.08433275629724,32883921,,,
2024-01-15,129.2222137451172,130.51539969885098,128.31220103750238,130.27592190123843,34158775,,,
2024-01-16,131.47329711914062,132.6706859817922,128.3600860762466,129.03062091601882,56361287,,,
2024-01-17,126.10900115966797,130.03644284925474,125.86952336436548,129.74906657157882,58982971,,,
2024-01-18,125.4863510131836,126.68373985872924,122.80419707584873,126.1089873662421,45273496,,,
2024-01-19,128.59957885742188,129.03063597497174,126.06112001896653,127.01903122088402,32653013,,,
2024-01-23,124.6242446899414,129.50958271555191,123.8579128575229,129.12642410762464,35373970,,,
2024-01-24,129.46168518066406,129.84485840795298,124.62424559986565,124.72002794426483,39340119,,,
2024-01-25,128.12060546875,130.7548609082944,126.44426109813085,130.7548609082944,61358839,,,
2024-01-29,129.3179931640625,129.70115174162717,127.88112657335068,129.03061692260758,29745400,,,
2024-01-30,129.0306396484375,131.90437333600434,128.83906032591278,129.89276852464678,35704185,,,
2024-01-31,130.22802734375,130.9464607582428,128.8390589990436,129.31801460870548,36079354,,,
2024-02-01,129.1264190673828,130.9943427871038,128.83904281437265,130.65906805583137,31701793,,,
2024-02-02,132.8622589111328,133.7243876208757,129.12641168526804,129.6053672073821,69296192,,,
2024-02-05,135.5923309326172,137.31657398603784,133.48492925246512,134.1075656750448,80737626,,,
2024-02-06,138.5618438720703,138.99291558864303,134.53861991105188,136.9812962998516,53192936,,,
2024-02-07,138.32235717773438,141.19609048156457,137.9870970622256,140.6692510691131,61517064,,,
2024-02-08,137.6039276123047,139.51974986721495,137.0291897057699,139.18448974254395,38997666,,,
2024-02-09,135.35284423828125,138.37025842097034,133.29332655944575,138.13078064086602,35961925,,,
2024-02-12,131.6169891357422,136.933399061618,130.89855575701748,136.02338637187958,36477544,,,
2024-02-13,132.0480499267578,132.43120851707158,128.45588333045387,131.95225297089772,39155909,,,
2024-02-14,135.25704956054688,135.54442582483105,130.0364367895464,131.23382571026045,29141690,,,
2024-02-15,135.25704956054688,137.41234961783218,135.06547025654544,135.54442582483105,31587387,,,
2024-02-16,136.31076049804688,137.41235248143482,135.54442864950713,136.07128270891346,22316127,,,
2024-02-19,135.97549438476562,137.3165788590465,135.40075642427257,136.9334056021526,16973568,,,
2024-02-20,135.11337280273438,136.26286327789938,134.15546163733615,135.97548700496702,24291123,,,
2024-02-21,137.84339904785156,140.04659746287578,135.49651981694967,135.59231677191025,88000833,,,
2024-02-22,139.7592315673828,139.9987093559606,137.46025064366157,138.8971173751284,46728176,,,
2024-02-23,139.3281707763672,140.90873290900382,138.8971136916713,140.2381834255171,28414697,,,
2024-02-26,136.64601135253906,139.80712087772514,136.26285276257366,139.71133853851543,22570277,,,
2024-02-27,138.1307830810547,138.41815934556936,136.02338150222042,136.64601789486554,24119469,,,
2024-02-28,134.82598876953125,138.84921250932356,134.1554539156598,137.9870983567122,20721926,,,
2024-02-29,134.92178344726562,135.87969454134188,133.5328006676044,134.87388496924913,32248156,,,
2024-03-01,143.63877868652344,144.30931358999868,136.981298901011,136.981298901011,123709943,,,
2024-03-04,146.6562042236328,148.38043261580668,144.69248342525225,148.38043261580668,67577785,,,
2024-03-05,145.4588165283203,147.51831969035862,144.40510839819197,146.75198783358934,37165490,,,
2024-03-06,145.21932983398438,146.22512480423438,141.6750470407782,145.41090913229087,51782444,,,
2024-03-07,150.63153076171875,152.45155612938402,145.84197493463708,145.98565576282377,124847699,,,
2024-03-11,146.991455078125,152.21206763938605,146.56039800729857,152.21206763938605,54155385,,,
2024-03-12,146.08145141601562,148.04517221082247,144.5487877184678,147.70989745930754,34947937,,,
2024-03-13,137.6039276123047,146.4646055412647,136.5023356623568,146.36882319845748,70937597,134.40259613037108,,
2024-03-14,136.45443725585938,137.89130394781276,132.52701040112512,137.55604382296193,91956952,134.4524072265625,,
2024-03-15,135.7360076904297,137.6518299997274,133.96388082426785,136.88549815269545,68482621,134.49263946533202,,
2024-03-18,143.3992919921875,143.92614603242427,136.2149585795873,136.5502333188008,166913078,134.76755950927733,,
2024-03-19,142.48928833007812,146.03355678035368,141.38769631734542,142.72876612559085,105004268,135.04535369873048,,
2024-03-20,139.51976013183594,144.30931612148447,137.7955316688144,143.30352105691023,77550319,135.2752523803711,,
2024-03-21,143.78245544433594,144.83614883667332,141.57925709081198,141.77083637882214,84225737,135.62201614379882,,
2024-03-22,145.41091918945312,146.32093188177151,142.10612856126284,142.72876497796372,68241556,135.9697380065918,,
2024-03-26,145.9856414794922,146.94355255118586,144.1656162898994,144.78825263987508,52965508,136.32033279418945,,
2024-03-27,146.2730255126953,147.614109854411,145.60249065011936,146.0335477320208,35328794,136.66134902954101,,
2024-03-28,149.29046630859375,150.39205834153955,146.2730372598277,146.2730372598277,62575327,137.0550508117676,,
2024-04-01,156.28318786621094,157.00162118085774,149.9130849896345,150.20046123880587,84583929,137.59627029418945,,
2024-04-02,157.72006225585938,158.5342925658139,154.99002429581242,156.09161625251426,69533405,138.12120559692383,,
2024-04-03,156.76214599609375,159.2527207079258,156.2353065832431,157.7200570980963,50938559,138.73426849365234,,
2024-04-04,156.52267456054688,158.96535089290674,154.22369366924585,158.58219228321124,61094750,139.3549949645996,,
2024-04-05,156.4747772216797,157.24109437507803,154.0321010996748,157.00161661050035,44668121,139.91249893188476,,
2024-04-08,158.24691772460938,159.92326222299837,157.2890065826728,159.92326222299837,48255703,140.58495239257812,,
2024-04-09,159.0132598876953,162.65332538675074,158.2469280010681,159.0132598876953,63884687,141.17598388671874,,
2024-04-10,158.10324096679688,162.07856646146442,157.5763869018668,160.25854109159445,64134758,141.77563659667967,,
2024-04-12,156.61846923828125,159.01324705538033,156.13951367486143,159.01324705538033,55317636,142.32164611816407,,
2024-04-15,154.0800018310547,157.76795068959098,151.92470191831012,154.99001442645647,66426404,142.8226333618164,,
2024-04-16,153.3136749267578,155.612655726857,152.3078653455031,154.08000673231203,41391261,143.28434631347656,,
2024-04-18,153.3136749267578,157.09742085951265,152.451546164298,154.12789059420135,68093672,143.76809143066407,,
2024-04-19,155.2773895263672,155.66054810584873,150.67941348977416,153.26577044268186,60078229,144.21639404296874,,
2024-04-22,155.03793334960938,157.767971495849,154.70265858345272,156.90585726368172,39304790,144.6053060913086,,
2024-04-23,154.36737060546875,156.61846757627927,154.03211048457086,156.61846757627927,30295177,144.92141662597658,,
2024-04-24,158.5821990966797,159.87537042238597,154.6547574040206,155.6126685859799,59894921,145.32661346435546,,
2024-04-25,160.64169311523438,160.92906937671987,157.24110569021116,158.43849459926415,50128523,145.78736877441406,,
2024-04-26,158.82167053222656,163.51542928924192,158.29481647993364,160.9290721248342,65355111,146.25674530029298,,
2024-04-29,160.3543243408203,162.46174061240157,159.8753687548363,161.12065620170765,44906151,146.83149200439453,,
2024-04-30,158.05532836914062,161.3122201980007,157.57637282862808,161.3122201980007,55043389,147.3516375732422,,
2024-05-02,160.30642700195312,161.79117750046083,158.05533009040388,158.05533009040388,69320283,147.85262512207032,,
2024-05-03,159.49220275878906,163.5633250514308,158.19901688979496,161.83908209829332,62573586,148.33732818603517,,
2024-05-06,160.54591369628906,161.5517087049599,157.76796260675619,160.88117382699133,37621296,148.82203125,,
2024-05-07,157.33689880371094,160.88116696456098,155.46897507455947,160.88116696456098,43611824,149.24925933837892,,
2024-05-08,159.06114196777344,160.06695155171053,156.61846572580146,157.28900057623835,30128705,149.72821472167968,,
2024-05-09,155.08580017089844,159.6837763424144,154.7026415801735,158.96534302238263,30223088,150.07306274414063,,
2024-05-10,155.42108154296875,157.43270077166048,155.03792293586744,156.3310941972573,31472419,150.38629974365233,,
2024-05-13,156.95375061035156,157.5763870224772,151.39786291664132,155.61266620617906,36561003,150.73881134033203,,
2024-05-14,158.0074462890625,159.5401100243807,156.618478000748,157.19323055563348,46261468,151.1660400390625,,
2024-05-15,158.63009643554688,160.49802030358902,158.00744540182313,158.00744540182313,29601304,151.57602630615236,,
2024-05-16,158.91744995117188,160.92906916232647,155.46897866763175,160.21063581785182,41126570,152.05785552978514,,
2024-05-17,160.30642700195312,161.36012043261783,158.48638715824686,159.58799368336037,39181277,152.5655484008789,,
2024-05-21,167.01181030273438,167.8260259881313,160.881170339684,161.40802438115483,84833644,153.03300903320311,,
2024-05-22,166.00599670410156,168.1133982027031,164.28175379922268,168.0654997243469,42919832,153.4200048828125,,
2024-05-23,168.1134033203125,168.40077958263436,163.32384767016114,165.76652397505111,49377680,153.87309661865234,,
2024-05-24,167.4907684326172,170.0771255835519,166.82021894233884,167.58655077653978,38674485,154.318525390625,,
2024-05-27,168.1134033203125,170.2208048830663,167.49076693241835,170.2208048830663,30410585,154.66816284179689,,
2024-05-28,167.5386505126953,170.02922529319298,166.14968229981017,168.49656164110766,39208456,155.07910675048828,,
2024-05-29,166.916015625,168.59236011477762,166.19758227223815,167.3949711935079,36575550,155.49579803466796,,
2024-05-30,157.24111938476562,164.76072823514693,156.47480210948214,164.76072823514693,108813875,155.8885418701172,145.14556900024414,
2024-05-31,160.16273498535156,160.881168319272,157.09742235060372,159.061143053299,83713848,156.36270782470703,145.40755752563476,
2024-06-03,166.916015625,167.63444897776182,161.74330133174035,165.9581044879842,86397540,156.98630798339843,145.73947372436524,
2024-06-04,152.25997924804688,167.29918186163454,141.91453557323544,167.15550103115623,125042158,157.16352172851563,145.96554061889648,
2024-06-05,162.07855224609375,162.46172544905625,152.30786212727907,155.32527619072252,60098501,157.55530700683593,146.3003303527832,
2024-06-06,164.80860900878906,167.3470675976563,162.27013580335827,162.84488831462355,57920819,158.061083984375,146.66816818237305,
2024-06-07,171.3702850341797,172.08871833859894,163.6112141163896,164.76070448014778,84319867,158.61284057617186,147.11742835998535,
2024-06-10,172.7017822265625,174.43561355972378,169.89510977738715,172.62516220271823,74286848,159.15865783691407,147.56419792175294,
2024-06-11,173.69802856445312,176.01617176651973,172.90296056520714,172.90296056520714,55555544,159.7129055786133,148.01661918640136,
2024-06-12,174.5601348876953,176.13110850007908,173.8608638804283,174.57929720224826,33304643,160.2786477661133,148.46999839782714,
2024-06-13,174.87625122070312,176.3514425264948,172.9125305070931,175.68089305119113,36669164,160.79036346435547,148.92270713806153,
2024-06-14,175.44142150878906,175.77669625835983,173.76507699406358,175.24984220184757,28509237,161.17352813720703,149.38489921569825,
2024-06-18,173.49685668945312,176.83039789776666,172.9987534329532,176.06406608149123,35032118,161.48906402587892,149.80513481140136,
2024-06-19,172.44317626953125,174.8092180747687,171.76305289431656,174.7708934419473,27476795,161.80268463134766,150.2684765625,
2024-06-20,174.6080322265625,175.24983090254662,171.82050744811315,173.95665970164606,38837494,162.16439178466797,150.7596933746338,
2024-06-21,175.83932495117188,176.77743902880616,174.11942429041832,175.31162273533,65494855,162.5516827392578,151.23209083557128,
2024-06-24,173.90444946289062,174.87187866151632,171.10962583486946,173.39629564569017,47597307,162.86483337402345,151.72489288330078,
2024-06-25,171.67640686035156,174.9207542643488,171.25621332305658,173.93377660547398,30599989,163.11809631347657,152.14704010009766,
2024-06-26,168.62750244140625,171.98911016216266,167.92390943422217,171.6763955318345,44006436,163.32858154296875,152.5521090698242,
2024-06-27,170.19105529785156,170.96304535422527,167.88483695877437,168.62751188079562,49767976,163.60003326416015,152.9608396911621,
2024-06-28,170.04446411132812,173.06405713840877,169.61450383866656,170.20082143468963,37521949,163.91932250976564,153.37097793579102,
2024-07-01,170.1031036376953,171.97934672251336,169.5558530241173,170.52329715532775,27807688,164.2551110839844,153.76972869873046,
2024-07-02,170.5623779296875,171.74480963798797,169.64381224126225,170.49398092284034,33359495,164.60008514404296,154.18408828735352,
2024-07-03,172.35067749023438,172.8490645802476,170.42557087094136,170.56237979718813,29090492,164.94155090332032,154.57897247314452,
2024-07-04,172.2725067138672,174.12921641052586,171.81323129913704,172.9663330286884,29504744,165.28624237060546,154.94577423095703,
2024-07-05,170.728515625,172.18455026088213,169.44835687526228,172.18455026088213,38123217,165.6134652709961,155.26744094848632,
2024-07-08,168.3538818359375,171.4711867923002,168.16820939110525,170.62101813549364,31479861,165.80889892578125,155.56775619506837,
2024-07-09,167.88482666015625,169.74152130684107,167.60142716406017,169.6438091686785,25127904,165.9537615966797,155.87056518554687,
2024-07-10,164.15188598632812,168.94999517691488,163.21377185434878,168.56888351497543,41525591,166.06036590576173,156.15855560302734,
2024-07-11,165.07046508789062,167.05420204182573,164.8261623604498,166.12585465976161,33987236,166.15468872070312,156.49309036254883,
2024-07-12,164.845703125,166.5069586125069,164.18119198336458,166.32128616247562,33311402,166.29049621582033,156.82106689453124,
2024-07-15,162.95968627929688,165.13887734851053,162.02157215418563,164.84571109276757,32635187,166.3435614013672,157.09809326171876,
2024-07-16,163.26263427734375,165.9499642862029,162.90105610027064,163.97599406823636,26505901,166.41897003173827,157.37814910888673,
2024-07-18,162.5688018798828,163.79031547452274,160.69255878784242,163.79031547452274,36568852,166.45942779541016,157.64072952270507,
2024-07-19,154.174560546875,162.30494709504225,153.61754320301944,162.21700169687168,77987514,166.39618103027342,157.82272018432616,
2024-07-22,156.6664581298828,157.03778813114377,152.84555994480016,154.7902000863272,40353690,166.34828735351562,158.03825103759766,
2024-07-23,156.373291015625,158.2788492716282,151.46768816574237,157.91728601335075,37077411,166.37403717041016,158.2235499572754,
2024-07-24,156.65667724609375,158.3277144486552,155.56220580786476,156.37329264550053,28086566,166.39874908447266,158.3925244140625,
2024-07-25,153.80322265625,154.88792734958835,153.3243839481989,154.88792734958835,45155876,166.33573852539064,158.53727493286132,
2024-07-26,158.8456268310547,159.23650520707923,154.60453531586592,155.13222261460447,45642032,166.35250213623047,158.75927108764648,
2024-07-29,159.1583251953125,160.94662282696316,158.63063790106426,160.94662282696316,31754833,166.36306671142577,158.96954650878905,
2024-07-30,160.33099365234375,161.53295884025758,157.6338821239803,159.18764381946087,42824600,166.3913375854492,159.2245965576172,
2024-07-31,161.56227111816406,162.7056060197874,159.82283700344945,162.50038518106078,52769925,166.41645446777343,159.49100143432617,
2024-08-01,159.34400939941406,165.09978109179025,157.23323024455576,164.36687290560792,118341338,166.26309844970703,159.64805374145507,
2024-08-02,154.6143035888672,157.5166210383314,151.1940655760626,157.33094858901046,72427529,166.03526458740234,159.72763473510742,
2024-08-05,146.40574645996094,150.49048092783863,145.60442635225945,150.1582327953525,102883971,165.6011114501953,159.73710403442382,
2024-08-06,146.89434814453125,150.29503786669204,146.20052185175567,147.76406524020342,53507102,165.1891830444336,159.7538542175293,
2024-08-07,150.35366821289062,150.78364339049116,148.43832830659403,150.19731089175318,32029697,164.83398834228515,159.75107559204102,
2024-08-08,146.85525512695312,149.94324519729312,146.58163726361212,149.90414841049858,51858615,164.4203204345703,159.7497135925293,
2024-08-09,148.3503875732422,149.51327095533026,147.8031518430961,149.51327095533026,23290101,164.04900787353515,159.77240295410155,
2024-08-12,148.5946807861328,149.90413975811995,146.46436827150188,147.55883966169358,30550334,163.8760791015625,159.88231048583984,
2024-08-13,145.48716735839844,149.46440807139146,145.11582243517475,148.63378773135872,29396493,163.58256774902344,159.97263778686522,
2024-08-14,142.8389129638672,146.48390538198123,139.10597514494546,146.48390538198123,97911180,163.1010256958008,160.0436668395996,
2024-08-16,146.11257934570312,146.58163640711044,143.1223163487669,144.62721458834898,54131721,162.97807769775392,160.07079971313476,
2024-08-19,150.45140075683594,150.7836488930867,146.96275059303665,147.4122741799477,62889770,162.74553466796874,160.15042083740235,
2024-08-20,150.42205810546875,152.1517254749712,149.31781999092894,152.1517254749712,37559016,162.45780364990233,160.25944381713867,
2024-08-21,148.45787048339844,150.66636163553713,148.31129482037866,149.51325999030357,49749381,161.9995553588867,160.3061979675293,
2024-08-22,150.62728881835938,150.8325096699795,149.0344302661929,149.0344302661929,36719176,161.55806549072267,160.35836166381836,
2024-08-23,150.6859130859375,150.87158553690045,149.07352111577796,150.49047389425976,31490857,161.09782318115234,160.40536437988283,
2024-08-26,152.1517333984375,152.83577804285756,150.19731160806307,151.08657710133662,32497603,160.6496551513672,160.46415145874025,
2024-08-27,151.1745147705078,152.9334972740819,151.07680263262014,152.24945266465147,24523684,160.1756204223633,160.48299194335937,
2024-08-28,150.1973114013672,151.46768854557328,149.56213028479158,151.17452229520958,25195197,159.67073822021484,160.42213317871094,
2024-08-29,149.48394775390625,150.06049858769353,147.7542803414899,149.7184837303362,44452983,159.19048004150392,160.33977203369142,
2024-08-30,149.2787322998047,151.71199281830025,148.99534769856064,149.51326828470167,55134023,158.72719116210936,160.26493789672853,
2024-09-02,149.39601135253906,150.39275576252777,148.6728698982827,150.39275576252777,19200143,158.22295074462892,160.19367126464843,
2024-09-03,148.68263244628906,149.95300959829254,148.54582351675361,149.35691035294772,19780066,157.67981689453126,160.11574981689452,
2024-09-04,147.73472595214844,148.7119367810243,145.76077081377798,146.09301891694284,39613696,157.15642242431642,160.01062789916992,
2024-09-05,148.26243591308594,149.30804380098405,147.55884288657023,147.55884288657023,28347324,156.6881430053711,159.90311965942382,
2024-09-06,147.77383422851562,149.41554139140402,146.23960595055092,148.47742727291208,30709532,156.2710696411133,159.799825592041,
2024-09-09,146.06370544433594,147.46110978819794,144.67606784089423,147.46110978819794,32624586,155.78852264404296,159.69427795410155,
2024-09-10,146.0148468017578,148.13539260607772,145.41874757300027,147.07023633354436,41607844,155.30793029785156,159.61362640380858,
2024-09-11,144.7933349609375,146.77707186350452,144.25586599227418,146.48390561595593,24633287,154.8017349243164,159.5284230041504,
2024-09-12,148.281982421875,148.96602704700382,145.3601165596872,148.5360518794787,73191476,154.35612701416017,159.47810607910156,
2024-09-13,149.99209594726562,151.85855730368107,149.02465185576355,149.29826969579472,54894255,153.9089553833008,159.42525314331056,
2024-09-16,150.69569396972656,152.11264674098723,150.00186769509375,151.46768399178848,32575460,153.47741912841798,159.38183074951172,
2024-09-17,149.33737182617188,150.72500946774306,148.79990286720482,150.4904734917244,18275113,153.0495962524414,159.33153076171874,
2024-09-18,147.16796875,149.49372057216695,146.2005245828321,148.92693645604328,24856345,152.62587799072264,159.21738845825195,
2024-09-19,146.13211059570312,148.72172841263767,144.4219915304096,148.42856216209069,36913781,152.1908236694336,159.07229263305663,
2024-09-20,148.55560302734375,149.84551364278988,147.21681397434418,147.55884374877982,53873369,151.87889801025392,158.96963195800782,
2024-09-23,150.480712890625,150.8715912888827,149.31782952588387,150.86182454779558,33281905,151.5871029663086,158.87089584350585,
2024-09-24,156.8716583251953,157.81955405326022,151.32110779195952,151.61425912141925,137414352,151.4276220703125,158.85905914306642,
2024-09-25,157.97592163085938,158.98244769019425,155.8846908489042,157.81956430428852,58044967,151.32794677734375,158.83575408935548,
2024-09-26,161.8358917236328,162.11927631322408,156.82279522162932,158.30815990945524,88661662,151.29941192626953,158.8591909790039,
2024-09-27,162.7544708251953,165.15840117745907,162.10950808246923,163.19421272757972,72795668,151.30312530517577,158.88127655029297,
2024-09-30,164.70889282226562,166.30173637862106,163.4482824673664,163.68281844087315,92381529,151.5138119506836,158.95499649047852,
2024-10-01,163.22352600097656,165.6274712369101,161.3375162302807,165.6274712369101,50761579,151.64495330810547,158.99662033081054,
2024-10-03,163.17466735839844,166.11608162848148,160.77073696159897,161.72839944180865,75959797,151.78098083496093,159.07750900268556,
2024-10-04,162.94992065429688,165.24637227711537,160.26259062851386,163.1942233839135,53880875,151.906845703125,159.15279739379883,
2024-10-07,160.6143798828125,164.12256334259985,158.63064300103557,163.29194304614782,48775098,152.04306884765626,159.18940368652343,
2024-10-08,155.8846893310547,159.86193000123248,153.12894739353376,159.28537914005364,74956764,151.98385009765624,159.16817611694336,
2024-10-09,155.43516540527344,158.50360707504444,154.50681802031806,155.88468898602883,42766218,151.90938690185547,159.13622680664062,
2024-10-10,156.0801239013672,157.50684344470508,153.03123070865186,154.69248623260432,46507936,151.82436950683595,159.10785354614256,
2024-10-11,156.9987030029297,160.04759616618458,155.57196856232306,155.66969561439853,53263433,151.73309814453125,159.07477630615233,
2024-10-14,154.7120361328125,159.65672087827198,154.43840336390207,158.1909045350225,35566857,151.6404586791992,158.95177856445312,
2024-10-15,152.0833282470703,155.89444456983352,151.51654416888044,155.86512943743182,38964393,151.58983917236327,158.81255187988282,
2024-10-16,151.7022247314453,152.98236861832623,150.51002624647492,151.6533612044767,28518262,151.69576873779297,158.64844009399414,
2024-10-17,148.9269256591797,152.73805687177043,148.63377433679537,152.10286088081162,28404223,151.73642028808592,158.46280166625976,
2024-10-18,151.8488006591797,152.64033909982865,147.65657247272026,148.92693470973194,34750795,151.76632293701172,158.30015563964844,
2024-10-21,151.4969940185547,154.33089946555782,151.06701886691474,152.54261676559315,25799090,151.85915771484375,158.13973907470702,
2024-10-22,146.96273803710938,151.36995356970385,146.67935345359038,151.36995356970385,39079846,151.8314047241211,157.94020629882812,
2024-10-23,145.38943481445312,148.48719154201902,144.67607504086345,146.87479954023507,42107893,151.7672998046875,157.821689453125,151.48362922668457
2024-10-24,145.58486938476562,146.41550457811664,144.63697366004436,146.08325646519796,22115070,151.76925384521485,157.67591079711914,151.54173416137695
2024-10-25,142.53598022460938,146.09302724812144,141.13856090587888,145.60442180582004,39730802,151.76319519042968,157.43211044311522,151.58579208374024
2024-10-28,145.97576904296875,146.31778391140472,141.4317294104196,142.6727914287652,28386897,151.760458984375,157.36926834106444,151.66740447998046
2024-10-29,146.6402587890625,147.02137042678123,143.210254049594,146.43505285932014,32258407,151.68423614501953,157.21488540649415,151.75760787963867
2024-10-30,145.57510375976562,147.50997709747446,144.72493507870732,144.72493507870732,21362130,151.58729705810546,157.0225503540039,151.84535926818847
2024-10-31,145.1744384765625,146.532760933423,144.82264198142326,145.68259228310896,26383702,151.52162841796874,156.76059188842774,151.93901012420653
2024-11-01,146.3373260498047,146.8259314790194,145.60441790598261,146.2493806511991,5106804,151.43582916259766,156.49694732666015,152.03057262420654
2024-11-04,143.60113525390625,146.5816314080815,141.79330407983934,146.5816314080815,25571021,151.29413360595703,156.1959783935547,152.10629878997804
2024-11-05,148.81944274902344,149.07352712840165,143.60114007437835,143.65000360203226,42772283,151.22748779296876,155.93857147216798,152.20428493499756
2024-11-06,150.11912536621094,151.41881758050297,146.18096685036514,150.49047025916698,48928986,151.20638000488282,155.69100021362306,152.3068536758423
2024-11-07,147.50997924804688,153.34392939034922,146.77707108857226,152.55239096388536,88254789,151.1526333618164,155.41168579101563,152.39829250335694
2024-11-08,144.20701599121094,148.53605301045957,143.5913683683801,148.53605301045957,61980989,151.0470947265625,155.1187873840332,152.46196109771728
2024-11-11,141.70533752441406,144.3242703105848,140.81608699879095,144.20700978216286,47497863,150.8956268310547,154.81140899658203,152.539942779541
2024-11-12,140.88449096679688,143.77704173629053,140.32748851820787,142.33075889601633,28861672,150.72539642333984,154.47417358398437,152.61693347930907
2024-11-13,135.99844360351562,140.32749578559165,135.44144112608018,140.32749578559165,57609083,150.47171264648438,154.07576477050782,152.65392780303955
2024-11-14,134.83555603027344,137.52288600972526,134.36649897259178,136.52614162603365,36345184,150.2137292480469,153.68507583618165,152.70498435974122
2024-11-18,137.99195861816406,139.98546230584378,134.85510504856154,136.31115466670337,40233848,150.00831970214844,153.34823135375976,152.7476357269287
2024-11-19,136.28182983398438,139.24277747601727,135.89093655270943,138.76393879810072,37611903,149.7784796142578,153.02477462768556,152.78844184875487
2024-11-21,137.02450561523438,138.37306135027794,134.1221882182823,136.3209126153033,58398744,149.59769561767578,152.69310913085937,152.82697441101075
2024-11-22,139.5261688232422,139.92682886433133,136.4674939848152,136.95609942681034,43710169,149.46792205810547,152.38792617797853,152.87945205688476
2024-11-25,140.39588928222656,142.81936815757626,139.5848024397268,141.63695130976768,53883890,149.37997314453125,152.09085403442384,152.93029136657714
2024-11-26,141.1776580810547,142.4773503504897,140.30794098780024,140.93335535922978,25608469,149.23788665771485,151.7970068359375,152.9905475616455
2024-11-27,141.2362823486328,141.59784559003646,139.64342389846354,141.02129476967545,24895631,149.0627703857422,151.48586288452148,153.032417678833
2024-11-28,140.1222686767578,141.93988152543622,139.82910242805713,140.71836791506243,30947861,148.8513018798828,151.16436050415038,153.0550673675537
2024-11-29,141.2460479736328,142.17441019864162,139.79001336798456,140.6206336337108,29742979,148.68947540283204,150.86953582763672,153.06848838806152
2024-12-02,143.07345581054688,143.48388261173588,139.87797189500813,140.82586768979775,23840351,148.60758514404296,150.6167315673828,153.09224388122558
2024-12-03,143.20046997070312,144.82264354418618,143.00503078486213,143.40569080802132,35527228,148.54895233154298,150.3698880004883,153.12022659301758
2024-12-04,142.52621459960938,143.6988646881027,140.71836848451827,143.65000116127905,38537808,148.4283645629883,150.1536312866211,153.15609344482422
2024-12-05,143.71841430664062,144.5099527503473,141.50014138721266,143.16139693599962,36328245,148.2931185913086,149.9401107788086,153.2166005706787
2024-12-06,144.9105987548828,145.29171041195158,143.25912484828822,144.13860869966072,30604899,148.05389739990235,149.74075973510742,153.28091331481934
2024-12-09,146.46437072753906,147.23636075798302,143.2884353835505,144.91059410377085,39059139,147.82366638183595,149.57580657958985,153.3369499206543
2024-12-10,146.89434814453125,149.02466072746012,145.90735560253987,146.76730595729163,36278104,147.5248355102539,149.4121237182617,153.39513641357422
2024-12-11,147.16796875,148.64355185350902,146.64026650934292,147.15818709784202,20499709,147.21310546875,149.25811538696288,153.44942245483398
2024-12-12,147.34385681152344,148.1744920325029,145.31125637085603,147.43180221297638,25761723,146.86580474853517,149.18980834960936,153.50626426696778
2024-12-13,145.55555725097656,146.63049518086675,142.23304623122362,146.5816316547709,39701388,146.51244537353514,149.07869934082032,153.558475189209
2024-12-16,144.42198181152344,146.3861851202688,143.74771886501125,145.54578321115156,22634773,146.13739166259765,148.9591862487793,153.59136810302735
2024-12-17,142.36007690429688,145.1158188024992,142.01806203557044,144.4219925019059,27110781,145.72559478759766,148.81622024536134,153.6043723297119
2024-12-18,141.1678924560547,143.55227451462753,140.0343242391735,142.67279067352774,19850229,145.3366650390625,148.68986694335936,153.61357093811034
2024-12-19,139.99522399902344,140.522926219507,137.8844598502527,138.32420175995267,27104579,145.01887573242186,148.50136291503907,153.63031700134277
2024-12-20,137.47401428222656,141.10923981229502,136.8095180660688,139.6336568068476,46503449,144.65965270996094,148.2845198059082,153.62703315734862
2024-12-23,138.48056030273438,140.52292746235315,137.40562237080098,139.20368681053077,27514178,144.3076614379883,148.06601547241212,153.64530601501465
2024-12-24,137.1808624267578,138.27533379551005,136.0766094065355,137.98216756143597,25882917,143.91130462646484,147.82220138549803,153.6566014099121
2024-12-26,137.16131591796875,137.93330593094362,136.33068072853067,137.73786674256237,23939932,143.56029022216796,147.6003744506836,153.62421409606932
2024-12-27,135.74436950683594,138.5196448802815,135.45120325503706,137.49357045451288,19562177,143.2335110473633,147.41167510986327,153.56965492248534
2024-12-30,133.76063537597656,136.07662048267179,132.98863039970797,135.74437234883592,32555723,142.8746792602539,147.28522399902343,153.51116401672363
2024-12-31,134.90396118164062,135.5195938792526,133.4479116433087,133.7508446218415,20080291,142.59421997070314,147.16532012939453,153.45958717346193
2025-01-01,133.6238250732422,135.29484737754888,133.46746774913888,134.95283250600994,18169498,142.2297204589844,146.99802169799804,153.37454864501953
2025-01-02,135.03099060058594,135.2948417100757,133.2915564482029,133.87788893350137,23388424,141.900400390625,146.87977905273436,153.31474632263183
2025-01-03,135.20689392089844,136.545668015034,134.69874010335806,135.03098821399612,23351832,141.66528350830077,146.74834411621094,153.26037353515625
2025-01-06,129.167724609375,135.23621062455192,128.35665271547006,135.20689549157004,44620509,141.34084930419922,146.55407455444336,153.2181925201416
2025-01-07,130.34039306640625,130.82899851060654,129.00160400978018,129.75406056894397,24239451,141.03595977783203,146.40260681152344,153.18762229919435
2025-01-08,129.61724853515625,131.1807918835539,128.7670798541568,130.8778439901228,31570331,140.77758514404297,146.27039016723631,153.15702850341796
2025-01-09,126.96900177001953,129.3827138229862,126.74424744397356,128.99183543759716,31903107,140.39744979858398,146.0789543914795,153.07487705230713
2025-01-10,124.52598571777344,127.41852909715764,123.8126184778634,126.969005520732,34855510,139.9551643371582,145.81970024108887,152.9850605392456
2025-01-13,120.12853240966797,123.6171749133493,119.82559942608383,123.12856947890918,38968332,139.44623291015625,145.51676498413087,152.88810440063477
2025-01-14,124.0373764038086,124.73119522895126,120.13830710822148,120.13830710822148,36877365,139.02349166870118,145.27256004333495,152.78937900543212
2025-01-15,123.64649200439453,125.38592618565981,122.91358384112922,125.08299319727891,18773125,138.56967498779298,145.0027520751953,152.68055686950683
2025-01-16,124.89732360839844,125.5422863855193,123.67580997493697,125.08299606645339,22164393,138.1955987548828,144.74486618041993,152.57511528015138
2025-01-17,127.31103515625,128.17098552179465,124.73119897067106,124.98527589281176,27421959,137.76543060302734,144.49645919799804,152.48030532836913
2025-01-20,128.6595916748047,129.08956685992263,125.97226167887261,128.0048621560315,20571916,137.33623992919922,144.27130996704102,152.3771509552002
2025-01-21,126.74424743652344,129.382713815381,126.30450552522295,129.05046569671438,32238213,136.92092529296875,144.03677932739257,152.22945625305175
2025-01-22,125.98202514648438,127.37944446180752,124.22305003180468,127.28171740916363,27505569,136.55642547607422,143.80176010131837,152.07076606750488
2025-01-23,127.39897918701172,127.77032409741749,124.78982789534324,124.93641102021249,20722538,136.27029830932617,143.58296257019043,151.92395023345946
2025-01-24,126.7833480834961,130.16448946196016,126.36313964092619,127.52602300273526,37092106,135.98827545166014,143.3568359375,151.7752536010742
2025-01-27,123.49014282226562,126.49994669650864,122.87449519018274,126.07975317122053,24650571,135.73810943603516,143.10491104125975,151.61033042907715
2025-01-28,125.68885803222656,127.51625250888442,121.89728251936828,123.49014101793216,40373804,135.55517547607423,142.88445236206056,151.44754013061524
2025-01-29,127.81918334960938,128.34687065264757,125.62045891668394,126.06020082105816,16674706,135.35171997070313,142.68001983642577,151.2915697479248
2025-01-30,128.1318817138672,129.13840769517418,127.13513738412219,127.81918199602195,25256096,135.18872100830077,142.4836003112793,151.14171295166017
2025-01-31,131.5521240234375,131.92346892974018,126.96900260596148,128.13188594007386,26689228,135.07927337646484,142.3384844970703,151.01638122558595
2025-02-01,129.93972778320312,132.41207003826574,127.28171308106356,131.9234646137703,21173846,134.88754455566405,142.17773330688476,150.89567985534669
2025-02-03,128.81594848632812,129.49021148461208,124.89732321931588,128.29801298918326,27765357,134.6559457397461,142.01795944213868,150.77319122314452
2025-02-04,130.3794708251953,131.2785030248162,128.8647910137796,129.77360486505077,25032519,134.4399819946289,141.83893432617188,150.6585202026367
2025-02-05,131.33714294433594,132.30458713240273,130.0472322713023,130.11562928261014,16958362,134.24199920654297,141.65238479614257,150.53881896972655
2025-02-06,129.51951599121094,131.79641899938704,129.01137709892856,131.43485576621424,22408168,134.02994415283203,141.44062301635742,150.41122688293456
2025-02-07,135.1580352783203,135.58801045399724,129.53907268292943,130.2622141066638,52950146,133.90818389892578,141.2988296508789,150.31518020629883
2025-02-10,130.98533630371094,134.95282489606737,129.96904357645818,134.95282489606737,26120805,133.66642150878906,141.13700332641602,150.177195892334
2025-02-11,127.14490509033203,131.27850283675826,126.74424506065682,129.9690438681681,23635428,133.34531021118164,140.9471312713623,150.00971195220947
2025-02-12,129.2654571533203,130.2524347981139,125.38592867260378,126.4022363626801,37927696,133.08009506225585,140.75422981262207,149.86193088531493
2025-02-13,133.14498901367188,134.55217513653938,128.85503363382037,129.26546043448081,52036196,132.8686265563965,140.58087257385253,149.7258842086792
2025-02-14,131.40554809570312,136.07661490456988,130.29152829005403,133.14498226748756,41469242,132.5985255432129,140.32621147155763,149.592635307312
2025-02-17,131.22964477539062,131.7280318758527,127.75077636841932,129.88110387727278,21189637,132.29383102416992,140.05874870300292,149.4472513961792
2025-02-18,131.47393798828125,131.82573448213452,128.74752634420878,131.22963528174574,23957576,131.98542282104492,139.7551291656494,149.30716007232667
2025-02-19,132.6661376953125,133.76062397088467,129.99835628877247,131.43485741022957,18447487,131.69538619995117,139.4542458343506,149.1677611923218
2025-02-20,134.89418029785156,135.20689492976493,131.92346584994633,132.18731695674143,24139808,131.44639266967772,139.15609870910646,149.05554759979248
2025-02-21,137.5522003173828,138.37306880221212,134.02446838729355,134.76715821113652,41987785,131.28632553100587,138.8993854522705,148.94800289154054
2025-02-24,134.51307678222656,137.45449118594422,133.54564751731658,135.64664502478183,25193205,131.08814743041992,138.6127695465088,148.84513927459716
2025-02-25,133.94630432128906,136.17434396545056,133.5847261511985,135.33394200064896,23575603,130.91987197875977,138.3227333831787,148.73776538848878
2025-02-27,135.5293731689453,135.82253940182272,132.78341310680332,134.08310530741846,30747044,130.8071015930176,138.07188331604004,148.63064350128172
2025-02-28,134.07333374023438,134.65966625008986,131.0048920822416,134.65966625008986,45540594,130.6886637878418,137.85376976013183,148.5109729385376
2025-03-03,135.41212463378906,135.88118170130534,131.24919656253428,133.8778963287732,31154401,130.64742599487306,137.653539352417,148.3948830795288
2025-03-04,136.16456604003906,137.7281094767585,132.71501268466753,133.04726081887745,28634645,130.60110610961914,137.4543837738037,148.28111865997315
2025-03-05,142.7705078125,143.15161943865024,135.83230497524232,135.83230497524232,62109377,130.712899017334,137.3121018218994,148.19343906402588
2025-03-06,147.01161193847656,148.73149777504847,142.86823230498567,143.44478316422195,79121467,130.90990493774413,137.23509757995606,148.09343807220458
2025-03-07,148.1060791015625,148.97579619134177,145.86827273945227,146.32756304753224,81821791,131.15713912963867,137.19532508850097,148.0039384841919
2025-03-10,147.6077117919922,150.72501699870244,146.9822974024148,148.10608399099667,54450331,131.434080657959,137.15437995910645,147.90141002655028
2025-03-11,147.31454467773438,148.24289205999332,144.6272146753213,144.7249417307402,35916900,131.68229232788087,137.138256149292,147.80052890777588
2025-03-12,146.8748016357422,148.8096750476993,144.33404732468557,147.55884628531743,26377549,131.94731185913085,137.0885161590576,147.69433589935304
2025-03-13,147.44158935546875,150.06050748106867,146.60118736227295,148.5360608215636,48286431,132.1955238342285,137.04796211242675,147.59385059356688
2025-03-17,148.3503875732422,149.16147442722846,147.46112205622714,148.52629329282075,35879780,132.45839370727538,137.06183860778808,147.5010224533081
2025-03-18,148.3503875732422,148.3503875732422,148.3503875732422,148.3503875732422,0,132.84204696655274,137.09144813537597,147.4565687942505
2025-03-19,154.98565673828125,155.57197433934243,152.93350785692914,153.22667411298733,66161413,133.33495223999023,137.18545600891113,147.43068340301514
2025-03-20,155.41561889648438,156.45147500190663,153.08008538299788,156.35374794501885,39889517,133.85091964721678,137.3142523956299,147.37318141937257
2025-03-21,153.6957244873047,156.1094365298207,153.24621583715896,155.40584351032305,49184821,134.3854541015625,137.39145195007325,147.38036014556886
2025-03-24,154.8097381591797,155.37652223085772,153.5295943554991,154.3993113992171,30905773,134.99112915039063,137.4731467437744,147.34401607513428
2025-03-25,153.15826416015625,155.3765371358708,152.4937678882025,155.3765371358708,28467187,135.65172378540038,137.54897834777833,147.2857643508911
2025-03-26,152.2592315673828,153.94980228952724,151.4774598465637,152.64034323101203,23182869,136.21616088867188,137.61982627868653,147.19020908355714
2025-03-27,151.87811279296875,152.5426239434226,150.6859143295246,151.27224682045127,25909068,136.78079330444336,137.67523414611816,147.08609073638917
2025-03-28,150.72500610351562,153.3341572703865,149.87482252883336,151.8390258703937,24589315,137.2973469543457,137.74647285461427,146.97122562408447
2025-04-01,149.63052368164062,151.7999330064872,148.60446419671834,148.60446419671834,29142122,137.7437367248535,137.75458366394042,146.8465775680542
2025-04-02,151.1647491455078,152.68919568950312,148.7999006719953,150.49047127157428,24977582,138.19383987426758,137.7650399017334,146.72802005767824
2025-04-03,150.11912536621094,152.41557681835366,149.12238103941442,149.51325941332826,15117526,138.66133743286133,137.79113136291505,146.60140857696533
2025-04-04,137.1906280517578,149.50349049432825,136.80951642387632,149.1419123471199,80846143,138.8855094909668,137.7209674835205,146.41987743377686
2025-04-07,126.52925872802734,127.37944232078594,122.47383959940032,125.08299082174615,121806340,138.8681150817871,137.56920669555663,146.19030784606935
2025-04-08,127.31103515625,133.09612190842537,125.10254388507535,131.81597801220641,68999181,138.87866882324218,137.43347213745116,145.95382286071776
2025-04-09,124.28167724609375,127.03741156804094,122.44452351663803,127.03741156804094,73399980,138.89449951171875,137.31630447387695,145.69603462219237
2025-04-11,130.3794708251953,131.6302995299769,127.51625016987549,131.60098439713468,73706472,138.98831176757812,137.27174362182618,145.4784097290039
2025-04-15,133.3013458251953,133.87789669215056,131.7671175160152,132.50980736190837,38967608,139.09795501708984,137.22483749389647,145.28653442382813
2025-04-16,133.84857177734375,134.46421938649672,131.5521203075305,133.3013360852319,42684087,139.21228881835938,137.20050491333006,145.11263977050783
2025-04-17,134.0146942138672,134.81601426124502,130.65308653316296,131.33713114003785,62282856,139.26154022216798,137.1704067993164,144.93175796508788
2025-04-21,136.00820922851562,137.1026956027805,133.92676010016575,134.5130777078614,26503486,139.38290985107423,137.13522720336914,144.76157669067382
2025-04-22,135.01145935058594,139.58479913170353,134.56193578295367,138.76394556756264,58429662,139.5068200683594,137.08138290405273,144.58611846923827
2025-04-23,137.94308471679688,138.27533282124799,134.19059869803928,136.21341736789535,37851304,139.6580923461914,137.04903717041014,144.42302200317383
2025-04-24,138.29489135742188,138.6466878794268,137.08314446805932,137.4935712585559,23061444,139.79724731445313,137.01962326049804,144.25274307250976
2025-04-25,135.68572998046875,140.18089086079942,134.87464320062503,138.7639381366849,37764696,139.92057159423828,136.97525787353516,144.06980918884278
2025-04-28,138.8323516845703,139.35027223870821,135.2264412865147,135.38278368906367,26971589,139.99405792236328,136.95112091064453,143.91032836914061
2025-04-29,138.2753448486328,140.0343274826286,137.70856072706445,138.8323622290045,25758449,140.13985809326172,136.9031398010254,143.7599356842041
2025-04-30,136.8876953125,138.33396317063088,134.85509498999104,138.22646938253004,29205042,140.3347138977051,136.84001205444335,143.60495002746583
2025-05-02,138.1776123046875,139.83888272757287,136.2720540731448,136.80952303872215,29588258,140.51295700073243,136.79652603149415,143.47507865905763
2025-05-05,138.8421173095703,139.44798325609716,137.9821670027162,138.3437451514002,17213477,140.6268995666504,136.74776306152344,143.34393692016602
2025-05-06,141.14834594726562,142.08646006882105,138.31442536723225,138.8421276077804,42658262,140.82175552368165,136.71014053344726,143.22545013427734
2025-05-07,142.67279052734375,143.60113789445452,138.95938614784575,138.95938614784575,34674594,141.0506184387207,136.6722247314453,143.12401565551758
2025-05-08,140.39588928222656,143.3177552634447,139.5945840918764,142.67279248588267,29687927,141.2290574645996,136.60724014282226,143.009681930542
2025-05-09,139.5261688232422,140.0050075243771,137.30789594148902,137.77696790176375,21875453,141.3662580871582,136.5308221435547,142.89446876525878
2025-05-12,148.1744842529297,148.48718396758522,141.20696620102353,142.29167082849085,47087413,141.63186416625976,136.53912841796875,142.86446838378907
2025-05-13,146.0246124267578,149.5034956320895,145.61418565270813,148.53605150758028,54389876,141.80131240844727,136.54381896972657,142.81125915527343
2025-05-14,151.77061462402344,153.56867900814177,147.5588382491701,147.5588382491701,60002060,142.1464631652832,136.61730529785157,142.78824577331542
2025-05-15,153.76414489746094,154.24296870727517,150.78364859624276,151.95629872314925,57066105,142.54281997680664,136.7313459777832,142.77378311157227
2025-05-16,153.95957946777344,154.5458970580579,153.42211049338817,153.76414027101197,22884754,142.9114241027832,136.8592628479004,142.77456489562988
2025-05-19,153.9791259765625,154.53612842606958,152.57193991941134,154.39931949890516,21839582,143.30953994750976,136.9991018676758,142.75023239135743
2025-05-20,155.07359313964844,158.40588573758893,154.39931526317346,154.74134502722882,58061639,143.70276931762695,137.17509765625,142.7298087310791
2025-05-21,157.95635986328125,158.1615807009116,154.91723354901094,155.81626573409022,36044599,144.1386051940918,137.36985565185546,142.7179355621338
2025-05-22,157.6143341064453,159.8717037334825,156.70553515785153,157.3114011235807,60715453,144.4354817199707,137.57419036865235,142.6981958770752
2025-05-23,159.2560577392578,159.80329344433994,157.81955655788985,157.91728360996365,29483665,144.68037063598632,137.79513778686524,142.6977561187744
2025-05-26,158.80653381347656,161.77726322151975,158.35702516149206,159.3830995617113,25581584,144.8943797302246,138.02575942993164,142.71871726989747
2025-05-27,157.97592163085938,160.1648645586298,156.95961391920423,158.8065419700382,23296776,145.10174392700196,138.26791229248047,142.77656814575195
2025-05-28,157.56549072265625,158.9824435439945,156.98892495984478,158.69904403309386,13044476,145.3067628479004,138.49452758789062,142.8299238586426
2025-05-29,159.4026336669922,160.21372048515627,157.8195568159793,158.4938347076491,26455081,145.5573194885254,138.75231567382812,142.87516868591308
2025-05-30,157.35049438476562,160.15508473744737,156.8521073109064,159.3928614714847,32739340,145.75549758911131,138.97551071166993,142.92764488220215
2025-06-02,155.41561889648438,156.4710084844399,153.71528143065774,155.3765370203625,31365564,145.89680221557617,139.1775979614258,142.96297103881835
2025-06-03,153.76414489746094,156.9889290186899,153.58823917734452,155.41561883418166,28398746,146.00507736206055,139.42356216430665,142.988818359375
2025-06-04,154.57521057128906,155.356982261193,153.23643643090236,153.9107143270563,16660138,145.9968684387207,139.66591033935546,143.03425857543945
2025-06-05,154.37001037597656,155.46448183590726,153.47097811802558,155.23972749918335,23708504,145.97595626831054,139.91343795776368,143.0919140625
2025-06-06,157.49000549316406,157.8800048828125,154.25,155.6999969482422,25804151,146.05184188842773,140.2186479949951,143.14880119323732
2025-06-09,157.32000732421875,158.1999969482422,156.82000732421875,157.69000244140625,15315437,146.1020472717285,140.54658821105957,143.1831442260742
2025-06-10,155.67999267578125,159.3000030517578,155.5,158.0,22764080,146.15248184204103,140.90210281372072,143.2094338989258
2025-06-11,156.41000366210938,157.52999877929688,155.30999755859375,156.4499969482422,17605668,146.23549728393556,141.22582908630372,143.24919456481933
2025-06-12,152.88999938964844,156.25999450683594,151.85000610351562,156.0,27846151,146.25573501586913,141.51826416015626,143.26050811767578
2025-06-13,152.1300048828125,152.5,149.8000030517578,149.8000030517578,24277592,146.28383499145508,141.7905909729004,143.26772857666015
2025-06-16,154.1699981689453,154.5,150.83999633789062,152.00999450683594,16188193,146.37462448120118,142.05918060302736,143.2778199005127
2025-06-17,152.60000610351562,154.88999938964844,152.35000610351562,153.80999755859375,16740382,146.40332962036132,142.29858474731446,143.28494735717774
2025-06-18,152.11000061035156,153.1999969482422,150.8000030517578,152.1999969482422,14860746,146.44314712524414,142.55224227905273,143.29451080322266
2025-06-19,151.0,152.4499969482422,150.5,152.0,20145922,146.719334564209,142.80242202758788,143.30209106445312
2025-06-20,151.97000122070312,153.1699981689453,150.6300048828125,150.75,29944714,147.2281494140625,143.0481322479248,143.31554740905761
2025-06-23,152.42999267578125,153.3000030517578,150.47999572753906,150.5,17096676,147.73052856445312,143.30459869384765,143.33071731567384
2025-06-24,154.7899932861328,156.97000122070312,153.63999938964844,153.8000030517578,25403324,148.3406948852539,143.61759719848632,143.36125411987305
2025-06-25,156.38999938964844,156.89999389648438,155.50999450683594,155.89999389648438,18240433,148.86090545654298,143.92460861206055,143.40453048706055
2025-06-26,160.5399932861328,161.10000610351562,156.4499969482422,156.8699951171875,40650557,149.4056784057617,144.2518167114258,143.46591827392578
2025-06-27,161.4499969482422,163.3000030517578,160.6999969482422,161.0,31989509,149.95770690917968,144.58499786376953,143.5342990875244
2025-06-30,159.75999450683594,162.1999969482422,159.5,160.99000549316406,15842285,150.47261291503906,144.86707656860352,143.6027805328369
2025-07-01,160.05999755859375,160.44000244140625,157.72999572753906,160.00999450683594,17823415,150.95364868164063,145.16827926635742,143.6730062866211
2025-07-02,165.8800048828125,166.14999389648438,159.8300018310547,160.05999755859375,63315210,151.57101959228515,145.53891983032227,143.77843963623047
2025-07-03,165.91000366210938,168.77999877929688,165.2100067138672,166.0,60571824,152.13035797119142,145.8942251586914,143.86657974243164
2025-07-04,163.00999450683594,166.49000549316406,162.0,165.91000366210938,22938753,152.6246600341797,146.2109536743164,143.9316692352295
2025-07-07,162.39999389648438,163.35000610351562,160.0500030517578,163.0,17469909,153.1589453125,146.53975845336913,143.9901907348633
2025-07-08,161.97000122070312,162.89999389648438,161.60000610351562,162.4499969482422,11398248,153.62169830322264,146.80787811279296,144.05335388183593
2025-07-09,159.0,161.9499969482422,157.50999450683594,161.9499969482422,29839077,154.03619140625,147.08802474975585,144.11251403808595
2025-07-10,160.66000366210938,161.5500030517578,159.27999877929688,160.0,17566887,154.51163757324218,147.42317573547362,144.18515350341798
2025-07-11,159.83999633789062,161.6199951171875,159.32000732421875,160.63999938964844,20689511,154.94488525390625,147.72892112731932,144.2415754699707
2025-07-14,160.44000244140625,161.1199951171875,159.3000030517578,159.83999633789062,15152964,155.37684295654296,148.00187126159668,144.2913719177246
2025-07-15,159.0,160.85000610351562,157.9499969482422,160.25999450683594,17993051,155.73387603759767,148.27781578063966,144.30201362609864
2025-07-16,157.3300018310547,159.27000427246094,157.0,159.0,14591157,156.0270202636719,148.53881935119628,144.2987840270996
2025-07-17,159.89999389648438,160.6999969482422,157.1199951171875,157.5,21733241,156.41710235595704,148.82307991027832,144.28910453796388
2025-07-18,162.3699951171875,162.75,160.10000610351562,160.10000610351562,30728478,156.87397888183594,149.12011848449708,144.28718215942382
2025-07-21,163.02000427246094,165.60000610351562,162.49000549316406,162.5,29812899,157.17088928222657,149.40137672424316,144.2787377166748
2025-07-22,163.0399932861328,164.41000366210938,162.72999572753906,163.3000030517578,13615524,157.51119689941407,149.65625465393066,144.27782005310058
2025-07-23,162.77000427246094,164.13999938964844,161.8800048828125,163.25,14287149,157.7311846923828,149.93882392883302,144.2757967376709
2025-07-24,163.47999572753906,164.75,162.80999755859375,163.0,14377270,157.92550170898437,150.2341608428955,144.27844711303712
2025-07-25,161.42999267578125,163.58999633789062,161.0500030517578,163.5,12443495,158.07490997314454,150.49316703796387,144.28252517700196
2025-07-28,159.67999267578125,162.2899932861328,159.08999633789062,161.22999572753906,19296285,158.1889273071289,150.74923362731934,144.30150169372558
2025-07-29,161.69000244140625,162.4499969482422,158.1999969482422,158.1999969482422,15262937,158.32125549316407,151.0120124053955,144.33277587890626
2025-07-30,161.36000061035156,162.7899932861328,161.0500030517578,161.69000244140625,16083106,158.38932830810546,151.26396675109862,144.35917526245117
2025-07-31,157.94000244140625,162.1300048828125,156.55999755859375,161.0,26213891,158.3958416748047,151.4156616973877,144.36388175964356
2025-08-01,153.00999450683594,157.92999267578125,152.50999450683594,157.92999267578125,23927359,158.27092041015624,151.47564552307128,144.35537155151368
2025-08-04,159.55999755859375,159.9199981689453,153.5,153.5,30064719,158.28598968505858,151.5901847076416,144.3927548980713
2025-08-05,159.6199951171875,160.13999938964844,158.27999877929688,159.55999755859375,14441034,158.31887115478514,151.71030754089355,144.43234375
2025-08-06,158.66000366210938,159.8000030517578,157.8000030517578,159.6199951171875,13438851,158.34076141357423,151.8237621307373,144.48100914001463
2025-08-07,159.6699981689453,160.0,156.25999450683594,157.14999389648438,23159540,158.34610870361328,151.95171409606934,144.52011512756349
2025-08-08,157.9499969482422,159.9499969482422,157.00999450683594,159.5,11951173,158.3580987548828,152.05679817199706,144.55238014221192
2025-08-11,158.52000427246094,160.0,157.14999389648438,157.9499969482422,14325736,158.42018646240234,152.15849433898927,144.61016647338866
2025-08-12,160.16000366210938,161.64999389648438,158.5,158.52000427246094,20056598,158.5481036376953,152.27659049987793,144.68401931762696
2025-08-13,160.17999267578125,162.39999389648438,159.89999389648438,160.9600067138672,18079396,158.66019927978516,152.32853385925293,144.75699493408203
2025-08-14,155.3000030517578,160.60000610351562,154.8300018310547,160.02000427246094,47256126,158.67879913330077,152.32737770080567,144.82081504821778
2025-08-18,157.9600067138672,159.0,156.0,158.0,61022494,158.68819915771485,152.37002052307128,144.88073623657226
2025-08-19,159.22999572753906,159.4600067138672,156.75999450683594,158.5,21224239,158.72639892578124,152.4142230987549,144.94368492126466
2025-08-20,161.9199981689453,162.75999450683594,158.02999877929688,158.1999969482422,28520245,158.85119903564453,152.50184043884278,145.02540939331055
2025-08-21,161.50999450683594,162.5399932861328,161.19000244140625,161.9199981689453,17282594,158.95319885253906,152.5943480682373,145.1070871734619
2025-08-22,158.5500030517578,161.27999877929688,158.10000610351562,161.25,16063984,159.06639892578124,152.6610669708252,145.16815055847167
2025-08-25,159.6300048828125,160.3300018310547,158.63999938964844,159.1999969482422,16376542,159.21639892578125,152.75011695861815,145.24829490661622
2025-08-26,155.02999877929688,159.16000366210938,154.63999938964844,159.16000366210938,19621100,159.2335989379883,152.80411170959474,145.27934768676758
2025-08-28,153.6300048828125,155.8699951171875,153.16000366210938,155.77999877929688,22269875,159.2541989135742,152.82876426696777,145.2969020843506
2025-08-29,154.47999572753906,155.10000610351562,153.0500030517578,154.5,16971859,159.30159881591797,152.87237297058107,145.33175216674806
2025-09-01,156.1699981689453,156.36000061035156,153.6999969482422,154.47999572753906,10798622,159.40499877929688,153.06216667175292,145.39156707763672
2025-09-02,158.38999938964844,159.07000732421875,155.5,156.1699981689453,21202113,159.5333987426758,153.38077407836914,145.4749903869629
2025-09-03,167.85000610351562,168.0,158.39999389648438,158.39999389648438,82352014,159.84179901123048,153.7861637878418,145.60981796264647
2025-09-04,166.80999755859375,169.3000030517578,166.6199951171875,169.0,26316842,160.0821990966797,154.2114469909668,145.76387573242187
2025-09-05,167.67999267578125,168.0,165.94000244140625,167.0,16798170,160.30799896240234,154.58445220947266,145.9280979156494
2025-09-08,168.82000732421875,172.5,168.4600067138672,170.0,36402317,160.47359924316407,154.9396388244629,146.0822381591797
2025-09-09,169.14999389648438,169.72000122070312,167.99000549316406,169.3000030517578,14028910,160.6275991821289,155.2926530456543,146.2465789794922
2025-09-10,169.42999267578125,170.72999572753906,168.75,169.19000244140625,13128306,160.8209991455078,155.64680603027344,146.40860641479492
2025-09-11,169.41000366210938,170.89999389648438,168.4600067138672,169.35000610351562,13829526,161.00799926757813,155.98082397460936,146.55802558898927
2025-09-12,169.77999877929688,171.0,168.6300048828125,169.60000610351562,12119036,161.0859991455078,156.32850936889648,146.7049461364746
2025-09-15,169.22999572753906,170.1999969482422,168.6300048828125,169.77000427246094,10611401,161.1523989868164,156.64137847900392,146.84520782470702
2025-09-16,172.02000427246094,172.27000427246094,169.02000427246094,169.38999938964844,26629438,161.33259918212892,156.9786296081543,146.99912643432617
2025-09-17,171.36000061035156,172.89999389648438,169.35000610351562,172.5,21381306,161.51179931640624,157.33537231445314,147.15531509399415
2025-09-18,172.02999877929688,172.1999969482422,169.80999755859375,171.4600067138672,16413388,161.7129992675781,157.66734878540038,147.30923484802247
2025-09-19,171.47999572753906,172.6699981689453,170.60000610351562,172.10000610351562,25406461,161.9625991821289,157.99939529418944,147.45126754760742
2025-09-22,171.38999938964844,172.2100067138672,170.50999450683594,170.8000030517578,20970704,162.1771990966797,158.34441833496095,147.59221519470213
2025-09-23,173.2899932861328,173.80999755859375,171.1999969482422,171.4499969482422,24533561,162.44619903564453,158.6955421447754,147.74603408813476
2025-09-24,172.66000366210938,174.44000244140625,172.3800048828125,173.16000366210938,20168891,162.6905990600586,159.03372100830077,147.8907420349121
2025-09-25,172.3800048828125,173.85000610351562,171.86000061035156,172.89999389648438,17026549,162.95819915771483,159.34603759765625,148.02808906555177
2025-09-26,167.39999389648438,173.3699951171875,167.1999969482422,172.22000122070312,20157657,163.15959899902344,159.59330963134767,148.13276718139647
2025-09-29,168.97999572753906,170.27999877929688,167.55999755859375,167.60000610351562,16832342,163.34119903564454,159.87915069580077,148.24319541931152
2025-09-30,168.77000427246094,170.14999389648438,168.41000366210938,169.5,24553596,163.46919921875,160.17158905029297,148.35120559692382
2025-10-01,167.50999450683594,169.74000549316406,166.1300048828125,169.0,17542776,163.5589990234375,160.36494415283204,148.4520362854004
2025-10-03,173.2100067138672,174.74000549316406,168.1199951171875,168.1199951171875,55172705,163.76239929199218,160.6367980957031,148.59030853271486
2025-10-06,170.05999755859375,173.47999572753906,169.3000030517578,173.3000030517578,21474004,163.90819915771485,160.81969192504883,148.7184986114502
2025-10-07,171.42999267578125,172.1999969482422,170.39999389648438,170.39999389648438,19189843,164.0671990966797,160.99635040283204,148.8638481903076
2025-10-08,171.94000244140625,173.6300048828125,170.05999755859375,172.0,22662699,164.2773992919922,161.17615463256837,149.01770874023438
2025-10-09,176.4199981689453,177.82000732421875,172.77999877929688,172.7899932861328,68504717,164.61219940185546,161.4005633544922,149.199832611084
2025-10-10,173.86000061035156,176.13999938964844,172.89999389648438,176.0,18085975,164.85559936523438,161.5884274291992,149.3817625427246
2025-10-13,173.02999877929688,173.8000030517578,170.91000366210938,173.0,19386219,165.08899932861328,161.73916381835937,149.55450973510742
2025-10-14,170.50999450683594,176.4499969482422,169.25,174.91000366210938,22082970,165.34039916992188,161.8681204223633,149.72115539550782
2025-10-15,173.24000549316406,174.0,170.11000061035156,170.8300018310547,15031989,165.74499938964843,162.00795989990235,149.90154884338378
2025-10-16,174.0,174.49000549316406,172.22000122070312,173.0,12205250,166.03379943847656,162.15989456176757,150.0928269958496
2025-10-17,172.22000122070312,174.30999755859375,170.99000549316406,173.60000610351562,21659007,166.28579956054688,162.302335357666,150.28512382507324
2025-10-20,171.9499969482422,173.3000030517578,170.82000732421875,173.3000030517578,18049579,166.55159942626952,162.4461804199219,150.47035400390624
2025-10-21,172.77999877929688,173.25,172.10000610351562,172.39999389648438,2471987,166.81379943847656,162.5799540710449,150.66613487243652
2025-10-23,174.16000366210938,176.0800018310547,173.63999938964844,173.89999389648438,31472510,167.1379995727539,162.74804916381837,150.86177993774413
2025-10-24,174.44000244140625,177.35000610351562,173.72000122070312,174.60000610351562,25226376,167.4563995361328,162.9382929992676,151.0579454803467
2025-10-27,176.66000366210938,177.89999389648438,175.52999877929688,175.88999938964844,23832477,167.78639953613282,163.16725158691406,151.29540687561035
2025-10-28,181.80999755859375,182.05999755859375,177.02000427246094,177.35000610351562,59511794,168.21899963378905,163.4395994567871,151.5527548980713
2025-10-29,185.19000244140625,186.94000244140625,182.0500030517578,183.6699981689453,51610530,168.81679962158202,163.7477993774414,151.83061866760255
2025-10-30,184.35000610351562,185.19000244140625,182.63999938964844,184.39999389648438,24270977,169.344599609375,164.01639938354492,152.11752368927003
2025-10-31,182.83999633789062,184.3000030517578,182.1199951171875,184.0,16041321,169.81679962158202,164.27159927368163,152.4090937423706
2025-11-03,182.6699981689453,184.10000610351562,181.8000030517578,182.39999389648438,16652212,170.23179962158204,164.54149932861327,152.721801071167
2025-11-04,179.2899932861328,183.08999633789062,178.89999389648438,183.0,18746387,170.58739959716797,164.77029922485352,152.99806415557862
2025-11-05,179.2899932861328,179.2899932861328,179.2899932861328,179.2899932861328,0,171.00219940185548,165.03429916381836,153.2762816619873
2025-11-06,177.27000427246094,180.6699981689453,176.52000427246094,179.2899932861328,23664538,171.35499938964844,165.28569915771484,153.53814506530762
2025-11-07,181.3699951171875,182.25,175.00999450683594,177.0,19165876,171.88179931640624,165.55769912719725,153.8084398651123
2025-11-10,181.47999572753906,182.50999450683594,180.1999969482422,182.02999877929688,18376132,172.4387991333008,165.8464990234375,154.07254188537598
2025-11-11,181.0399932861328,182.89999389648438,179.02000427246094,182.89999389648438,14109340,172.96999908447265,166.13579895019532,154.34402061462401
2025-11-12,178.61000061035156,182.14999389648438,178.0,181.44000244140625,19037263,173.41879913330078,166.41189895629884,154.60716049194335
2025-11-13,176.64999389648438,184.0,175.10000610351562,184.0,82083661,173.7839990234375,166.65869888305664,154.85341556549074
2025-11-14,174.25999450683594,177.6999969482422,172.1199951171875,177.52000427246094,38345500,173.9121987915039,166.8769989013672,155.09079879760742
2025-11-17,173.1699981689453,175.25,172.6199951171875,175.1300048828125,28204282,174.03939880371092,167.0607989501953,155.33919807434083
2025-11-18,172.4499969482422,173.1199951171875,170.5500030517578,172.39999389648438,34278387,174.13479888916015,167.22139892578124,155.5730037689209
2025-11-19,173.2100067138672,173.89999389648438,172.05999755859375,172.4499969482422,19621610,174.22259887695313,167.3480990600586,155.79995788574217
2025-11-20,172.4600067138672,174.36000061035156,172.25999450683594,174.10000610351562,15968891,174.28879913330078,167.45819915771483,156.0215985107422
2025-11-21,168.0,171.89999389648438,167.6999969482422,171.8000030517578,28412865,174.26019927978516,167.5405992126465,156.203837890625
2025-11-24,165.36000061035156,168.3800048828125,165.17999267578125,168.0,31202769,174.17919921875,167.59359924316405,156.38093925476073
2025-11-25,166.3300018310547,167.27000427246094,165.0800018310547,166.0,19983310,174.11019927978515,167.59809921264647,156.56850952148437
2025-11-26,169.6699981689453,169.9499969482422,166.89999389648438,167.0,15044796,174.11899932861328,167.63569915771484,156.76496215820313
2025-11-27,168.1300048828125,171.0,167.17999267578125,170.4499969482422,17546627,174.0411993408203,167.68689926147462,156.94892646789552
2025-11-28,167.9600067138672,169.0,167.2899932861328,168.1300048828125,11975539,173.97319946289062,167.74249938964843,157.1411289215088
2025-12-01,168.6300048828125,169.64999389648438,167.6999969482422,169.0,11758473,173.90519958496094,167.80909942626954,157.30848876953124
2025-12-02,167.77999877929688,168.85000610351562,167.0,168.42999267578125,15355023,173.8311996459961,167.8968994140625,157.49246208190917
2025-12-03,166.9199981689453,167.99000549316406,165.0,167.77999877929688,18873943,173.74179962158203,167.95949935913086,157.69133754730225
2025-12-04,166.77000427246094,167.97000122070312,166.1999969482422,167.8000030517578,11419966,173.61139984130858,168.02879943847657,157.87886028289796
2025-12-05,167.11000061035156,167.64999389648438,165.0,167.0,33500436,173.50039978027343,168.09549942016602,158.04868534088135
2025-12-08,163.47000122070312,168.1999969482422,163.0,167.08999633789062,15772400,173.32219970703125,168.14019943237304,158.20900760650636
2025-12-09,160.6699981689453,163.38999938964844,160.05999755859375,163.38999938964844,25766371,173.18759979248046,168.17359939575195,158.35620937347412
2025-12-10,162.22999572753906,163.67999267578125,160.80999755859375,161.0,22537548,173.05259979248046,168.1968994140625,158.5099896621704
2025-12-11,166.3800048828125,166.66000366210938,163.1699981689453,163.5,32603566,173.0047998046875,168.23699951171875,158.67855899810792
2025-12-12,171.88999938964844,172.5,167.39999389648438,167.60000610351562,41130927,173.09239990234374,168.3256994628906,158.8635380935669
2025-12-15,172.8699951171875,173.1699981689453,170.5,170.9499969482422,23254201,173.08559967041015,168.42399948120118,159.04012706756592
2025-12-16,169.8300018310547,172.6999969482422,169.25,172.6999969482422,22981935,173.08099975585938,168.4945994567871,159.21671169281007
2025-12-17,170.33999633789062,171.3000030517578,169.66000366210938,170.08999633789062,11624504,173.05919982910157,168.56319946289062,159.39868015289306
2025-12-18,168.1199951171875,170.4499969482422,167.55999755859375,169.9199981689453,13152378,172.98279968261718,168.63009948730468,159.56163326263427
2025-12-19,168.69000244140625,169.6199951171875,167.8300018310547,169.14999389648438,28448892,172.8281997680664,168.72019958496094,159.73471660614013
2025-12-22,169.22000122070312,171.4600067138672,169.0,169.0399932861328,23729300,172.73539978027344,168.7954995727539,159.9037559890747
2025-12-23,170.89999389648438,171.35000610351562,169.25,169.35000610351562,17348078,172.6927996826172,168.89089950561524,160.07743312835694
2025-12-24,170.07000732421875,171.64999389648438,169.6699981689453,171.35000610351562,17430406,172.68399993896483,169.01219955444336,160.21393062591554
2025-12-25,170.07000732421875,170.07000732421875,170.07000732421875,170.07000732421875,0,172.62059997558595,169.1827996826172,160.32922260284423
2025-12-26,169.1199951171875,169.89999389648438,167.82000732421875,169.88999938964844,16904834,172.5229998779297,169.2783996582031,160.43429218292238
2025-12-29,172.3000030517578,174.1300048828125,169.2899932861328,169.50999450683594,48001907,172.52459991455078,169.40519973754883,160.5577536392212
2025-12-30,175.8000030517578,176.35000610351562,170.8000030517578,172.77999877929688,33741158,172.6016000366211,169.5765997314453,160.7001809310913
2025-12-31,180.0800018310547,181.39999389648438,178.5,180.0,50897201,172.74760009765626,169.7806997680664,160.86620693206788
2026-01-01,181.88999938964844,182.1999969482422,180.1999969482422,180.60000610351562,21507757,172.90220001220703,170.02009979248047,161.03844898223878
2026-01-02,182.8800048828125,183.85000610351562,181.60000610351562,182.0,23006840,173.07100006103516,170.26369979858399,161.21109706878661
2026-01-05,185.72000122070312,186.88999938964844,182.8699951171875,182.8800048828125,30646009,173.25220001220703,170.51929977416992,161.39794513702392
2026-01-06,186.1999969482422,187.85000610351562,184.47000122070312,186.0,28514282,173.34,170.77949981689454,161.55401683807372
2026-01-07,183.8000030517578,186.64999389648438,182.89999389648438,186.1999969482422,18231588,173.31220001220703,171.06449981689454,161.6959387588501
