datetime,date,open,high,low,close,volume,MA20,MA50,MA100,MA200
2025-12-18 13:10:00,2025-12-18,21.55,21.55,21.51,21.52,326338.0,,,,
2025-12-18 13:15:00,2025-12-18,21.53,21.53,21.51,21.51,86234.0,,,,
2025-12-18 13:20:00,2025-12-18,21.51,21.52,21.5,21.51,214027.0,,,,
2025-12-18 13:25:00,2025-12-18,21.51,21.51,21.5,21.5,151514.0,,,,
2025-12-18 13:30:00,2025-12-18,21.51,21.51,21.47,21.47,591012.0,,,,
2025-12-18 13:35:00,2025-12-18,21.48,21.48,21.46,21.48,301200.0,,,,
2025-12-18 13:40:00,2025-12-18,21.48,21.48,21.46,21.47,152785.0,,,,
2025-12-18 13:45:00,2025-12-18,21.46,21.48,21.46,21.48,269610.0,,,,
2025-12-18 13:50:00,2025-12-18,21.48,21.5,21.46,21.49,358165.0,,,,
2025-12-18 13:55:00,2025-12-18,21.5,21.5,21.44,21.47,537894.0,,,,
2025-12-18 14:00:00,2025-12-18,21.47,21.47,21.42,21.42,429154.0,,,,
2025-12-18 14:05:00,2025-12-18,21.42,21.44,21.41,21.42,322842.0,,,,
2025-12-18 14:10:00,2025-12-18,21.42,21.43,21.4,21.4,404041.0,,,,
2025-12-18 14:15:00,2025-12-18,21.4,21.43,21.4,21.43,167962.0,,,,
2025-12-18 14:20:00,2025-12-18,21.42,21.44,21.39,21.41,658658.0,,,,
2025-12-18 14:25:00,2025-12-18,21.41,21.41,21.37,21.39,484071.0,,,,
2025-12-18 14:30:00,2025-12-18,21.4,21.46,21.38,21.42,485186.0,,,,
2025-12-18 14:35:00,2025-12-18,21.42,21.45,21.39,21.39,441405.0,,,,
2025-12-18 14:40:00,2025-12-18,21.39,21.41,21.38,21.39,315496.0,,,,
2025-12-18 14:45:00,2025-12-18,21.4,21.42,21.38,21.41,197346.0,21.449,,,
2025-12-18 14:50:00,2025-12-18,21.41,21.42,21.38,21.38,248893.0,21.442,,,
2025-12-18 14:55:00,2025-12-18,21.39,21.41,21.38,21.4,318216.0,21.436500000000002,,,
2025-12-18 15:00:00,2025-12-18,21.4,21.47,21.39,21.46,958993.0,21.434,,,
2025-12-18 15:05:00,2025-12-18,21.47,21.47,21.44,21.45,691069.0,21.4315,,,
2025-12-18 15:10:00,2025-12-18,21.45,21.47,21.45,21.46,737319.0,21.431,,,
2025-12-18 15:15:00,2025-12-18,21.46,21.47,21.44,21.46,1147000.0,21.43,,,
2025-12-18 15:20:00,2025-12-18,21.46,21.47,21.44,21.45,1446000.0,21.429000000000002,,,
2025-12-18 15:25:00,2025-12-18,21.45,21.45,21.4,21.41,1428000.0,21.4255,,,
2025-12-19 09:15:00,2025-12-19,21.45,21.65,21.45,21.58,1908000.0,21.43,,,
2025-12-19 09:20:00,2025-12-19,21.59,21.65,21.57,21.63,1984000.0,21.438000000000002,,,
2025-12-19 09:25:00,2025-12-19,21.63,21.66,21.62,21.66,1157000.0,21.45,,,
2025-12-19 09:30:00,2025-12-19,21.66,21.68,21.61,21.62,657846.0,21.46,,,
2025-12-19 09:35:00,2025-12-19,21.63,21.64,21.55,21.56,961656.0,21.468,,,
2025-12-19 09:40:00,2025-12-19,21.57,21.59,21.56,21.59,314949.0,21.476,,,
2025-12-19 09:45:00,2025-12-19,21.58,21.6,21.57,21.57,454535.0,21.484,,,
2025-12-19 09:50:00,2025-12-19,21.58,21.59,21.56,21.57,631401.0,21.493000000000002,,,
2025-12-19 09:55:00,2025-12-19,21.57,21.57,21.56,21.57,216392.0,21.5005,,,
2025-12-19 10:00:00,2025-12-19,21.57,21.59,21.56,21.58,259255.0,21.509999999999998,,,
2025-12-19 10:05:00,2025-12-19,21.58,21.59,21.51,21.52,1016999.9999999999,21.5165,,,
2025-12-19 10:10:00,2025-12-19,21.54,21.54,21.51,21.53,448583.0,21.5225,,,
2025-12-19 10:15:00,2025-12-19,21.53,21.55,21.52,21.54,268536.0,21.5305,,,
2025-12-19 10:20:00,2025-12-19,21.55,21.56,21.53,21.56,541422.0,21.5385,,,
2025-12-19 10:25:00,2025-12-19,21.56,21.58,21.54,21.57,650544.0,21.544,,,
2025-12-19 10:30:00,2025-12-19,21.57,21.58,21.55,21.57,214175.0,21.55,,,
2025-12-19 10:35:00,2025-12-19,21.57,21.57,21.55,21.57,219708.0,21.555500000000002,,,
2025-12-19 10:40:00,2025-12-19,21.57,21.59,21.56,21.59,256613.99999999997,21.561999999999998,,,
2025-12-19 10:45:00,2025-12-19,21.59,21.59,21.56,21.58,157175.0,21.5685,,,
2025-12-19 10:50:00,2025-12-19,21.57,21.58,21.57,21.57,171334.0,21.576500000000003,,,
2025-12-19 10:55:00,2025-12-19,21.57,21.58,21.56,21.58,117860.0,21.576500000000003,,,
2025-12-19 11:00:00,2025-12-19,21.58,21.58,21.55,21.56,201751.0,21.573,,,
2025-12-19 11:05:00,2025-12-19,21.56,21.56,21.54,21.56,444859.0,21.568,,,
2025-12-19 11:10:00,2025-12-19,21.55,21.56,21.54,21.55,242926.0,21.564500000000002,,,
2025-12-19 11:15:00,2025-12-19,21.55,21.57,21.54,21.56,281189.0,21.5645,,,
2025-12-19 11:20:00,2025-12-19,21.56,21.57,21.55,21.57,158344.0,21.5635,,,
2025-12-19 11:25:00,2025-12-19,21.57,21.57,21.54,21.55,234990.0,21.562499999999996,,,
2025-12-19 11:30:00,2025-12-19,21.55,21.55,21.53,21.54,368351.0,21.561,,,
2025-12-19 11:35:00,2025-12-19,21.54,21.55,21.53,21.54,277020.0,21.5595,,,
2025-12-19 11:40:00,2025-12-19,21.54,21.54,21.51,21.52,410088.0,21.5565,,,
2025-12-19 11:45:00,2025-12-19,21.51,21.52,21.48,21.49,2366000.0,21.555,,,
2025-12-19 11:50:00,2025-12-19,21.48,21.5,21.48,21.5,585461.0,21.5535,,,
2025-12-19 11:55:00,2025-12-19,21.5,21.5,21.48,21.5,299995.0,21.551499999999997,,,
2025-12-19 12:00:00,2025-12-19,21.49,21.5,21.48,21.5,166080.0,21.5485,,,
2025-12-19 12:05:00,2025-12-19,21.5,21.55,21.49,21.54,568935.0,21.546999999999997,,,
2025-12-19 12:10:00,2025-12-19,21.55,21.55,21.49,21.5,665134.0,21.543499999999998,,,
2025-12-19 12:15:00,2025-12-19,21.51,21.53,21.5,21.52,286185.0,21.541,,,
2025-12-19 12:20:00,2025-12-19,21.51,21.56,21.51,21.54,918703.0,21.5385,,,
2025-12-19 12:25:00,2025-12-19,21.54,21.56,21.52,21.56,397176.0,21.537499999999998,,,
2025-12-19 12:30:00,2025-12-19,21.55,21.58,21.54,21.57,560001.0,21.537499999999998,,,
2025-12-19 12:35:00,2025-12-19,21.57,21.57,21.53,21.55,149547.0,21.535999999999998,,,
2025-12-19 12:40:00,2025-12-19,21.55,21.56,21.54,21.56,166923.0,21.535999999999998,,,
2025-12-19 12:45:00,2025-12-19,21.56,21.57,21.54,21.57,324295.0,21.536499999999997,,,
2025-12-19 12:50:00,2025-12-19,21.57,21.57,21.54,21.56,132471.0,21.537,,,
2025-12-19 12:55:00,2025-12-19,21.56,21.56,21.54,21.55,239441.0,21.536499999999997,,,
2025-12-19 13:00:00,2025-12-19,21.56,21.56,21.54,21.56,263464.0,21.535999999999998,,,
2025-12-19 13:05:00,2025-12-19,21.56,21.56,21.53,21.56,282262.0,21.5365,,,
2025-12-19 13:10:00,2025-12-19,21.56,21.56,21.53,21.55,300694.0,21.537,,,
2025-12-19 13:15:00,2025-12-19,21.55,21.57,21.53,21.56,350709.0,21.538,,,
2025-12-19 13:20:00,2025-12-19,21.57,21.57,21.54,21.55,288012.0,21.539499999999997,,,
2025-12-19 13:25:00,2025-12-19,21.56,21.57,21.54,21.56,451716.0,21.543,,,
2025-12-19 13:30:00,2025-12-19,21.56,21.57,21.55,21.57,238276.0,21.5465,,,
2025-12-19 13:35:00,2025-12-19,21.56,21.59,21.56,21.59,605107.0,21.551,,,
2025-12-19 13:40:00,2025-12-19,21.59,21.6,21.57,21.59,413207.0,21.5555,,,
2025-12-19 13:45:00,2025-12-19,21.59,21.6,21.58,21.58,253825.0,21.5575,,,
2025-12-19 13:50:00,2025-12-19,21.59,21.6,21.58,21.59,311830.0,21.562,,,
2025-12-19 13:55:00,2025-12-19,21.59,21.6,21.58,21.58,324929.0,21.564999999999998,,,
2025-12-19 14:00:00,2025-12-19,21.59,21.6,21.58,21.6,333675.0,21.568,,,
2025-12-19 14:05:00,2025-12-19,21.6,21.63,21.58,21.61,682491.0,21.570500000000003,,,
2025-12-19 14:10:00,2025-12-19,21.62,21.62,21.59,21.6,551231.0,21.572,,,
2025-12-19 14:15:00,2025-12-19,21.59,21.61,21.59,21.59,377519.0,21.574,,,
2025-12-19 14:20:00,2025-12-19,21.6,21.61,21.59,21.61,316098.0,21.576500000000003,,,
2025-12-19 14:25:00,2025-12-19,21.61,21.61,21.57,21.58,622575.0,21.577,,,
2025-12-19 14:30:00,2025-12-19,21.57,21.59,21.56,21.58,407442.0,21.578,,,
2025-12-19 14:35:00,2025-12-19,21.58,21.59,21.57,21.57,319104.0,21.579,,,
2025-12-19 14:40:00,2025-12-19,21.58,21.61,21.57,21.61,1789000.0,21.5815,,,
2025-12-19 14:45:00,2025-12-19,21.61,21.67,21.6,21.65,1456000.0,21.586,,,
2025-12-19 14:50:00,2025-12-19,21.66,21.67,21.62,21.64,896632.0,21.5905,,,
2025-12-19 14:55:00,2025-12-19,21.65,21.67,21.64,21.65,856395.0,21.595,,,
2025-12-19 15:00:00,2025-12-19,21.65,21.68,21.62,21.66,7922000.0,21.6005,,,
2025-12-19 15:05:00,2025-12-19,21.66,21.75,21.65,21.73,9855000.0,21.609,,,
2025-12-19 15:10:00,2025-12-19,21.74,21.75,21.7,21.74,7593000.0,21.6175,,,
2025-12-19 15:15:00,2025-12-19,21.75,21.75,21.71,21.72,7903000.0,21.624000000000002,,,
2025-12-19 15:20:00,2025-12-19,21.73,21.76,21.7,21.73,11086000.0,21.631,,,
2025-12-19 15:25:00,2025-12-19,21.73,21.74,21.7,21.72,6759000.0,21.637999999999998,,,
2025-12-22 09:15:00,2025-12-22,21.78,21.83,21.7,21.81,3085000.0,21.649,,,
2025-12-22 09:20:00,2025-12-22,21.8,21.86,21.79,21.83,1570000.0,21.6615,,,
2025-12-22 09:25:00,2025-12-22,21.83,21.85,21.8,21.84,565144.0,21.673499999999997,,,
2025-12-22 09:30:00,2025-12-22,21.84,21.84,21.78,21.8,830229.0,21.683,,,
2025-12-22 09:35:00,2025-12-22,21.8,21.81,21.76,21.76,723679.0,21.691,,,
2025-12-22 09:40:00,2025-12-22,21.77,21.77,21.75,21.77,432141.0,21.7,,,
2025-12-22 09:45:00,2025-12-22,21.77,21.82,21.76,21.8,613212.0,21.7095,,,
2025-12-22 09:50:00,2025-12-22,21.79,21.81,21.78,21.81,361879.0,21.720999999999997,,,
2025-12-22 09:55:00,2025-12-22,21.81,21.83,21.79,21.83,459091.0,21.7335,,,
2025-12-22 10:00:00,2025-12-22,21.83,21.83,21.8,21.82,200939.0,21.746000000000002,,,
2025-12-22 10:05:00,2025-12-22,21.82,21.82,21.79,21.8,339299.0,21.7555,,,
2025-12-22 10:10:00,2025-12-22,21.8,21.81,21.79,21.81,236712.0,21.7635,,,
2025-12-22 10:15:00,2025-12-22,21.81,21.82,21.8,21.81,265067.0,21.772,,,
2025-12-22 10:20:00,2025-12-22,21.82,21.82,21.79,21.8,934351.0,21.7795,,,
2025-12-22 10:25:00,2025-12-22,21.8,21.82,21.79,21.8,980329.0,21.786499999999997,,,
2025-12-22 10:30:00,2025-12-22,21.8,21.8,21.75,21.77,1387000.0,21.7885,,,
2025-12-22 10:35:00,2025-12-22,21.78,21.79,21.76,21.78,353215.0,21.7905,,,
2025-12-22 10:40:00,2025-12-22,21.79,21.8,21.78,21.78,248764.0,21.7935,,,
2025-12-22 10:45:00,2025-12-22,21.79,21.79,21.78,21.79,192239.0,21.7965,,,
2025-12-22 10:50:00,2025-12-22,21.79,21.8,21.78,21.8,429300.0,21.8005,,,
2025-12-22 10:55:00,2025-12-22,21.8,21.81,21.77,21.8,754351.0,21.8,,,
2025-12-22 11:00:00,2025-12-22,21.81,21.81,21.8,21.81,358491.0,21.799,,,
2025-12-22 11:05:00,2025-12-22,21.81,21.81,21.8,21.81,446293.0,21.797500000000003,,,
2025-12-22 11:10:00,2025-12-22,21.81,21.81,21.79,21.8,468162.0,21.7975,,,
2025-12-22 11:15:00,2025-12-22,21.8,21.8,21.79,21.79,237347.0,21.799,,,
2025-12-22 11:20:00,2025-12-22,21.8,21.8,21.79,21.8,335021.0,21.8005,,,
2025-12-22 11:25:00,2025-12-22,21.8,21.8,21.77,21.78,336960.0,21.799500000000002,,,
2025-12-22 11:30:00,2025-12-22,21.78,21.78,21.77,21.77,259503.0,21.797500000000003,,,
2025-12-22 11:35:00,2025-12-22,21.78,21.78,21.77,21.77,185968.0,21.7945,,,
2025-12-22 11:40:00,2025-12-22,21.77,21.78,21.77,21.77,550233.0,21.791999999999998,,,
2025-12-22 11:45:00,2025-12-22,21.78,21.79,21.77,21.77,276652.0,21.790499999999998,,,
2025-12-22 11:50:00,2025-12-22,21.78,21.82,21.77,21.81,1036999.9999999999,21.7905,,,
2025-12-22 11:55:00,2025-12-22,21.8,21.82,21.79,21.8,216770.0,21.79,,,
2025-12-22 12:00:00,2025-12-22,21.79,21.8,21.78,21.78,410208.0,21.789,,,
2025-12-22 12:05:00,2025-12-22,21.78,21.8,21.78,21.8,339117.0,21.789,,,
2025-12-22 12:10:00,2025-12-22,21.8,21.8,21.77,21.78,340316.0,21.7895,,,
2025-12-22 12:15:00,2025-12-22,21.77,21.78,21.77,21.77,136412.0,21.788999999999998,,,
2025-12-22 12:20:00,2025-12-22,21.78,21.78,21.77,21.78,324113.0,21.789,,,
2025-12-22 12:25:00,2025-12-22,21.77,21.78,21.75,21.76,706283.0,21.7875,,,
2025-12-22 12:30:00,2025-12-22,21.76,21.76,21.75,21.76,177282.0,21.7855,,,
2025-12-22 12:35:00,2025-12-22,21.76,21.76,21.75,21.75,264567.0,21.782999999999998,,,
2025-12-22 12:40:00,2025-12-22,21.76,21.77,21.75,21.75,223288.0,21.779999999999998,,,
2025-12-22 12:45:00,2025-12-22,21.76,21.76,21.72,21.74,985759.0,21.7765,,,
2025-12-22 12:50:00,2025-12-22,21.73,21.74,21.73,21.73,221217.0,21.773000000000003,,,
2025-12-22 12:55:00,2025-12-22,21.73,21.74,21.73,21.73,306636.0,21.77,,,
2025-12-22 13:00:00,2025-12-22,21.74,21.76,21.73,21.76,313438.0,21.768,,,
2025-12-22 13:05:00,2025-12-22,21.75,21.76,21.74,21.76,188480.0,21.767000000000003,,,
2025-12-22 13:10:00,2025-12-22,21.75,21.76,21.75,21.76,98669.0,21.7665,,,
2025-12-22 13:15:00,2025-12-22,21.76,21.76,21.75,21.75,44260.0,21.7655,,,
2025-12-22 13:20:00,2025-12-22,21.76,21.76,21.75,21.75,176555.0,21.7645,,,
2025-12-22 13:25:00,2025-12-22,21.76,21.76,21.75,21.76,209825.0,21.764,,,
2025-12-22 13:30:00,2025-12-22,21.76,21.79,21.74,21.79,637173.0,21.763,,,
2025-12-22 13:35:00,2025-12-22,21.79,21.79,21.75,21.77,291360.0,21.7615,,,
2025-12-22 13:40:00,2025-12-22,21.77,21.77,21.75,21.77,546006.0,21.761,,,
2025-12-22 13:45:00,2025-12-22,21.77,21.77,21.76,21.76,74530.0,21.759,,,
2025-12-22 13:50:00,2025-12-22,21.77,21.77,21.76,21.77,122179.0,21.7585,,,
2025-12-22 13:55:00,2025-12-22,21.76,21.78,21.76,21.77,199409.0,21.7585,,,
2025-12-22 14:00:00,2025-12-22,21.77,21.78,21.75,21.78,339270.0,21.7585,,,
2025-12-22 14:05:00,2025-12-22,21.78,21.78,21.76,21.76,226929.0,21.7585,,,
2025-12-22 14:10:00,2025-12-22,21.76,21.77,21.74,21.76,267421.0,21.7585,,,
2025-12-22 14:15:00,2025-12-22,21.76,21.76,21.74,21.75,157002.0,21.7585,,,
2025-12-22 14:20:00,2025-12-22,21.76,21.76,21.74,21.75,123626.0,21.7585,,,
2025-12-22 14:25:00,2025-12-22,21.76,21.77,21.75,21.76,375922.0,21.7595,,,
2025-12-22 14:30:00,2025-12-22,21.77,21.77,21.75,21.76,243931.0,21.761000000000003,,,
2025-12-22 14:35:00,2025-12-22,21.76,21.77,21.75,21.77,322220.0,21.763,,,
2025-12-22 14:40:00,2025-12-22,21.77,21.77,21.75,21.76,682933.0,21.762999999999998,,,
2025-12-22 14:45:00,2025-12-22,21.76,21.77,21.75,21.76,156051.0,21.762999999999998,,,
2025-12-22 14:50:00,2025-12-22,21.76,21.77,21.75,21.76,157140.0,21.762999999999998,,,
2025-12-22 14:55:00,2025-12-22,21.76,21.77,21.75,21.76,226218.0,21.7635,,,
2025-12-22 15:00:00,2025-12-22,21.76,21.79,21.76,21.79,1140000.0,21.7655,,,
2025-12-22 15:05:00,2025-12-22,21.78,21.79,21.78,21.79,886596.0,21.767000000000003,,,
2025-12-22 15:10:00,2025-12-22,21.78,21.8,21.78,21.8,1590000.0,21.767500000000002,,,
2025-12-22 15:15:00,2025-12-22,21.79,21.8,21.77,21.78,1886000.0,21.768,,,
2025-12-22 15:20:00,2025-12-22,21.77,21.8,21.77,21.79,1969000.0,21.769000000000002,,,
2025-12-22 15:25:00,2025-12-22,21.8,21.81,21.74,21.78,2320000.0,21.77,,,
2025-12-23 09:15:00,2025-12-23,21.78,21.83,21.76,21.8,2229000.0,21.7715,,,
2025-12-23 09:20:00,2025-12-23,21.81,21.87,21.79,21.81,1644000.0,21.773500000000002,,,
2025-12-23 09:25:00,2025-12-23,21.8,21.82,21.78,21.78,585774.0,21.773500000000002,,,
2025-12-23 09:30:00,2025-12-23,21.8,21.8,21.74,21.75,1044000.0,21.773000000000003,,,
2025-12-23 09:35:00,2025-12-23,21.75,21.76,21.71,21.74,914887.0,21.772,,,
2025-12-23 09:40:00,2025-12-23,21.74,21.75,21.66,21.66,1417000.0,21.767500000000002,,,
2025-12-23 09:45:00,2025-12-23,21.67,21.7,21.65,21.69,575426.0,21.7645,,,
2025-12-23 09:50:00,2025-12-23,21.7,21.74,21.69,21.72,764773.0,21.7625,,,
2025-12-23 09:55:00,2025-12-23,21.73,21.8,21.72,21.79,972257.0,21.764000000000003,,,
2025-12-23 10:00:00,2025-12-23,21.79,21.8,21.78,21.79,347725.0,21.765,,,
2025-12-23 10:05:00,2025-12-23,21.79,21.8,21.78,21.79,327122.0,21.7665,,,
2025-12-23 10:10:00,2025-12-23,21.79,21.85,21.78,21.83,1178000.0,21.770000000000003,,,
2025-12-23 10:15:00,2025-12-23,21.83,21.84,21.79,21.81,445632.0,21.7725,,,
2025-12-23 10:20:00,2025-12-23,21.8,21.82,21.78,21.78,527074.0,21.7735,,,
2025-12-23 10:25:00,2025-12-23,21.79,21.81,21.78,21.79,310428.0,21.773500000000002,,,
2025-12-23 10:30:00,2025-12-23,21.8,21.8,21.78,21.79,269603.0,21.7735,,,
2025-12-23 10:35:00,2025-12-23,21.79,21.79,21.75,21.77,941466.0,21.772,,,
2025-12-23 10:40:00,2025-12-23,21.77,21.77,21.76,21.77,214507.0,21.7715,,,
2025-12-23 10:45:00,2025-12-23,21.77,21.77,21.76,21.77,206041.0,21.7705,,,
2025-12-23 10:50:00,2025-12-23,21.77,21.79,21.76,21.77,207777.0,21.77,,,
2025-12-23 10:55:00,2025-12-23,21.78,21.79,21.76,21.77,192956.0,21.7685,,,
2025-12-23 11:00:00,2025-12-23,21.78,21.79,21.73,21.75,674913.0,21.7655,,,
2025-12-23 11:05:00,2025-12-23,21.75,21.77,21.75,21.76,137758.0,21.764499999999998,,,
2025-12-23 11:10:00,2025-12-23,21.77,21.82,21.77,21.81,674328.0,21.7675,,,
2025-12-23 11:15:00,2025-12-23,21.81,21.81,21.8,21.8,186285.0,21.770500000000002,,,
2025-12-23 11:20:00,2025-12-23,21.81,21.83,21.8,21.81,485073.0,21.778,,,
2025-12-23 11:25:00,2025-12-23,21.81,21.81,21.78,21.79,373387.0,21.782999999999998,,,
2025-12-23 11:30:00,2025-12-23,21.79,21.79,21.77,21.78,99093.0,21.786,,,
2025-12-23 11:35:00,2025-12-23,21.78,21.79,21.75,21.77,282710.0,21.785,,,
2025-12-23 11:40:00,2025-12-23,21.78,21.78,21.76,21.77,244184.0,21.784,,,
2025-12-23 11:45:00,2025-12-23,21.78,21.78,21.75,21.76,367715.0,21.782500000000002,,,
2025-12-23 11:50:00,2025-12-23,21.77,21.78,21.76,21.76,79896.0,21.779,,,
2025-12-23 11:55:00,2025-12-23,21.78,21.8,21.76,21.8,477470.0,21.7785,,,
2025-12-23 12:00:00,2025-12-23,21.8,21.82,21.78,21.8,760327.0,21.7795,,,
2025-12-23 12:05:00,2025-12-23,21.81,21.82,21.79,21.79,336687.0,21.7795,,,
2025-12-23 12:10:00,2025-12-23,21.8,21.81,21.79,21.8,395184.0,21.78,,,
2025-12-23 12:15:00,2025-12-23,21.8,21.8,21.79,21.79,134306.0,21.781,,,
2025-12-23 12:20:00,2025-12-23,21.8,21.8,21.79,21.79,263396.0,21.782,,,
2025-12-23 12:25:00,2025-12-23,21.8,21.86,21.79,21.85,1732000.0,21.786,,,
2025-12-23 12:30:00,2025-12-23,21.85,21.85,21.82,21.84,145183.0,21.7895,,,
2025-12-23 12:35:00,2025-12-23,21.83,21.84,21.81,21.82,102553.0,21.791999999999998,,,
2025-12-23 12:40:00,2025-12-23,21.82,21.82,21.8,21.81,208321.0,21.794999999999998,,,
2025-12-23 12:45:00,2025-12-23,21.81,21.86,21.8,21.85,1134000.0,21.799500000000002,,,
2025-12-23 12:50:00,2025-12-23,21.85,21.85,21.83,21.85,181743.0,21.801499999999997,,,
2025-12-23 12:55:00,2025-12-23,21.85,21.85,21.83,21.83,276878.0,21.803,,,
2025-12-23 13:00:00,2025-12-23,21.84,21.85,21.83,21.84,242529.0,21.804499999999997,,,
2025-12-23 13:05:00,2025-12-23,21.84,21.84,21.83,21.84,73029.0,21.807000000000002,,,
2025-12-23 13:10:00,2025-12-23,21.83,21.84,21.83,21.83,79819.0,21.8095,,,
2025-12-23 13:15:00,2025-12-23,21.84,21.85,21.83,21.83,533892.0,21.8125,,,
2025-12-23 13:20:00,2025-12-23,21.84,21.85,21.82,21.83,655899.0,21.8155,,,
2025-12-23 13:25:00,2025-12-23,21.84,21.84,21.82,21.83,100391.0,21.819,,,
2025-12-23 13:30:00,2025-12-23,21.83,21.84,21.83,21.84,194356.0,21.823,,,
2025-12-23 13:35:00,2025-12-23,21.84,21.84,21.83,21.83,147696.0,21.824499999999997,,,
2025-12-23 13:40:00,2025-12-23,21.84,21.85,21.83,21.84,541539.0,21.826500000000003,,,
2025-12-23 13:45:00,2025-12-23,21.84,21.85,21.83,21.83,218204.0,21.8285,,,
2025-12-23 13:50:00,2025-12-23,21.84,21.85,21.8,21.81,787125.0,21.829,,,
2025-12-23 13:55:00,2025-12-23,21.82,21.84,21.81,21.83,269133.0,21.830999999999996,,,
2025-12-23 14:00:00,2025-12-23,21.84,21.84,21.82,21.84,135443.0,21.8335,,,
2025-12-23 14:05:00,2025-12-23,21.84,21.84,21.82,21.83,120181.0,21.8325,,,
2025-12-23 14:10:00,2025-12-23,21.83,21.83,21.82,21.83,88989.0,21.832,,,
2025-12-23 14:15:00,2025-12-23,21.83,21.83,21.81,21.82,205171.0,21.832,,,
2025-12-23 14:20:00,2025-12-23,21.83,21.83,21.82,21.82,195770.0,21.8325,,,
2025-12-23 14:25:00,2025-12-23,21.83,21.83,21.78,21.78,693728.0,21.829,,,
2025-12-23 14:30:00,2025-12-23,21.8,21.8,21.77,21.78,238654.0,21.825499999999998,,,
2025-12-23 14:35:00,2025-12-23,21.78,21.79,21.77,21.78,738991.0,21.823,,,
2025-12-23 14:40:00,2025-12-23,21.79,21.79,21.73,21.73,987384.0,21.817500000000003,,,
2025-12-23 14:45:00,2025-12-23,21.74,21.75,21.72,21.73,612749.0,21.811999999999998,,,
2025-12-23 14:50:00,2025-12-23,21.74,21.75,21.71,21.75,1289000.0,21.808,,,
2025-12-23 14:55:00,2025-12-23,21.73,21.75,21.73,21.75,330653.0,21.804,,,
2025-12-23 15:00:00,2025-12-23,21.74,21.77,21.74,21.76,592131.0,21.8005,,,
2025-12-23 15:05:00,2025-12-23,21.75,21.76,21.74,21.75,869785.0,21.796499999999998,,,
2025-12-23 15:10:00,2025-12-23,21.75,21.75,21.73,21.75,1116000.0,21.791999999999998,,,
2025-12-23 15:15:00,2025-12-23,21.75,21.75,21.72,21.73,1323000.0,21.787,,,
2025-12-23 15:20:00,2025-12-23,21.74,21.75,21.73,21.75,1446000.0,21.7825,,,
2025-12-23 15:25:00,2025-12-23,21.75,21.77,21.72,21.74,1651000.0,21.778,,,
2025-12-24 09:15:00,2025-12-24,21.73,21.81,21.72,21.78,2801000.0,21.7765,,,
2025-12-24 09:20:00,2025-12-24,21.8,21.83,21.78,21.78,903790.0,21.774,,,
2025-12-24 09:25:00,2025-12-24,21.78,21.85,21.77,21.84,1447000.0,21.773999999999997,,,
2025-12-24 09:30:00,2025-12-24,21.84,21.88,21.82,21.85,1332000.0,21.775,,,
2025-12-24 09:35:00,2025-12-24,21.85,21.85,21.8,21.81,1538000.0,21.774,,,
2025-12-24 09:40:00,2025-12-24,21.81,21.86,21.78,21.86,1194000.0,21.776000000000003,,,
2025-12-24 09:45:00,2025-12-24,21.87,21.87,21.84,21.85,868487.0,21.7775,,,
2025-12-24 09:50:00,2025-12-24,21.86,21.87,21.85,21.85,940280.0,21.781,,,
2025-12-24 09:55:00,2025-12-24,21.85,21.86,21.82,21.83,728945.0,21.7835,,,
2025-12-24 10:00:00,2025-12-24,21.83,21.85,21.82,21.85,481135.0,21.787,,,
2025-12-24 10:05:00,2025-12-24,21.85,21.87,21.83,21.87,407926.0,21.794,,,
2025-12-24 10:10:00,2025-12-24,21.87,21.89,21.86,21.88,797042.0,21.8015,,,
2025-12-24 10:15:00,2025-12-24,21.89,21.93,21.88,21.93,1885000.0,21.8105,,,
2025-12-24 10:20:00,2025-12-24,21.92,21.94,21.91,21.93,750129.0,21.8195,,,
2025-12-24 10:25:00,2025-12-24,21.92,21.94,21.91,21.94,634075.0,21.828500000000002,,,
2025-12-24 10:30:00,2025-12-24,21.94,21.94,21.92,21.93,867077.0,21.8375,,,
2025-12-24 10:35:00,2025-12-24,21.94,21.95,21.92,21.93,885228.0,21.8465,,,
2025-12-24 10:40:00,2025-12-24,21.93,21.93,21.88,21.89,495059.0,21.8545,,,
2025-12-24 10:45:00,2025-12-24,21.88,21.9,21.87,21.89,786055.0,21.8615,,,
2025-12-24 10:50:00,2025-12-24,21.87,21.88,21.85,21.87,410274.0,21.868000000000002,,,
2025-12-24 10:55:00,2025-12-24,21.87,21.92,21.86,21.89,628830.0,21.8735,,,
2025-12-24 11:00:00,2025-12-24,21.9,21.91,21.88,21.9,444650.0,21.8795,,,
2025-12-24 11:05:00,2025-12-24,21.89,21.91,21.89,21.89,391212.0,21.882,,,
2025-12-24 11:10:00,2025-12-24,21.9,21.91,21.88,21.89,285012.0,21.884,,,
2025-12-24 11:15:00,2025-12-24,21.89,21.92,21.88,21.91,494728.0,21.889,,,
2025-12-24 11:20:00,2025-12-24,21.9,21.93,21.9,21.9,398272.0,21.891,,,
2025-12-24 11:25:00,2025-12-24,21.92,21.92,21.9,21.9,180881.0,21.8935,,,
2025-12-24 11:30:00,2025-12-24,21.9,21.91,21.9,21.9,161341.0,21.896,,,
2025-12-24 11:35:00,2025-12-24,21.91,21.91,21.89,21.91,270334.0,21.9,,,
2025-12-24 11:40:00,2025-12-24,21.91,21.91,21.85,21.87,753217.0,21.901,,,
2025-12-24 11:45:00,2025-12-24,21.87,21.87,21.84,21.85,889218.0,21.9,,,
2025-12-24 11:50:00,2025-12-24,21.85,21.86,21.83,21.83,322976.0,21.8975,,,
2025-12-24 11:55:00,2025-12-24,21.84,21.87,21.83,21.87,463168.0,21.8945,,,
2025-12-24 12:00:00,2025-12-24,21.87,21.88,21.86,21.88,240745.0,21.892,,,
2025-12-24 12:05:00,2025-12-24,21.87,21.88,21.85,21.87,235573.0,21.8885,,,
2025-12-24 12:10:00,2025-12-24,21.85,21.87,21.85,21.86,99928.0,21.885,,,
2025-12-24 12:15:00,2025-12-24,21.85,21.87,21.85,21.85,154746.0,21.881,,,
2025-12-24 12:20:00,2025-12-24,21.86,21.87,21.83,21.85,361304.0,21.878999999999998,,,
2025-12-24 12:25:00,2025-12-24,21.85,21.86,21.84,21.86,215099.0,21.8775,,,
2025-12-24 12:30:00,2025-12-24,21.86,21.86,21.84,21.86,229425.0,21.877,,,
2025-12-24 12:35:00,2025-12-24,21.86,21.86,21.81,21.82,1056000.0,21.8735,,,
2025-12-24 12:40:00,2025-12-24,21.82,21.83,21.8,21.82,254143.0,21.869500000000002,,,
2025-12-24 12:45:00,2025-12-24,21.81,21.84,21.81,21.82,257700.0,21.866,,,
2025-12-24 12:50:00,2025-12-24,21.82,21.83,21.8,21.81,248704.0,21.862000000000002,,,
2025-12-24 12:55:00,2025-12-24,21.8,21.82,21.8,21.81,220599.0,21.857000000000003,,,
2025-12-24 13:00:00,2025-12-24,21.82,21.82,21.8,21.8,481210.0,21.851999999999997,,,
2025-12-24 13:05:00,2025-12-24,21.8,21.81,21.77,21.78,464220.0,21.846,,,
2025-12-24 13:10:00,2025-12-24,21.77,21.8,21.77,21.8,473479.0,21.841,,,
2025-12-24 13:15:00,2025-12-24,21.8,21.8,21.76,21.76,332528.0,21.8335,,,
2025-12-24 13:20:00,2025-12-24,21.77,21.78,21.76,21.78,320921.0,21.829,,,
2025-12-24 13:25:00,2025-12-24,21.76,21.78,21.75,21.78,659433.0,21.825499999999998,,,
2025-12-24 13:30:00,2025-12-24,21.78,21.78,21.73,21.75,814407.0,21.8215,,,
2025-12-24 13:35:00,2025-12-24,21.77,21.77,21.75,21.77,213516.0,21.816499999999998,,,
2025-12-24 13:40:00,2025-12-24,21.75,21.77,21.75,21.76,152257.0,21.8105,,,
2025-12-24 13:45:00,2025-12-24,21.77,21.78,21.75,21.77,499388.0,21.805500000000002,,,
2025-12-24 13:50:00,2025-12-24,21.77,21.78,21.75,21.77,355038.0,21.801,,,
2025-12-24 13:55:00,2025-12-24,21.77,21.77,21.74,21.75,320885.0,21.796,,,
2025-12-24 14:00:00,2025-12-24,21.75,21.76,21.71,21.72,908908.0,21.7895,,,
2025-12-24 14:05:00,2025-12-24,21.73,21.73,21.71,21.72,367519.0,21.7825,,,
2025-12-24 14:10:00,2025-12-24,21.72,21.73,21.71,21.72,517854.00000000006,21.7755,,,
2025-12-24 14:15:00,2025-12-24,21.72,21.74,21.72,21.72,296115.0,21.7705,,,
2025-12-24 14:20:00,2025-12-24,21.74,21.74,21.72,21.73,80495.0,21.766,,,
2025-12-24 14:25:00,2025-12-24,21.72,21.73,21.71,21.72,235343.0,21.761,,,
2025-12-24 14:30:00,2025-12-24,21.71,21.72,21.71,21.72,272534.0,21.7565,,,
2025-12-24 14:35:00,2025-12-24,21.71,21.72,21.7,21.71,589039.0,21.7515,,,
2025-12-24 14:40:00,2025-12-24,21.71,21.72,21.71,21.72,541050.0,21.747500000000002,,,
2025-12-24 14:45:00,2025-12-24,21.72,21.73,21.71,21.72,356695.0,21.7445,,,
2025-12-24 14:50:00,2025-12-24,21.72,21.73,21.71,21.71,238853.0,21.740000000000002,,,
2025-12-24 14:55:00,2025-12-24,21.71,21.72,21.71,21.71,202765.0,21.7375,,,
2025-12-24 15:00:00,2025-12-24,21.72,21.76,21.7,21.72,1339000.0,21.7345,,,
2025-12-24 15:05:00,2025-12-24,21.7,21.72,21.69,21.69,691035.0,21.73,,,
2025-12-24 15:10:00,2025-12-24,21.69,21.7,21.67,21.68,1044999.9999999999,21.726499999999998,,,
2025-12-24 15:15:00,2025-12-24,21.69,21.69,21.67,21.68,1346000.0,21.722,,,
2025-12-24 15:20:00,2025-12-24,21.68,21.7,21.67,21.67,920368.0,21.717499999999998,,,
2025-12-24 15:25:00,2025-12-24,21.68,21.68,21.66,21.68,928935.0,21.713,,,
2025-12-26 09:15:00,2025-12-26,21.67,21.71,21.61,21.66,3107000.0,21.7075,,,
2025-12-26 09:20:00,2025-12-26,21.67,21.68,21.65,21.67,1637000.0,21.7035,,,
2025-12-26 09:25:00,2025-12-26,21.66,21.67,21.64,21.65,1176000.0,21.7,,,
2025-12-26 09:30:00,2025-12-26,21.66,21.66,21.62,21.63,675155.0,21.695500000000003,,,
2025-12-26 09:35:00,2025-12-26,21.64,21.65,21.63,21.65,501434.0,21.692,,,
2025-12-26 09:40:00,2025-12-26,21.65,21.65,21.62,21.64,414886.0,21.688,,,
2025-12-26 09:45:00,2025-12-26,21.65,21.68,21.64,21.67,441869.0,21.685,,,
2025-12-26 09:50:00,2025-12-26,21.67,21.68,21.64,21.65,841659.0,21.6815,,,
2025-12-26 09:55:00,2025-12-26,21.66,21.73,21.65,21.72,755622.0,21.6815,,,
2025-12-26 10:00:00,2025-12-26,21.72,21.72,21.64,21.68,2252000.0,21.68,,,
2025-12-26 10:05:00,2025-12-26,21.68,21.69,21.66,21.67,858116.0,21.6775,,,
2025-12-26 10:10:00,2025-12-26,21.67,21.68,21.66,21.67,342645.0,21.675,,,
2025-12-26 10:15:00,2025-12-26,21.67,21.68,21.66,21.67,206550.0,21.673,,,
2025-12-26 10:20:00,2025-12-26,21.66,21.68,21.65,21.65,388365.0,21.669999999999998,,,
2025-12-26 10:25:00,2025-12-26,21.67,21.67,21.64,21.65,511596.0,21.666500000000003,,,
2025-12-26 10:30:00,2025-12-26,21.65,21.67,21.64,21.65,234692.0,21.664499999999997,,,
2025-12-26 10:35:00,2025-12-26,21.65,21.66,21.64,21.65,211766.0,21.663,,,
2025-12-26 10:40:00,2025-12-26,21.66,21.68,21.63,21.66,760274.0,21.662,,,
2025-12-26 10:45:00,2025-12-26,21.66,21.66,21.64,21.64,123524.0,21.6605,,,
2025-12-26 10:50:00,2025-12-26,21.64,21.65,21.64,21.65,116493.0,21.659,,,
2025-12-26 10:55:00,2025-12-26,21.65,21.65,21.62,21.62,300920.0,21.657000000000004,,,
2025-12-26 11:00:00,2025-12-26,21.63,21.65,21.62,21.64,223461.0,21.6555,,,
2025-12-26 11:05:00,2025-12-26,21.65,21.66,21.62,21.65,315392.0,21.655499999999996,,,
2025-12-26 11:10:00,2025-12-26,21.65,21.65,21.62,21.63,466727.0,21.655499999999996,,,
2025-12-26 11:15:00,2025-12-26,21.64,21.64,21.61,21.62,236139.0,21.654,,,
2025-12-26 11:20:00,2025-12-26,21.63,21.63,21.61,21.61,418788.0,21.6525,,,
2025-12-26 11:25:00,2025-12-26,21.61,21.63,21.61,21.61,202021.0,21.6495,,,
2025-12-26 11:30:00,2025-12-26,21.62,21.62,21.61,21.61,109460.0,21.6475,,,
2025-12-26 11:35:00,2025-12-26,21.61,21.64,21.61,21.63,260611.0,21.643,,,
2025-12-26 11:40:00,2025-12-26,21.64,21.64,21.62,21.62,292043.0,21.639999999999997,,,
2025-12-26 11:45:00,2025-12-26,21.63,21.64,21.61,21.62,274082.0,21.6375,,,
2025-12-26 11:50:00,2025-12-26,21.63,21.64,21.62,21.64,198816.0,21.636000000000003,,,
2025-12-26 11:55:00,2025-12-26,21.64,21.65,21.63,21.63,405657.0,21.634,,,
2025-12-26 12:00:00,2025-12-26,21.63,21.64,21.6,21.62,408728.0,21.6325,,,
2025-12-26 12:05:00,2025-12-26,21.61,21.62,21.6,21.62,171619.0,21.631,,,
2025-12-26 12:10:00,2025-12-26,21.62,21.64,21.61,21.62,162811.0,21.6295,,,
2025-12-26 12:15:00,2025-12-26,21.63,21.64,21.62,21.62,107032.0,21.628000000000004,,,
2025-12-26 12:20:00,2025-12-26,21.63,21.63,21.62,21.63,93402.0,21.6265,,,
2025-12-26 12:25:00,2025-12-26,21.63,21.63,21.61,21.62,147598.0,21.6255,,,
2025-12-26 12:30:00,2025-12-26,21.63,21.63,21.61,21.63,159732.0,21.6245,,,
2025-12-26 12:35:00,2025-12-26,21.63,21.63,21.6,21.61,355595.0,21.624,,,
2025-12-26 12:40:00,2025-12-26,21.6,21.62,21.6,21.61,110983.0,21.6225,,,
2025-12-26 12:45:00,2025-12-26,21.62,21.62,21.6,21.62,168785.0,21.621000000000002,,,
2025-12-26 12:50:00,2025-12-26,21.62,21.62,21.61,21.61,141416.0,21.62,,,
2025-12-26 12:55:00,2025-12-26,21.62,21.62,21.6,21.62,114412.0,21.62,,,
2025-12-26 13:00:00,2025-12-26,21.62,21.62,21.6,21.62,69919.0,21.6205,,,
2025-12-26 13:05:00,2025-12-26,21.62,21.62,21.56,21.58,792700.0,21.619,,,
2025-12-26 13:10:00,2025-12-26,21.58,21.59,21.55,21.56,506189.0,21.6165,,,
2025-12-26 13:15:00,2025-12-26,21.56,21.56,21.55,21.56,333109.0,21.613,,,
2025-12-26 13:20:00,2025-12-26,21.55,21.57,21.55,21.57,260853.99999999997,21.6105,,,
2025-12-26 13:25:00,2025-12-26,21.57,21.61,21.56,21.6,157909.0,21.609500000000004,,,
2025-12-26 13:30:00,2025-12-26,21.59,21.6,21.57,21.57,139707.0,21.606,,,
2025-12-26 13:35:00,2025-12-26,21.58,21.59,21.57,21.58,83199.0,21.6035,,,
2025-12-26 13:40:00,2025-12-26,21.59,21.59,21.56,21.58,272733.0,21.601499999999998,,,
2025-12-26 13:45:00,2025-12-26,21.59,21.59,21.57,21.58,114766.0,21.5995,,,
2025-12-26 13:50:00,2025-12-26,21.58,21.59,21.57,21.59,143139.0,21.598,,,
2025-12-26 13:55:00,2025-12-26,21.59,21.59,21.57,21.58,106458.0,21.596,,,
2025-12-26 14:00:00,2025-12-26,21.57,21.59,21.57,21.58,176751.0,21.5935,,,
2025-12-26 14:05:00,2025-12-26,21.59,21.59,21.57,21.57,294395.0,21.591,,,
2025-12-26 14:10:00,2025-12-26,21.58,21.58,21.54,21.57,709212.0,21.588,,,
2025-12-26 14:15:00,2025-12-26,21.56,21.57,21.54,21.55,349670.0,21.585,,,
2025-12-26 14:20:00,2025-12-26,21.56,21.56,21.54,21.54,298513.0,21.5815,,,
2025-12-26 14:25:00,2025-12-26,21.54,21.55,21.53,21.53,275767.0,21.576999999999998,,,
2025-12-26 14:30:00,2025-12-26,21.54,21.55,21.52,21.54,317789.0,21.5735,,,
2025-12-26 14:35:00,2025-12-26,21.54,21.54,21.52,21.54,292633.0,21.569499999999998,,,
2025-12-26 14:40:00,2025-12-26,21.53,21.54,21.47,21.48,1514000.0,21.562499999999996,,,
2025-12-26 14:45:00,2025-12-26,21.49,21.5,21.48,21.49,454517.0,21.558,,,
2025-12-26 14:50:00,2025-12-26,21.49,21.5,21.48,21.49,271166.0,21.554499999999997,,,
2025-12-26 14:55:00,2025-12-26,21.5,21.53,21.49,21.53,750072.0,21.553,,,
2025-12-26 15:00:00,2025-12-26,21.54,21.54,21.51,21.51,340341.0,21.55,,,
2025-12-26 15:05:00,2025-12-26,21.52,21.55,21.5,21.53,1220000.0,21.546499999999998,,,
2025-12-26 15:10:00,2025-12-26,21.54,21.55,21.52,21.53,581429.0,21.5445,,,
2025-12-26 15:15:00,2025-12-26,21.54,21.54,21.51,21.52,1677000.0,21.5415,,,
2025-12-26 15:20:00,2025-12-26,21.53,21.55,21.52,21.54,1872000.0,21.5395,,,
2025-12-26 15:25:00,2025-12-26,21.55,21.55,21.5,21.53,1483000.0,21.537,,,
2025-12-29 09:15:00,2025-12-29,21.52,21.59,21.45,21.52,5277000.0,21.533499999999997,,,
2025-12-29 09:20:00,2025-12-29,21.52,21.53,21.45,21.51,1730000.0,21.53,,,
2025-12-29 09:25:00,2025-12-29,21.51,21.53,21.49,21.5,1529000.0,21.526000000000003,,,
2025-12-29 09:30:00,2025-12-29,21.49,21.52,21.48,21.5,813684.0,21.5225,,,
2025-12-29 09:35:00,2025-12-29,21.5,21.55,21.5,21.53,819918.0,21.5205,,,
2025-12-29 09:40:00,2025-12-29,21.53,21.53,21.47,21.47,1092000.0,21.5165,,,
2025-12-29 09:45:00,2025-12-29,21.48,21.49,21.46,21.46,969921.0,21.5125,,,
2025-12-29 09:50:00,2025-12-29,21.46,21.48,21.44,21.44,961787.0,21.508000000000003,,,
2025-12-29 09:55:00,2025-12-29,21.45,21.46,21.42,21.44,985719.0,21.503,,,
2025-12-29 10:00:00,2025-12-29,21.45,21.46,21.43,21.46,609982.0,21.499000000000002,,,
2025-12-29 10:05:00,2025-12-29,21.46,21.46,21.43,21.44,650648.0,21.497000000000003,,,
2025-12-29 10:10:00,2025-12-29,21.45,21.46,21.44,21.46,317370.0,21.4955,,,
2025-12-29 10:15:00,2025-12-29,21.46,21.46,21.44,21.45,412988.0,21.4935,,,
2025-12-29 10:20:00,2025-12-29,21.44,21.45,21.44,21.45,269587.0,21.4895,,,
2025-12-29 10:25:00,2025-12-29,21.45,21.46,21.44,21.45,467355.0,21.4865,,,
2025-12-29 10:30:00,2025-12-29,21.46,21.46,21.44,21.46,470798.0,21.483,,,
2025-12-29 10:35:00,2025-12-29,21.46,21.46,21.43,21.44,363798.0,21.4785,,,
2025-12-29 10:40:00,2025-12-29,21.43,21.45,21.43,21.44,423815.0,21.4745,,,
2025-12-29 10:45:00,2025-12-29,21.44,21.44,21.42,21.44,239485.0,21.4695,,,
2025-12-29 10:50:00,2025-12-29,21.43,21.44,21.42,21.43,218426.0,21.4645,,,
2025-12-29 10:55:00,2025-12-29,21.42,21.43,21.4,21.41,513078.99999999994,21.459,,,
2025-12-29 11:00:00,2025-12-29,21.42,21.42,21.38,21.39,749716.0,21.453,,,
2025-12-29 11:05:00,2025-12-29,21.4,21.41,21.39,21.4,275448.0,21.448,,,
2025-12-29 11:10:00,2025-12-29,21.39,21.42,21.39,21.4,537389.0,21.443,,,
2025-12-29 11:15:00,2025-12-29,21.41,21.42,21.4,21.4,428042.0,21.436500000000002,,,
2025-12-29 11:20:00,2025-12-29,21.4,21.42,21.39,21.39,378495.0,21.432499999999997,,,
2025-12-29 11:25:00,2025-12-29,21.39,21.41,21.39,21.4,592598.0,21.4295,,,
2025-12-29 11:30:00,2025-12-29,21.4,21.41,21.39,21.4,432352.0,21.427500000000002,,,
2025-12-29 11:35:00,2025-12-29,21.41,21.41,21.38,21.38,426579.0,21.424500000000002,,,
2025-12-29 11:40:00,2025-12-29,21.4,21.41,21.38,21.39,484160.0,21.421,,,
2025-12-29 11:45:00,2025-12-29,21.4,21.42,21.39,21.41,900900.0,21.4195,,,
2025-12-29 11:50:00,2025-12-29,21.41,21.43,21.39,21.42,248076.0,21.4175,,,
2025-12-29 11:55:00,2025-12-29,21.41,21.43,21.4,21.41,236828.0,21.4155,,,
2025-12-29 12:00:00,2025-12-29,21.41,21.43,21.4,21.42,342203.0,21.414,,,
2025-12-29 12:05:00,2025-12-29,21.42,21.43,21.4,21.43,379027.0,21.413,,,
2025-12-29 12:10:00,2025-12-29,21.43,21.43,21.4,21.4,290314.0,21.41,,,
2025-12-29 12:15:00,2025-12-29,21.4,21.43,21.4,21.41,362473.0,21.4085,,,
2025-12-29 12:20:00,2025-12-29,21.41,21.42,21.39,21.41,266346.0,21.407,,,
2025-12-29 12:25:00,2025-12-29,21.41,21.41,21.38,21.4,272264.0,21.405,,,
2025-12-29 12:30:00,2025-12-29,21.4,21.41,21.38,21.38,375735.0,21.4025,,,
2025-12-29 12:35:00,2025-12-29,21.39,21.41,21.38,21.39,257663.0,21.4015,,,
2025-12-29 12:40:00,2025-12-29,21.4,21.42,21.38,21.41,400168.0,21.402499999999996,,,
2025-12-29 12:45:00,2025-12-29,21.39,21.42,21.39,21.4,202636.0,21.4025,,,
2025-12-29 12:50:00,2025-12-29,21.4,21.41,21.39,21.4,294814.0,21.402499999999996,,,
2025-12-29 12:55:00,2025-12-29,21.4,21.41,21.39,21.4,240202.0,21.4025,,,
2025-12-29 13:00:00,2025-12-29,21.41,21.42,21.39,21.42,294429.0,21.404,,,
2025-12-29 13:05:00,2025-12-29,21.4,21.42,21.4,21.41,232432.0,21.4045,,,
2025-12-29 13:10:00,2025-12-29,21.41,21.41,21.38,21.4,350211.0,21.4045,,,
2025-12-29 13:15:00,2025-12-29,21.4,21.4,21.38,21.39,386254.0,21.405,,,
2025-12-29 13:20:00,2025-12-29,21.38,21.41,21.38,21.4,549042.0,21.4055,,,
2025-12-29 13:25:00,2025-12-29,21.4,21.4,21.38,21.4,290566.0,21.404999999999998,,,
2025-12-29 13:30:00,2025-12-29,21.4,21.4,21.38,21.38,187451.0,21.403,,,
2025-12-29 13:35:00,2025-12-29,21.38,21.4,21.36,21.37,750476.0,21.401,,,
2025-12-29 13:40:00,2025-12-29,21.37,21.38,21.36,21.38,450062.0,21.398999999999997,,,
2025-12-29 13:45:00,2025-12-29,21.38,21.39,21.36,21.38,435676.0,21.396499999999996,,,
2025-12-29 13:50:00,2025-12-29,21.39,21.39,21.37,21.38,329207.0,21.3955,,,
2025-12-29 13:55:00,2025-12-29,21.38,21.4,21.37,21.38,369494.0,21.394,,,
2025-12-29 14:00:00,2025-12-29,21.37,21.39,21.37,21.38,200252.0,21.392500000000002,,,
2025-12-29 14:05:00,2025-12-29,21.38,21.41,21.37,21.4,594420.0,21.3925,,,
2025-12-29 14:10:00,2025-12-29,21.39,21.4,21.38,21.4,313297.0,21.393499999999996,,,
2025-12-29 14:15:00,2025-12-29,21.39,21.4,21.37,21.38,239936.0,21.392999999999997,,,
2025-12-29 14:20:00,2025-12-29,21.38,21.41,21.37,21.4,553701.0,21.3925,,,
2025-12-29 14:25:00,2025-12-29,21.4,21.43,21.39,21.42,522769.0,21.3935,,,
2025-12-29 14:30:00,2025-12-29,21.42,21.43,21.4,21.42,553679.0,21.3945,,,
2025-12-29 14:35:00,2025-12-29,21.41,21.44,21.41,21.43,619489.0,21.395999999999997,,,
2025-12-29 14:40:00,2025-12-29,21.42,21.44,21.41,21.43,421268.0,21.3965,,,
2025-12-29 14:45:00,2025-12-29,21.42,21.43,21.41,21.43,678784.0,21.3975,,,
2025-12-29 14:50:00,2025-12-29,21.42,21.43,21.4,21.42,280160.0,21.398500000000002,,,
2025-12-29 14:55:00,2025-12-29,21.42,21.42,21.4,21.42,779012.0,21.4,,,
2025-12-29 15:00:00,2025-12-29,21.42,21.43,21.37,21.38,1501000.0,21.399,,,
2025-12-29 15:05:00,2025-12-29,21.38,21.41,21.38,21.39,1014999.9999999999,21.398500000000002,,,
2025-12-29 15:10:00,2025-12-29,21.38,21.39,21.36,21.37,1178000.0,21.398000000000003,,,
2025-12-29 15:15:00,2025-12-29,21.39,21.39,21.35,21.37,3286000.0,21.398000000000003,,,
2025-12-29 15:20:00,2025-12-29,21.36,21.37,21.32,21.34,2362000.0,21.396,,,
2025-12-29 15:25:00,2025-12-29,21.33,21.36,21.31,21.34,1972000.0,21.394,,,
2025-12-30 09:15:00,2025-12-30,21.4,21.42,21.3,21.32,4831000.0,21.391000000000002,,,
2025-12-30 09:20:00,2025-12-30,21.32,21.33,21.26,21.27,1281000.0,21.3855,,,
2025-12-30 09:25:00,2025-12-30,21.27,21.27,21.22,21.22,1357000.0,21.377499999999998,,,
2025-12-30 09:30:00,2025-12-30,21.23,21.24,21.21,21.24,776208.0,21.3695,,,
2025-12-30 09:35:00,2025-12-30,21.24,21.24,21.15,21.2,2651000.0,21.3595,,,
2025-12-30 09:40:00,2025-12-30,21.2,21.21,21.18,21.21,928922.0,21.351000000000003,,,
2025-12-30 09:45:00,2025-12-30,21.21,21.22,21.16,21.18,1537000.0,21.34,,,
2025-12-30 09:50:00,2025-12-30,21.17,21.2,21.17,21.19,744652.0,21.3285,,,
2025-12-30 09:55:00,2025-12-30,21.19,21.2,21.16,21.19,1012999.9999999999,21.317,,,
2025-12-30 10:00:00,2025-12-30,21.19,21.22,21.18,21.22,866618.0,21.3065,,,
2025-12-30 10:05:00,2025-12-30,21.21,21.24,21.2,21.24,971057.0,21.297,,,
2025-12-30 10:10:00,2025-12-30,21.23,21.29,21.22,21.28,1606000.0,21.2895,,,
2025-12-30 10:15:00,2025-12-30,21.28,21.32,21.26,21.3,2395000.0,21.283499999999997,,,
2025-12-30 10:20:00,2025-12-30,21.3,21.33,21.28,21.32,2003000.0,21.2785,,,
2025-12-30 10:25:00,2025-12-30,21.32,21.33,21.3,21.31,1114000.0,21.275,,,
2025-12-30 10:30:00,2025-12-30,21.32,21.34,21.31,21.31,1076000.0,21.270999999999997,,,
2025-12-30 10:35:00,2025-12-30,21.31,21.32,21.28,21.28,1134000.0,21.2665,,,
2025-12-30 10:40:00,2025-12-30,21.28,21.29,21.27,21.27,493684.0,21.261499999999998,,,
2025-12-30 10:45:00,2025-12-30,21.27,21.28,21.22,21.26,1400000.0,21.2575,,,
2025-12-30 10:50:00,2025-12-30,21.26,21.29,21.25,21.26,770075.0,21.2535,,,
2025-12-30 10:55:00,2025-12-30,21.27,21.28,21.25,21.27,696344.0,21.250999999999998,,,
2025-12-30 11:00:00,2025-12-30,21.27,21.29,21.25,21.27,915840.0,21.250999999999998,,,
2025-12-30 11:05:00,2025-12-30,21.27,21.31,21.26,21.28,1911000.0,21.254,,,
2025-12-30 11:10:00,2025-12-30,21.29,21.3,21.27,21.3,986786.0,21.257,,,
2025-12-30 11:15:00,2025-12-30,21.28,21.32,21.28,21.3,909789.0,21.262,,,
2025-12-30 11:20:00,2025-12-30,21.3,21.32,21.28,21.3,1040999.9999999999,21.2665,,,
2025-12-30 11:25:00,2025-12-30,21.3,21.32,21.29,21.3,510883.0,21.2725,,,
2025-12-30 11:30:00,2025-12-30,21.32,21.32,21.29,21.31,792777.0,21.2785,,,
2025-12-30 11:35:00,2025-12-30,21.32,21.32,21.29,21.29,497594.0,21.2835,,,
2025-12-30 11:40:00,2025-12-30,21.31,21.32,21.28,21.3,836601.0,21.2875,,,
2025-12-30 11:45:00,2025-12-30,21.31,21.32,21.3,21.3,615784.0,21.2905,,,
2025-12-30 11:50:00,2025-12-30,21.3,21.32,21.29,21.3,613210.0,21.2915,,,
2025-12-30 11:55:00,2025-12-30,21.3,21.3,21.28,21.3,613789.0,21.291500000000003,,,
2025-12-30 12:00:00,2025-12-30,21.3,21.3,21.27,21.28,503086.0,21.289499999999997,,,
2025-12-30 12:05:00,2025-12-30,21.27,21.28,21.26,21.28,391882.0,21.288000000000004,,,
2025-12-30 12:10:00,2025-12-30,21.28,21.28,21.23,21.25,650058.0,21.285000000000004,,,
2025-12-30 12:15:00,2025-12-30,21.25,21.27,21.24,21.27,477495.0,21.2845,,,
2025-12-30 12:20:00,2025-12-30,21.27,21.27,21.24,21.26,713703.0,21.284,,,
2025-12-30 12:25:00,2025-12-30,21.26,21.28,21.25,21.28,822653.0,21.285000000000004,,,
2025-12-30 12:30:00,2025-12-30,21.28,21.28,21.26,21.27,521364.00000000006,21.2855,,,
2025-12-30 12:35:00,2025-12-30,21.27,21.29,21.26,21.29,425352.0,21.2865,,,
2025-12-30 12:40:00,2025-12-30,21.29,21.29,21.26,21.28,705917.0,21.287,,,
2025-12-30 12:45:00,2025-12-30,21.27,21.29,21.26,21.29,357274.0,21.2875,,,
2025-12-30 12:50:00,2025-12-30,21.28,21.32,21.28,21.3,1084000.0,21.2875,,,
2025-12-30 12:55:00,2025-12-30,21.29,21.33,21.27,21.31,2265000.0,21.288000000000004,,,
2025-12-30 13:00:00,2025-12-30,21.32,21.33,21.28,21.3,450722.0,21.288,,,
2025-12-30 13:05:00,2025-12-30,21.3,21.31,21.27,21.3,618872.0,21.288,,,
2025-12-30 13:10:00,2025-12-30,21.29,21.32,21.29,21.32,1217000.0,21.2885,,,
2025-12-30 13:15:00,2025-12-30,21.32,21.36,21.31,21.34,2064000.0,21.291,,,
2025-12-30 13:20:00,2025-12-30,21.33,21.35,21.32,21.34,960604.0,21.293,,,
2025-12-30 13:25:00,2025-12-30,21.34,21.35,21.32,21.33,500021.0,21.2945,,,
2025-12-30 13:30:00,2025-12-30,21.34,21.34,21.32,21.34,315666.0,21.2965,,,
2025-12-30 13:35:00,2025-12-30,21.34,21.36,21.32,21.34,649896.0,21.298499999999997,,,
2025-12-30 13:40:00,2025-12-30,21.35,21.42,21.34,21.42,1815000.0,21.305500000000002,,,
2025-12-30 13:45:00,2025-12-30,21.42,21.44,21.41,21.43,1515000.0,21.313,,,
2025-12-30 13:50:00,2025-12-30,21.43,21.43,21.41,21.43,738028.0,21.322,,,
2025-12-30 13:55:00,2025-12-30,21.43,21.43,21.4,21.4,628877.0,21.3285,,,
2025-12-30 14:00:00,2025-12-30,21.41,21.41,21.38,21.39,1012999.9999999999,21.335,,,
2025-12-30 14:05:00,2025-12-30,21.4,21.4,21.38,21.38,732884.0,21.34,,,
2025-12-30 14:10:00,2025-12-30,21.38,21.39,21.37,21.38,729971.0,21.3455,,,
2025-12-30 14:15:00,2025-12-30,21.39,21.39,21.36,21.37,1836000.0,21.3495,,,
2025-12-30 14:20:00,2025-12-30,21.37,21.38,21.33,21.34,1827000.0,21.3525,,,
2025-12-30 14:25:00,2025-12-30,21.33,21.35,21.32,21.33,851283.0,21.354499999999998,,,
2025-12-30 14:30:00,2025-12-30,21.33,21.38,21.33,21.38,1264000.0,21.3585,,,
2025-12-30 14:35:00,2025-12-30,21.36,21.38,21.35,21.36,890426.0,21.360999999999997,,,
2025-12-30 14:40:00,2025-12-30,21.36,21.38,21.35,21.36,1078000.0,21.364,,,
2025-12-30 14:45:00,2025-12-30,21.36,21.4,21.36,21.38,1441000.0,21.368000000000002,,,
2025-12-30 14:50:00,2025-12-30,21.38,21.46,21.38,21.45,2628000.0,21.3745,,,
2025-12-30 14:55:00,2025-12-30,21.45,21.47,21.43,21.47,1865000.0,21.381,,,
2025-12-30 15:00:00,2025-12-30,21.44,21.46,21.36,21.37,33924000.0,21.3825,,,
2025-12-30 15:05:00,2025-12-30,21.36,21.39,21.33,21.36,33482999.999999996,21.383999999999997,,,
2025-12-30 15:10:00,2025-12-30,21.35,21.48,21.33,21.39,34493000.0,21.3865,,,
2025-12-30 15:15:00,2025-12-30,21.39,21.41,21.31,21.33,33337000.000000004,21.386000000000003,,,
2025-12-30 15:20:00,2025-12-30,21.32,21.4,21.32,21.37,32417000.0,21.3835,,,
2025-12-30 15:25:00,2025-12-30,21.35,21.37,21.26,21.34,22956000.0,21.378999999999998,,,
2025-12-31 09:15:00,2025-12-31,21.4,21.58,21.39,21.58,2713000.0,21.386499999999998,,,
2025-12-31 09:20:00,2025-12-31,21.58,21.7,21.56,21.68,5006000.0,21.4005,,,
2025-12-31 09:25:00,2025-12-31,21.69,21.74,21.65,21.7,3112000.0,21.416,,,
2025-12-31 09:30:00,2025-12-31,21.68,21.68,21.54,21.59,1744000.0,21.426499999999997,,,
2025-12-31 09:35:00,2025-12-31,21.58,21.59,21.54,21.57,956753.0,21.436,,,
2025-12-31 09:40:00,2025-12-31,21.56,21.58,21.51,21.53,903741.0,21.444,,,
2025-12-31 09:45:00,2025-12-31,21.52,21.54,21.51,21.53,309252.0,21.4535,,,
2025-12-31 09:50:00,2025-12-31,21.53,21.57,21.52,21.54,649951.0,21.464000000000002,,,
2025-12-31 09:55:00,2025-12-31,21.53,21.56,21.52,21.53,392042.0,21.4715,,,
2025-12-31 10:00:00,2025-12-31,21.53,21.55,21.52,21.52,290177.0,21.479499999999998,,,
2025-12-31 10:05:00,2025-12-31,21.53,21.55,21.52,21.54,313103.0,21.4885,,,
2025-12-31 10:10:00,2025-12-31,21.54,21.58,21.53,21.57,565763.0,21.497999999999998,,,
2025-12-31 10:15:00,2025-12-31,21.58,21.6,21.57,21.6,311565.0,21.5055,,,
2025-12-31 10:20:00,2025-12-31,21.6,21.6,21.58,21.59,192461.0,21.511499999999998,,,
2025-12-31 10:25:00,2025-12-31,21.59,21.6,21.56,21.59,356135.0,21.5225,,,
2025-12-31 10:30:00,2025-12-31,21.59,21.62,21.58,21.6,251284.0,21.5345,,,
2025-12-31 10:35:00,2025-12-31,21.6,21.63,21.58,21.62,528769.0,21.546,,,
2025-12-31 10:40:00,2025-12-31,21.62,21.64,21.6,21.61,432800.0,21.56,,,
2025-12-31 10:45:00,2025-12-31,21.62,21.63,21.58,21.61,570747.0,21.572,,,
2025-12-31 10:50:00,2025-12-31,21.61,21.62,21.57,21.6,406702.0,21.585,,,
2025-12-31 10:55:00,2025-12-31,21.6,21.61,21.59,21.61,109921.0,21.5865,,,
2025-12-31 11:00:00,2025-12-31,21.61,21.63,21.59,21.61,415501.0,21.583000000000002,,,
2025-12-31 11:05:00,2025-12-31,21.62,21.63,21.6,21.62,149194.0,21.579,,,
2025-12-31 11:10:00,2025-12-31,21.6,21.62,21.58,21.6,315237.0,21.5795,,,
2025-12-31 11:15:00,2025-12-31,21.6,21.62,21.58,21.61,216202.0,21.5815,,,
2025-12-31 11:20:00,2025-12-31,21.61,21.61,21.58,21.61,371766.0,21.585500000000003,,,
2025-12-31 11:25:00,2025-12-31,21.61,21.61,21.59,21.61,252303.0,21.5895,,,
2025-12-31 11:30:00,2025-12-31,21.61,21.61,21.59,21.59,135266.0,21.592,,,
2025-12-31 11:35:00,2025-12-31,21.61,21.64,21.59,21.63,739257.0,21.597,,,
2025-12-31 11:40:00,2025-12-31,21.63,21.64,21.61,21.63,296261.0,21.6025,,,
2025-12-31 11:45:00,2025-12-31,21.63,21.63,21.6,21.62,220059.0,21.6065,,,
2025-12-31 11:50:00,2025-12-31,21.62,21.64,21.6,21.61,548868.0,21.6085,,,
2025-12-31 11:55:00,2025-12-31,21.63,21.64,21.62,21.63,306959.0,21.61,,,
2025-12-31 12:00:00,2025-12-31,21.63,21.65,21.62,21.64,447101.0,21.6125,,,
2025-12-31 12:05:00,2025-12-31,21.65,21.67,21.63,21.66,547173.0,21.616,,,
2025-12-31 12:10:00,2025-12-31,21.66,21.66,21.63,21.64,548137.0,21.618000000000002,,,
2025-12-31 12:15:00,2025-12-31,21.64,21.64,21.63,21.64,107838.0,21.619,,,
2025-12-31 12:20:00,2025-12-31,21.64,21.68,21.63,21.66,452892.0,21.6215,,,
2025-12-31 12:25:00,2025-12-31,21.67,21.68,21.64,21.64,310021.0,21.622999999999998,,,
2025-12-31 12:30:00,2025-12-31,21.65,21.66,21.63,21.63,231756.0,21.6245,,,
2025-12-31 12:35:00,2025-12-31,21.64,21.64,21.61,21.61,266563.0,21.6245,,,
2025-12-31 12:40:00,2025-12-31,21.61,21.64,21.61,21.64,143085.0,21.625999999999998,,,
2025-12-31 12:45:00,2025-12-31,21.64,21.67,21.62,21.66,309086.0,21.628,,,
2025-12-31 12:50:00,2025-12-31,21.66,21.68,21.65,21.67,483424.0,21.6315,,,
2025-12-31 12:55:00,2025-12-31,21.66,21.69,21.66,21.68,728561.0,21.634999999999998,,,
2025-12-31 13:00:00,2025-12-31,21.68,21.69,21.65,21.67,857699.0,21.637999999999998,,,
2025-12-31 13:05:00,2025-12-31,21.68,21.68,21.65,21.67,168985.0,21.641,,,
2025-12-31 13:10:00,2025-12-31,21.66,21.67,21.65,21.67,391095.0,21.645000000000003,,,
2025-12-31 13:15:00,2025-12-31,21.66,21.67,21.65,21.66,321711.0,21.6465,,,
2025-12-31 13:20:00,2025-12-31,21.65,21.67,21.65,21.67,142521.0,21.648500000000002,,,
2025-12-31 13:25:00,2025-12-31,21.66,21.68,21.65,21.68,872537.0,21.651500000000002,,,
2025-12-31 13:30:00,2025-12-31,21.67,21.71,21.67,21.7,2371000.0,21.656,,,
2025-12-31 13:35:00,2025-12-31,21.7,21.71,21.67,21.71,1423000.0,21.66,,,
2025-12-31 13:40:00,2025-12-31,21.7,21.74,21.68,21.72,1537000.0,21.664,,,
2025-12-31 13:45:00,2025-12-31,21.72,21.78,21.72,21.77,2554000.0,21.6695,,,
2025-12-31 13:50:00,2025-12-31,21.77,21.78,21.73,21.75,1088000.0,21.675,,,
2025-12-31 13:55:00,2025-12-31,21.75,21.76,21.72,21.75,734611.0,21.680500000000002,,,
2025-12-31 14:00:00,2025-12-31,21.75,21.77,21.71,21.72,1872000.0,21.683500000000002,,,
2025-12-31 14:05:00,2025-12-31,21.71,21.77,21.71,21.77,2103000.0,21.69,,,
2025-12-31 14:10:00,2025-12-31,21.76,21.77,21.73,21.76,921304.0,21.6965,,,
2025-12-31 14:15:00,2025-12-31,21.77,21.77,21.71,21.71,940905.0,21.701500000000003,,,
2025-12-31 14:20:00,2025-12-31,21.72,21.72,21.61,21.63,1679000.0,21.701,,,
2025-12-31 14:25:00,2025-12-31,21.62,21.66,21.62,21.64,885047.0,21.7,,,
2025-12-31 14:30:00,2025-12-31,21.64,21.64,21.58,21.58,1097000.0,21.695500000000003,,,
2025-12-31 14:35:00,2025-12-31,21.59,21.63,21.57,21.62,1572000.0,21.692500000000003,,,
2025-12-31 14:40:00,2025-12-31,21.63,21.63,21.59,21.61,626309.0,21.689500000000002,,,
2025-12-31 14:45:00,2025-12-31,21.62,21.66,21.62,21.65,896838.0,21.688499999999998,,,
2025-12-31 14:50:00,2025-12-31,21.65,21.67,21.62,21.65,1097000.0,21.6875,,,
2025-12-31 14:55:00,2025-12-31,21.64,21.68,21.64,21.66,739250.0,21.6875,,,
2025-12-31 15:00:00,2025-12-31,21.66,21.67,21.61,21.62,1153000.0,21.685,,,
2025-12-31 15:05:00,2025-12-31,21.63,21.64,21.61,21.64,794311.0,21.683,,,
2025-12-31 15:10:00,2025-12-31,21.62,21.64,21.6,21.6,1006000.0,21.678,,,
2025-12-31 15:15:00,2025-12-31,21.61,21.61,21.57,21.59,2541000.0,21.672,,,
2025-12-31 15:20:00,2025-12-31,21.6,21.61,21.58,21.6,1714000.0,21.666,,,
2025-12-31 15:25:00,2025-12-31,21.61,21.65,21.6,21.62,1938000.0,21.6585,,,
2026-01-01 09:15:00,2026-01-01,21.66,21.7,21.61,21.66,2620000.0,21.654000000000003,,,
2026-01-01 09:20:00,2026-01-01,21.67,21.67,21.59,21.6,1462000.0,21.6465,,,
2026-01-01 09:25:00,2026-01-01,21.59,21.6,21.56,21.6,954254.0,21.6405,,,
2026-01-01 09:30:00,2026-01-01,21.59,21.6,21.51,21.55,1246000.0,21.6295,,,
2026-01-01 09:35:00,2026-01-01,21.55,21.55,21.51,21.52,369274.0,21.6175,,,
2026-01-01 09:40:00,2026-01-01,21.52,21.54,21.51,21.54,547259.0,21.608999999999998,,,
2026-01-01 09:45:00,2026-01-01,21.53,21.54,21.51,21.52,528200.0,21.6035,,,
2026-01-01 09:50:00,2026-01-01,21.53,21.57,21.51,21.54,1110000.0,21.598499999999998,,,
2026-01-01 09:55:00,2026-01-01,21.53,21.56,21.51,21.51,857157.0,21.595000000000002,,,
2026-01-01 10:00:00,2026-01-01,21.53,21.54,21.51,21.53,259353.99999999997,21.5905,,,
2026-01-01 10:05:00,2026-01-01,21.52,21.54,21.52,21.54,409465.0,21.587,,,
2026-01-01 10:10:00,2026-01-01,21.54,21.54,21.5,21.51,735699.0,21.580000000000002,,,
2026-01-01 10:15:00,2026-01-01,21.5,21.52,21.47,21.47,836847.0,21.570999999999998,,,
2026-01-01 10:20:00,2026-01-01,21.47,21.49,21.44,21.49,871210.0,21.5625,,,
2026-01-01 10:25:00,2026-01-01,21.49,21.51,21.48,21.51,445187.0,21.557,,,
2026-01-01 10:30:00,2026-01-01,21.51,21.52,21.48,21.5,297411.0,21.55,,,
2026-01-01 10:35:00,2026-01-01,21.5,21.52,21.48,21.52,189462.0,21.546,,,
2026-01-01 10:40:00,2026-01-01,21.51,21.52,21.48,21.49,236911.0,21.541000000000004,,,
2026-01-01 10:45:00,2026-01-01,21.49,21.5,21.48,21.5,161411.0,21.536,,,
2026-01-01 10:50:00,2026-01-01,21.49,21.55,21.49,21.53,527145.0,21.5315,,,
2026-01-01 10:55:00,2026-01-01,21.55,21.55,21.52,21.52,175495.0,21.5245,,,
2026-01-01 11:00:00,2026-01-01,21.53,21.54,21.51,21.53,143849.0,21.521,,,
2026-01-01 11:05:00,2026-01-01,21.53,21.54,21.51,21.52,167457.0,21.517,,,
2026-01-01 11:10:00,2026-01-01,21.54,21.54,21.51,21.54,89143.0,21.5165,,,
2026-01-01 11:15:00,2026-01-01,21.53,21.54,21.5,21.5,474758.0,21.5155,,,
2026-01-01 11:20:00,2026-01-01,21.52,21.54,21.5,21.53,92341.0,21.514999999999997,,,
2026-01-01 11:25:00,2026-01-01,21.54,21.54,21.51,21.53,226921.0,21.5155,,,
2026-01-01 11:30:00,2026-01-01,21.53,21.53,21.52,21.52,103028.0,21.5145,,,
2026-01-01 11:35:00,2026-01-01,21.53,21.55,21.52,21.53,431482.0,21.5155,,,
2026-01-01 11:40:00,2026-01-01,21.54,21.55,21.53,21.53,93671.0,21.5155,,,
2026-01-01 11:45:00,2026-01-01,21.54,21.55,21.5,21.53,360882.0,21.515,,,
2026-01-01 11:50:00,2026-01-01,21.52,21.53,21.51,21.52,200913.0,21.5155,,,
2026-01-01 11:55:00,2026-01-01,21.53,21.55,21.52,21.55,154209.0,21.5195,,,
2026-01-01 12:00:00,2026-01-01,21.55,21.57,21.53,21.56,415058.0,21.523000000000003,,,
2026-01-01 12:05:00,2026-01-01,21.56,21.57,21.52,21.54,444049.0,21.5245,,,
2026-01-01 12:10:00,2026-01-01,21.54,21.54,21.51,21.52,112536.0,21.5255,,,
2026-01-01 12:15:00,2026-01-01,21.52,21.52,21.5,21.5,228416.0,21.5245,,,
2026-01-01 12:20:00,2026-01-01,21.5,21.52,21.5,21.52,89198.0,21.526,,,
2026-01-01 12:25:00,2026-01-01,21.52,21.52,21.51,21.52,95734.0,21.526999999999997,,,
2026-01-01 12:30:00,2026-01-01,21.52,21.53,21.51,21.51,104943.0,21.526,,,
2026-01-01 12:35:00,2026-01-01,21.52,21.53,21.5,21.51,131944.0,21.5255,,,
2026-01-01 12:40:00,2026-01-01,21.51,21.52,21.49,21.51,441131.0,21.5245,,,
2026-01-01 12:45:00,2026-01-01,21.49,21.51,21.48,21.5,179803.0,21.523500000000002,,,
2026-01-01 12:50:00,2026-01-01,21.5,21.5,21.46,21.47,432872.0,21.52,,,
2026-01-01 12:55:00,2026-01-01,21.47,21.48,21.46,21.47,293743.0,21.5185,,,
2026-01-01 13:00:00,2026-01-01,21.47,21.47,21.46,21.47,104317.0,21.5155,,,
2026-01-01 13:05:00,2026-01-01,21.47,21.47,21.45,21.46,264731.0,21.512,,,
2026-01-01 13:10:00,2026-01-01,21.46,21.47,21.45,21.46,87864.0,21.509,,,
2026-01-01 13:15:00,2026-01-01,21.45,21.46,21.45,21.45,158202.0,21.505,,,
2026-01-01 13:20:00,2026-01-01,21.46,21.46,21.45,21.46,148757.0,21.5015,,,
2026-01-01 13:25:00,2026-01-01,21.45,21.48,21.45,21.47,159385.0,21.4985,,,
2026-01-01 13:30:00,2026-01-01,21.47,21.47,21.46,21.47,66806.0,21.496000000000002,,,
2026-01-01 13:35:00,2026-01-01,21.47,21.47,21.45,21.46,225200.0,21.4915,,,
2026-01-01 13:40:00,2026-01-01,21.45,21.47,21.45,21.46,239963.0,21.4865,,,
2026-01-01 13:45:00,2026-01-01,21.46,21.47,21.45,21.45,101757.0,21.482000000000003,,,
2026-01-01 13:50:00,2026-01-01,21.46,21.47,21.45,21.47,84006.0,21.479499999999998,,,
2026-01-01 13:55:00,2026-01-01,21.47,21.47,21.45,21.46,118985.0,21.4775,,,
2026-01-01 14:00:00,2026-01-01,21.47,21.47,21.45,21.46,89537.0,21.4745,,,
2026-01-01 14:05:00,2026-01-01,21.45,21.47,21.45,21.46,174558.0,21.4715,,,
2026-01-01 14:10:00,2026-01-01,21.46,21.47,21.45,21.46,155932.0,21.469,,,
2026-01-01 14:15:00,2026-01-01,21.46,21.47,21.45,21.47,270150.0,21.467,,,
2026-01-01 14:20:00,2026-01-01,21.47,21.5,21.46,21.49,392733.0,21.466,,,
2026-01-01 14:25:00,2026-01-01,21.49,21.49,21.48,21.49,113169.0,21.4655,,,
2026-01-01 14:30:00,2026-01-01,21.49,21.49,21.46,21.47,170511.0,21.4655,,,
2026-01-01 14:35:00,2026-01-01,21.47,21.47,21.46,21.47,87805.0,21.4655,,,
2026-01-01 14:40:00,2026-01-01,21.46,21.48,21.46,21.48,140721.0,21.466,,,
2026-01-01 14:45:00,2026-01-01,21.47,21.49,21.46,21.49,450538.0,21.467499999999998,,,
2026-01-01 14:50:00,2026-01-01,21.49,21.51,21.48,21.51,430116.0,21.47,,,
2026-01-01 14:55:00,2026-01-01,21.51,21.52,21.49,21.51,374229.0,21.473000000000003,,,
2026-01-01 15:00:00,2026-01-01,21.5,21.53,21.49,21.49,630094.0,21.4745,,,
2026-01-01 15:05:00,2026-01-01,21.51,21.51,21.49,21.5,396297.0,21.476,,,
2026-01-01 15:10:00,2026-01-01,21.51,21.52,21.49,21.51,636864.0,21.478,,,
2026-01-01 15:15:00,2026-01-01,21.51,21.51,21.48,21.48,1660000.0,21.479,,,
2026-01-01 15:20:00,2026-01-01,21.5,21.5,21.48,21.48,954560.0,21.48,,,
2026-01-01 15:25:00,2026-01-01,21.48,21.54,21.46,21.48,3179000.0,21.4815,,,
2026-01-02 09:15:00,2026-01-02,21.5,21.69,21.48,21.64,3961000.0,21.490000000000002,,,
2026-01-02 09:20:00,2026-01-02,21.63,21.65,21.61,21.62,951920.0,21.498,,,
2026-01-02 09:25:00,2026-01-02,21.63,21.64,21.61,21.61,591725.0,21.5055,,,
2026-01-02 09:30:00,2026-01-02,21.62,21.63,21.58,21.63,1760000.0,21.514000000000003,,,
2026-01-02 09:35:00,2026-01-02,21.63,21.63,21.6,21.61,279804.0,21.521499999999996,,,
2026-01-02 09:40:00,2026-01-02,21.61,21.65,21.6,21.63,428453.0,21.5295,,,
2026-01-02 09:45:00,2026-01-02,21.64,21.68,21.62,21.67,1173000.0,21.5385,,,
2026-01-02 09:50:00,2026-01-02,21.67,21.67,21.63,21.65,889353.0,21.5465,,,
2026-01-02 09:55:00,2026-01-02,21.65,21.66,21.62,21.65,583996.0,21.555500000000002,,,
2026-01-02 10:00:00,2026-01-02,21.64,21.65,21.6,21.63,1024999.9999999999,21.563499999999998,,,
2026-01-02 10:05:00,2026-01-02,21.62,21.65,21.62,21.62,829062.0,21.570500000000003,,,
2026-01-02 10:10:00,2026-01-02,21.64,21.69,21.64,21.68,1489000.0,21.580000000000002,,,
2026-01-02 10:15:00,2026-01-02,21.67,21.68,21.64,21.66,418296.0,21.5875,,,
2026-01-02 10:20:00,2026-01-02,21.66,21.72,21.65,21.71,1050000.0,21.5975,,,
2026-01-02 10:25:00,2026-01-02,21.72,21.79,21.72,21.77,2701000.0,21.6115,,,
2026-01-02 10:30:00,2026-01-02,21.78,21.78,21.74,21.76,640215.0,21.6245,,,
2026-01-02 10:35:00,2026-01-02,21.76,21.82,21.75,21.8,2652000.0,21.639,,,
2026-01-02 10:40:00,2026-01-02,21.81,21.84,21.8,21.81,998603.0,21.6555,,,
2026-01-02 10:45:00,2026-01-02,21.81,21.85,21.78,21.84,2953000.0,21.673499999999997,,,
2026-01-02 10:50:00,2026-01-02,21.85,21.87,21.82,21.86,1152000.0,21.6925,,,
2026-01-02 10:55:00,2026-01-02,21.87,21.94,21.86,21.93,2532000.0,21.707,,,
2026-01-02 11:00:00,2026-01-02,21.93,22.05,21.9,21.99,5320000.0,21.7255,,,
2026-01-02 11:05:00,2026-01-02,21.99,22.18,21.94,22.16,6757000.0,21.752999999999997,,,
2026-01-02 11:10:00,2026-01-02,22.16,22.27,22.14,22.16,4814000.0,21.7795,,,
2026-01-02 11:15:00,2026-01-02,22.17,22.18,22.1,22.13,4777000.0,21.805500000000002,,,
2026-01-02 11:20:00,2026-01-02,22.13,22.16,22.11,22.12,1918000.0,21.830000000000002,,,
2026-01-02 11:25:00,2026-01-02,22.12,22.15,22.1,22.15,1042999.9999999999,21.854,,,
2026-01-02 11:30:00,2026-01-02,22.15,22.21,22.13,22.14,2746000.0,21.8785,,,
2026-01-02 11:35:00,2026-01-02,22.14,22.19,22.13,22.16,2528000.0,21.904,,,
2026-01-02 11:40:00,2026-01-02,22.16,22.17,22.15,22.17,790237.0,21.931,,,
2026-01-02 11:45:00,2026-01-02,22.16,22.19,22.15,22.18,1869000.0,21.959,,,
2026-01-02 11:50:00,2026-01-02,22.18,22.18,22.13,22.13,1366000.0,21.9815,,,
2026-01-02 11:55:00,2026-01-02,22.14,22.17,22.12,22.15,882186.0,22.006,,,
2026-01-02 12:00:00,2026-01-02,22.15,22.16,22.13,22.14,482756.0,22.027499999999996,,,
2026-01-02 12:05:00,2026-01-02,22.13,22.16,22.13,22.16,512816.00000000006,22.047,,,
2026-01-02 12:10:00,2026-01-02,22.16,22.16,22.14,22.15,380823.0,22.066499999999998,,,
2026-01-02 12:15:00,2026-01-02,22.15,22.16,22.07,22.1,1198000.0,22.0815,,,
2026-01-02 12:20:00,2026-01-02,22.1,22.14,22.07,22.1,2293000.0,22.096,,,
2026-01-02 12:25:00,2026-01-02,22.11,22.15,22.1,22.14,429250.0,22.111,,,
2026-01-02 12:30:00,2026-01-02,22.14,22.14,22.1,22.11,801057.0,22.1235,,,
2026-01-02 12:35:00,2026-01-02,22.11,22.11,22.06,22.11,1377000.0,22.1325,,,
2026-01-02 12:40:00,2026-01-02,22.11,22.14,22.08,22.1,728800.0,22.137999999999998,,,
2026-01-02 12:45:00,2026-01-02,22.1,22.16,22.08,22.15,835565.0,22.1375,,,
2026-01-02 12:50:00,2026-01-02,22.14,22.18,22.14,22.18,1303000.0,22.1385,,,
2026-01-02 12:55:00,2026-01-02,22.17,22.18,22.15,22.15,619920.0,22.1395,,,
2026-01-02 13:00:00,2026-01-02,22.17,22.17,22.14,22.15,955638.0,22.141,,,
2026-01-02 13:05:00,2026-01-02,22.16,22.17,22.14,22.16,480745.0,22.1415,,,
2026-01-02 13:10:00,2026-01-02,22.16,22.16,22.14,22.15,240748.0,22.142,,,
2026-01-02 13:15:00,2026-01-02,22.14,22.16,22.14,22.16,694420.0,22.142000000000003,,,
2026-01-02 13:20:00,2026-01-02,22.15,22.18,22.14,22.18,701707.0,22.1425,,,
2026-01-02 13:25:00,2026-01-02,22.18,22.19,22.15,22.16,1264000.0,22.1415,,,
2026-01-02 13:30:00,2026-01-02,22.16,22.18,22.14,22.17,803756.0,22.1435,,,
2026-01-02 13:35:00,2026-01-02,22.17,22.18,22.14,22.14,514195.00000000006,22.143,,,
2026-01-02 13:40:00,2026-01-02,22.14,22.16,22.13,22.14,770885.0,22.143,,,
2026-01-02 13:45:00,2026-01-02,22.15,22.16,22.11,22.11,525245.0,22.1405,,,
2026-01-02 13:50:00,2026-01-02,22.11,22.14,22.11,22.13,277617.0,22.1395,,,
2026-01-02 13:55:00,2026-01-02,22.12,22.14,22.12,22.13,343527.0,22.141,,,
2026-01-02 14:00:00,2026-01-02,22.14,22.17,22.13,22.15,666808.0,22.1435,,,
2026-01-02 14:05:00,2026-01-02,22.14,22.17,22.13,22.16,357302.0,22.1445,,,
2026-01-02 14:10:00,2026-01-02,22.15,22.17,22.14,22.14,294293.0,22.145999999999997,,,
2026-01-02 14:15:00,2026-01-02,22.14,22.17,22.14,22.16,875052.0,22.148500000000002,,,
2026-01-02 14:20:00,2026-01-02,22.16,22.17,22.14,22.17,602589.0,22.152,,,
2026-01-02 14:25:00,2026-01-02,22.15,22.22,22.15,22.21,1829000.0,22.155,,,
2026-01-02 14:30:00,2026-01-02,22.21,22.22,22.17,22.19,667471.0,22.1555,,,
2026-01-02 14:35:00,2026-01-02,22.19,22.19,22.17,22.18,863771.0,22.157,,,
2026-01-02 14:40:00,2026-01-02,22.18,22.19,22.17,22.18,559939.0,22.1585,,,
2026-01-02 14:45:00,2026-01-02,22.18,22.22,22.18,22.22,1714000.0,22.161499999999997,,,
2026-01-02 14:50:00,2026-01-02,22.21,22.24,22.2,22.22,1311000.0,22.165,,,
2026-01-02 14:55:00,2026-01-02,22.23,22.3,22.22,22.28,2861000.0,22.171,,,
2026-01-02 15:00:00,2026-01-02,22.29,22.32,22.28,22.29,2376000.0,22.1765,,,
2026-01-02 15:05:00,2026-01-02,22.28,22.29,22.22,22.27,2462000.0,22.182,,,
2026-01-02 15:10:00,2026-01-02,22.27,22.28,22.25,22.28,1487000.0,22.1875,,,
2026-01-02 15:15:00,2026-01-02,22.28,22.3,22.26,22.29,4657000.0,22.195,,,
2026-01-02 15:20:00,2026-01-02,22.29,22.31,22.26,22.29,3373000.0,22.2025,,,
2026-01-02 15:25:00,2026-01-02,22.29,22.34,22.29,22.31,5401000.0,22.2125,,,
2026-01-05 09:15:00,2026-01-05,22.35,22.49,22.27,22.39,9350000.0,22.2255,,,
2026-01-05 09:20:00,2026-01-05,22.39,22.4,22.3,22.31,3517000.0,22.2345,,,
2026-01-05 09:25:00,2026-01-05,22.31,22.4,22.26,22.35,2742000.0,22.2445,,,
2026-01-05 09:30:00,2026-01-05,22.36,22.39,22.31,22.35,1923000.0,22.253999999999998,,,
2026-01-05 09:35:00,2026-01-05,22.34,22.36,22.26,22.32,1650000.0,22.262999999999998,,,
2026-01-05 09:40:00,2026-01-05,22.31,22.4,22.28,22.3,2157000.0,22.27,,,
2026-01-05 09:45:00,2026-01-05,22.3,22.33,22.27,22.32,1733000.0,22.277499999999996,,,
2026-01-05 09:50:00,2026-01-05,22.33,22.34,22.28,22.3,1698000.0,22.282,,,
2026-01-05 09:55:00,2026-01-05,22.3,22.35,22.29,22.32,938511.0,22.2885,,,
2026-01-05 10:00:00,2026-01-05,22.31,22.33,22.22,22.24,3133000.0,22.2915,,,
2026-01-05 10:05:00,2026-01-05,22.25,22.27,22.18,22.23,2196000.0,22.294,,,
2026-01-05 10:10:00,2026-01-05,22.23,22.25,22.2,22.25,665673.0,22.2955,,,
2026-01-05 10:15:00,2026-01-05,22.25,22.25,22.2,22.21,568593.0,22.294999999999998,,,
2026-01-05 10:20:00,2026-01-05,22.22,22.25,22.2,22.23,781730.0,22.2925,,,
2026-01-05 10:25:00,2026-01-05,22.23,22.3,22.23,22.3,796856.0,22.293,,,
2026-01-05 10:30:00,2026-01-05,22.3,22.54,22.29,22.53,6071000.0,22.306,,,
2026-01-05 10:35:00,2026-01-05,22.52,22.55,22.4,22.42,4089000.0000000005,22.313,,,
2026-01-05 10:40:00,2026-01-05,22.41,22.42,22.35,22.41,2085999.9999999998,22.319000000000003,,,
2026-01-05 10:45:00,2026-01-05,22.4,22.45,22.4,22.44,824979.0,22.326500000000003,,,
2026-01-05 10:50:00,2026-01-05,22.45,22.49,22.42,22.43,897013.0,22.3325,,,
2026-01-05 10:55:00,2026-01-05,22.42,22.44,22.39,22.4,1133000.0,22.333000000000002,,,
2026-01-05 11:00:00,2026-01-05,22.4,22.43,22.4,22.43,455425.0,22.339000000000002,,,
2026-01-05 11:05:00,2026-01-05,22.42,22.43,22.33,22.35,1791000.0,22.339,,,
2026-01-05 11:10:00,2026-01-05,22.37,22.39,22.34,22.39,1070000.0,22.341,,,
2026-01-05 11:15:00,2026-01-05,22.38,22.4,22.35,22.36,706522.0,22.342999999999996,,,
2026-01-05 11:20:00,2026-01-05,22.36,22.37,22.32,22.32,1254000.0,22.344,,,
2026-01-05 11:25:00,2026-01-05,22.33,22.36,22.3,22.35,2177000.0,22.3455,,,
2026-01-05 11:30:00,2026-01-05,22.35,22.39,22.33,22.38,817501.0,22.3495,,,
2026-01-05 11:35:00,2026-01-05,22.38,22.39,22.36,22.38,668849.0,22.3525,,,
2026-01-05 11:40:00,2026-01-05,22.37,22.44,22.36,22.44,511989.0,22.3625,,,
2026-01-05 11:45:00,2026-01-05,22.43,22.52,22.42,22.5,2735000.0,22.375999999999998,,,
2026-01-05 11:50:00,2026-01-05,22.5,22.53,22.45,22.46,1016000.0,22.3865,,,
2026-01-05 11:55:00,2026-01-05,22.45,22.5,22.44,22.48,1989000.0,22.4,,,
2026-01-05 12:00:00,2026-01-05,22.48,22.49,22.45,22.46,985608.0,22.4115,,,
2026-01-05 12:05:00,2026-01-05,22.46,22.48,22.45,22.46,544167.0,22.4195,,,
2026-01-05 12:10:00,2026-01-05,22.47,22.47,22.45,22.46,310452.0,22.416000000000004,,,
2026-01-05 12:15:00,2026-01-05,22.46,22.47,22.45,22.46,218095.0,22.418,,,
2026-01-05 12:20:00,2026-01-05,22.45,22.46,22.45,22.46,214301.0,22.420499999999997,,,
2026-01-05 12:25:00,2026-01-05,22.46,22.47,22.45,22.46,366198.0,22.4215,,,
2026-01-05 12:30:00,2026-01-05,22.46,22.49,22.45,22.46,627542.0,22.423,,,
2026-01-05 12:35:00,2026-01-05,22.46,22.48,22.41,22.41,476135.0,22.4235,,,
2026-01-05 12:40:00,2026-01-05,22.42,22.46,22.36,22.43,2004000.0,22.423499999999997,,,
2026-01-05 12:45:00,2026-01-05,22.43,22.59,22.43,22.56,3413000.0,22.434,,,
2026-01-05 12:50:00,2026-01-05,22.56,22.65,22.54,22.64,3843000.0,22.4465,,,
2026-01-05 12:55:00,2026-01-05,22.63,22.65,22.53,22.6,2045000.0,22.4585,,,
2026-01-05 13:00:00,2026-01-05,22.58,22.62,22.55,22.56,1542000.0,22.4705,,,
2026-01-05 13:05:00,2026-01-05,22.57,22.75,22.55,22.71,5875000.0,22.488500000000002,,,
2026-01-05 13:10:00,2026-01-05,22.71,22.8,22.7,22.75,3699000.0,22.507,,,
2026-01-05 13:15:00,2026-01-05,22.75,22.75,22.65,22.69,1598000.0,22.5225,,,
2026-01-05 13:20:00,2026-01-05,22.69,22.78,22.63,22.75,1957000.0,22.538000000000004,,,
2026-01-05 13:25:00,2026-01-05,22.76,22.79,22.71,22.73,1572000.0,22.549500000000002,,,
2026-01-05 13:30:00,2026-01-05,22.73,22.74,22.64,22.66,1385000.0,22.5595,,,
2026-01-05 13:35:00,2026-01-05,22.67,22.67,22.6,22.6,1415000.0,22.565500000000004,,,
2026-01-05 13:40:00,2026-01-05,22.6,22.62,22.56,22.6,891291.0,22.572499999999998,,,
2026-01-05 13:45:00,2026-01-05,22.6,22.61,22.55,22.55,765829.0,22.577,,,
2026-01-05 13:50:00,2026-01-05,22.56,22.56,22.48,22.53,1811000.0,22.5805,,,
2026-01-05 13:55:00,2026-01-05,22.54,22.55,22.49,22.52,1081000.0,22.5835,,,
2026-01-05 14:00:00,2026-01-05,22.53,22.57,22.5,22.52,2615000.0,22.5865,,,
2026-01-05 14:05:00,2026-01-05,22.53,22.56,22.51,22.55,1028999.9999999999,22.591,,,
2026-01-05 14:10:00,2026-01-05,22.56,22.59,22.54,22.57,846794.0,22.5965,,,
2026-01-05 14:15:00,2026-01-05,22.57,22.64,22.56,22.61,1582000.0,22.6065,,,
2026-01-05 14:20:00,2026-01-05,22.61,22.87,22.59,22.85,7628000.0,22.6275,,,
2026-01-05 14:25:00,2026-01-05,22.86,22.89,22.78,22.82,5361000.0,22.640500000000003,,,
2026-01-05 14:30:00,2026-01-05,22.82,22.84,22.77,22.79,1790000.0,22.648,,,
2026-01-05 14:35:00,2026-01-05,22.79,22.81,22.75,22.75,2338000.0,22.6555,,,
2026-01-05 14:40:00,2026-01-05,22.77,22.87,22.77,22.85,2850000.0,22.67,,,
2026-01-05 14:45:00,2026-01-05,22.85,22.87,22.83,22.87,2193000.0,22.678,,,
2026-01-05 14:50:00,2026-01-05,22.86,22.87,22.82,22.84,1775000.0,22.682499999999997,,,
2026-01-05 14:55:00,2026-01-05,22.85,22.89,22.82,22.87,2176000.0,22.691499999999998,,,
2026-01-05 15:00:00,2026-01-05,22.88,22.91,22.85,22.86,2634000.0,22.697,,,
2026-01-05 15:05:00,2026-01-05,22.86,22.88,22.82,22.84,2140000.0,22.7025,,,
2026-01-05 15:10:00,2026-01-05,22.82,22.89,22.81,22.86,3243000.0,22.7125,,,
2026-01-05 15:15:00,2026-01-05,22.87,22.87,22.81,22.82,3330000.0,22.723499999999998,,,
2026-01-05 15:20:00,2026-01-05,22.81,22.82,22.78,22.78,2286000.0,22.7325,,,
2026-01-05 15:25:00,2026-01-05,22.78,22.82,22.77,22.79,4217000.0,22.7445,,,
2026-01-06 09:15:00,2026-01-06,22.8,23.13,22.75,23.06,10265000.0,22.771,,,
2026-01-06 09:20:00,2026-01-06,23.06,23.1,22.92,22.95,5072000.0,22.792499999999997,,,
2026-01-06 09:25:00,2026-01-06,22.94,23.08,22.89,23.0,4362000.0,22.816499999999998,,,
2026-01-06 09:30:00,2026-01-06,23.01,23.05,22.95,23.01,2323000.0,22.8395,,,
2026-01-06 09:35:00,2026-01-06,23.03,23.14,23.01,23.09,5224000.0,22.8655,,,
2026-01-06 09:40:00,2026-01-06,23.09,23.09,23.02,23.04,1382000.0,22.887,,,
2026-01-06 09:45:00,2026-01-06,23.05,23.1,23.04,23.1,2923000.0,22.8995,,,
2026-01-06 09:50:00,2026-01-06,23.1,23.1,23.01,23.05,3740000.0,22.910999999999998,,,
2026-01-06 09:55:00,2026-01-06,23.05,23.14,23.05,23.1,3189000.0,22.9265,,,
2026-01-06 10:00:00,2026-01-06,23.11,23.14,23.09,23.13,1797000.0,22.945500000000003,,,
2026-01-06 10:05:00,2026-01-06,23.13,23.2,23.1,23.19,5244000.0,22.9625,,,
2026-01-06 10:10:00,2026-01-06,23.18,23.19,23.14,23.15,1633000.0,22.976499999999998,,,
2026-01-06 10:15:00,2026-01-06,23.15,23.18,23.08,23.1,2560000.0,22.9895,,,
2026-01-06 10:20:00,2026-01-06,23.09,23.1,22.96,22.97,3551000.0,22.9945,,,
2026-01-06 10:25:00,2026-01-06,22.97,23.0,22.97,22.99,1381000.0,23.000999999999998,,,
2026-01-06 10:30:00,2026-01-06,23.0,23.07,22.99,23.02,1884000.0,23.009999999999998,,,
2026-01-06 10:35:00,2026-01-06,23.03,23.03,22.93,22.95,2701000.0,23.0145,,,
2026-01-06 10:40:00,2026-01-06,22.96,23.01,22.95,22.99,1018999.9999999999,23.023,,,
2026-01-06 10:45:00,2026-01-06,22.98,23.01,22.97,22.98,747991.0,23.032999999999998,,,
2026-01-06 10:50:00,2026-01-06,22.97,22.99,22.93,22.96,812447.0,23.041500000000003,,,
2026-01-06 10:55:00,2026-01-06,22.95,23.0,22.95,23.0,1008000.0,23.0385,,,
2026-01-06 11:00:00,2026-01-06,23.0,23.0,22.96,22.98,701706.0,23.04,,,
2026-01-06 11:05:00,2026-01-06,22.98,22.99,22.97,22.99,291853.0,23.0395,,,
2026-01-06 11:10:00,2026-01-06,22.99,22.99,22.95,22.95,1008999.9999999999,23.036499999999997,,,
2026-01-06 11:15:00,2026-01-06,22.95,22.96,22.88,22.9,1797000.0,23.027,,,
2026-01-06 11:20:00,2026-01-06,22.9,22.94,22.85,22.94,1456000.0,23.022,,,
2026-01-06 11:25:00,2026-01-06,22.94,22.96,22.93,22.95,926336.0,23.0145,,,
2026-01-06 11:30:00,2026-01-06,22.95,22.99,22.94,22.97,754270.0,23.0105,,,
2026-01-06 11:35:00,2026-01-06,22.97,23.0,22.94,22.94,955997.0,23.002499999999998,,,
2026-01-06 11:40:00,2026-01-06,22.95,22.98,22.94,22.95,1044000.0,22.9935,,,
2026-01-06 11:45:00,2026-01-06,22.96,22.98,22.94,22.97,977396.0,22.982499999999998,,,
2026-01-06 11:50:00,2026-01-06,22.97,22.98,22.93,22.94,655357.0,22.972,,,
2026-01-06 11:55:00,2026-01-06,22.95,22.95,22.92,22.93,402767.0,22.9635,,,
2026-01-06 12:00:00,2026-01-06,22.92,22.93,22.86,22.89,1224000.0,22.9595,,,
2026-01-06 12:05:00,2026-01-06,22.89,22.9,22.82,22.84,1736000.0,22.952,,,
2026-01-06 12:10:00,2026-01-06,22.84,22.85,22.82,22.84,786824.0,22.943,,,
2026-01-06 12:15:00,2026-01-06,22.83,22.85,22.81,22.81,711248.0,22.936,,,
2026-01-06 12:20:00,2026-01-06,22.82,22.83,22.75,22.76,1249000.0,22.924500000000002,,,
2026-01-06 12:25:00,2026-01-06,22.76,22.79,22.75,22.77,772084.0,22.914,,,
2026-01-06 12:30:00,2026-01-06,22.78,22.8,22.75,22.78,532232.0,22.905,,,
2026-01-06 12:35:00,2026-01-06,22.79,22.8,22.79,22.8,422206.0,22.895000000000003,,,
2026-01-06 12:40:00,2026-01-06,22.79,22.8,22.78,22.8,315131.0,22.886000000000003,,,
2026-01-06 12:45:00,2026-01-06,22.8,22.82,22.78,22.8,1065000.0,22.8765,,,
2026-01-06 12:50:00,2026-01-06,22.79,22.85,22.78,22.8,974673.0,22.869,,,
2026-01-06 12:55:00,2026-01-06,22.8,22.83,22.78,22.82,657171.0,22.865,,,
2026-01-06 13:00:00,2026-01-06,22.81,22.83,22.78,22.8,526742.0,22.857999999999997,,,
2026-01-06 13:05:00,2026-01-06,22.79,22.81,22.78,22.8,348064.0,22.8505,,,
2026-01-06 13:10:00,2026-01-06,22.8,22.82,22.78,22.8,249150.0,22.842000000000002,,,
2026-01-06 13:15:00,2026-01-06,22.8,22.81,22.77,22.79,616453.0,22.834500000000002,,,
2026-01-06 13:20:00,2026-01-06,22.79,22.81,22.78,22.8,343453.0,22.826999999999998,,,
2026-01-06 13:25:00,2026-01-06,22.8,22.82,22.76,22.78,464782.0,22.817500000000003,,,
2026-01-06 13:30:00,2026-01-06,22.79,22.79,22.71,22.73,1307000.0,22.807,,,
2026-01-06 13:35:00,2026-01-06,22.73,22.77,22.72,22.73,815226.0,22.797,,,
2026-01-06 13:40:00,2026-01-06,22.74,22.79,22.72,22.77,749413.0,22.791000000000004,,,
2026-01-06 13:45:00,2026-01-06,22.79,22.81,22.77,22.78,689402.0,22.788,,,
2026-01-06 13:50:00,2026-01-06,22.79,22.82,22.76,22.79,430126.0,22.785500000000003,,,
2026-01-06 13:55:00,2026-01-06,22.79,22.79,22.76,22.77,253222.0,22.7835,,,
2026-01-06 14:00:00,2026-01-06,22.77,22.78,22.71,22.72,459583.0,22.7815,,,
2026-01-06 14:05:00,2026-01-06,22.72,22.74,22.67,22.68,1594000.0,22.776999999999997,,,
2026-01-06 14:10:00,2026-01-06,22.7,22.71,22.67,22.7,691797.0,22.773000000000003,,,
2026-01-06 14:15:00,2026-01-06,22.69,22.7,22.67,22.68,863395.0,22.767,,,
2026-01-06 14:20:00,2026-01-06,22.69,22.7,22.67,22.69,809105.0,22.761499999999998,,,
2026-01-06 14:25:00,2026-01-06,22.68,22.73,22.68,22.72,891548.0,22.7575,,,
2026-01-06 14:30:00,2026-01-06,22.73,22.73,22.67,22.7,739630.0,22.7525,,,
2026-01-06 14:35:00,2026-01-06,22.7,22.72,22.67,22.7,880960.0,22.7465,,,
2026-01-06 14:40:00,2026-01-06,22.69,22.76,22.69,22.75,918845.0,22.744,,,
2026-01-06 14:45:00,2026-01-06,22.74,22.78,22.73,22.78,655714.0,22.743000000000002,,,
2026-01-06 14:50:00,2026-01-06,22.78,22.81,22.75,22.8,1167000.0,22.743000000000002,,,
2026-01-06 14:55:00,2026-01-06,22.79,22.83,22.78,22.82,973986.0,22.744500000000002,,,
2026-01-06 15:00:00,2026-01-06,22.83,22.85,22.78,22.81,1990000.0,22.745,,,
2026-01-06 15:05:00,2026-01-06,22.81,22.84,22.8,22.81,2249000.0,22.7465,,,
2026-01-06 15:10:00,2026-01-06,22.81,22.83,22.78,22.81,5418000.0,22.750500000000002,,,
2026-01-06 15:15:00,2026-01-06,22.82,22.83,22.79,22.82,3260000.0,22.755000000000003,,,
2026-01-06 15:20:00,2026-01-06,22.82,22.83,22.8,22.82,2584000.0,22.7575,,,
2026-01-06 15:25:00,2026-01-06,22.82,22.85,22.8,22.84,4032000.0,22.7605,,,
2026-01-07 09:15:00,2026-01-07,22.89,23.14,22.72,23.1,9380000.0,22.776,,,
2026-01-07 09:20:00,2026-01-07,23.11,23.23,23.05,23.23,8269000.0,22.799,,,
2026-01-07 09:25:00,2026-01-07,23.22,23.25,23.13,23.18,6046000.0,22.822,,,
2026-01-07 09:30:00,2026-01-07,23.16,23.17,23.07,23.12,2423000.0,22.844,,,
2026-01-07 09:35:00,2026-01-07,23.12,23.13,23.05,23.05,2127000.0,22.8615,,,
2026-01-07 09:40:00,2026-01-07,23.06,23.1,23.02,23.03,2799000.0,22.879,,,
2026-01-07 09:45:00,2026-01-07,23.03,23.07,22.98,23.01,3000000.0,22.895000000000003,,,
2026-01-07 09:50:00,2026-01-07,23.0,23.03,22.97,22.99,1920000.0,22.9085,,,
2026-01-07 09:55:00,2026-01-07,23.0,23.1,22.99,23.08,3443000.0,22.927500000000002,,,
2026-01-07 10:00:00,2026-01-07,23.08,23.09,23.05,23.05,1020000.0,22.945,,,
2026-01-07 10:05:00,2026-01-07,23.06,23.07,22.99,23.06,2292000.0,22.960500000000003,,,
2026-01-07 10:10:00,2026-01-07,23.06,23.12,23.04,23.11,2308000.0,22.976999999999997,,,
2026-01-07 10:15:00,2026-01-07,23.1,23.15,23.07,23.08,2188000.0,22.991,,,
2026-01-07 10:20:00,2026-01-07,23.09,23.09,23.03,23.06,952422.0,23.003,,,
2026-01-07 10:25:00,2026-01-07,23.05,23.08,23.04,23.07,955554.0,23.016,,,
2026-01-07 10:30:00,2026-01-07,23.07,23.09,23.05,23.07,759501.0,23.029,,,
2026-01-07 10:35:00,2026-01-07,23.07,23.09,23.06,23.07,950131.0,23.041999999999998,,,
2026-01-07 10:40:00,2026-01-07,23.08,23.09,23.07,23.09,702927.0,23.0555,,,
2026-01-07 10:45:00,2026-01-07,23.08,23.09,23.06,23.07,800325.0,23.068,,,
2026-01-07 10:50:00,2026-01-07,23.07,23.15,23.07,23.15,1417000.0,23.0835,,,
2026-01-07 10:55:00,2026-01-07,23.14,23.18,23.1,23.12,2512000.0,23.0845,,,
2026-01-07 11:00:00,2026-01-07,23.14,23.14,23.12,23.13,763952.0,23.0795,,,
2026-01-07 11:05:00,2026-01-07,23.14,23.16,23.13,23.14,1277000.0,23.0775,,,
2026-01-07 11:10:00,2026-01-07,23.15,23.15,23.13,23.14,970840.0,23.0785,,,
2026-01-07 11:15:00,2026-01-07,23.15,23.2,23.13,23.19,2316000.0,23.085500000000003,,,
2026-01-07 11:20:00,2026-01-07,23.2,23.2,23.12,23.13,1314000.0,23.0905,,,
2026-01-07 11:25:00,2026-01-07,23.13,23.2,23.13,23.17,1401000.0,23.098499999999998,,,
2026-01-07 11:30:00,2026-01-07,23.17,23.2,23.15,23.2,4525000.0,23.108999999999998,,,
2026-01-07 11:35:00,2026-01-07,23.19,23.2,23.16,23.17,1118000.0,23.1135,,,
2026-01-07 11:40:00,2026-01-07,23.17,23.18,23.16,23.18,591829.0,23.119999999999997,,,
2026-01-07 11:45:00,2026-01-07,23.16,23.25,23.16,23.21,5725000.0,23.127499999999998,,,
2026-01-07 11:50:00,2026-01-07,23.21,23.24,23.19,23.22,1903000.0,23.133000000000003,,,
2026-01-07 11:55:00,2026-01-07,23.23,23.25,23.2,23.24,3369000.0,23.141,,,
2026-01-07 12:00:00,2026-01-07,23.24,23.3,23.22,23.24,4776000.0,23.15,,,
2026-01-07 12:05:00,2026-01-07,23.24,23.3,23.23,23.29,2242000.0,23.160999999999998,,,
2026-01-07 12:10:00,2026-01-07,23.29,23.29,23.25,23.27,1504000.0,23.171,,,
2026-01-07 12:15:00,2026-01-07,23.26,23.28,23.24,23.24,1408000.0,23.179499999999997,,,
2026-01-07 12:20:00,2026-01-07,23.24,23.28,23.22,23.26,1526000.0,23.188000000000002,,,
2026-01-07 12:25:00,2026-01-07,23.27,23.29,23.25,23.28,1353000.0,23.1985,,,
2026-01-07 12:30:00,2026-01-07,23.27,23.29,23.25,23.27,808050.0,23.2045,,,
2026-01-07 12:35:00,2026-01-07,23.27,23.29,23.26,23.27,1516000.0,23.212,,,
2026-01-07 12:40:00,2026-01-07,23.26,23.28,23.25,23.26,1018000.0,23.2185,,,
2026-01-07 12:45:00,2026-01-07,23.26,23.26,23.22,23.24,2052000.0,23.2235,,,
2026-01-07 12:50:00,2026-01-07,23.25,23.28,23.24,23.27,1809000.0,23.23,,,
2026-01-07 12:55:00,2026-01-07,23.27,23.34,23.27,23.32,5955000.0,23.2365,,,
2026-01-07 13:00:00,2026-01-07,23.32,23.34,23.3,23.32,1742000.0,23.246,,,
2026-01-07 13:05:00,2026-01-07,23.32,23.33,23.3,23.32,925453.0,23.2535,,,
2026-01-07 13:10:00,2026-01-07,23.32,23.33,23.27,23.29,1612000.0,23.258000000000003,,,
2026-01-07 13:15:00,2026-01-07,23.29,23.32,23.27,23.3,930008.0,23.2645,,,
2026-01-07 13:20:00,2026-01-07,23.3,23.33,23.3,23.32,999615.0,23.2715,,,
2026-01-07 13:25:00,2026-01-07,23.32,23.32,23.24,23.24,1842000.0,23.273000000000003,,,
2026-01-07 13:30:00,2026-01-07,23.26,23.28,23.25,23.26,756781.0,23.275,,,
2026-01-07 13:35:00,2026-01-07,23.26,23.3,23.25,23.28,1676000.0,23.276999999999997,,,
2026-01-07 13:40:00,2026-01-07,23.28,23.29,23.25,23.28,1132000.0,23.279,,,
2026-01-07 13:45:00,2026-01-07,23.28,23.34,23.28,23.33,1956000.0,23.281,,,
2026-01-07 13:50:00,2026-01-07,23.33,23.34,23.3,23.32,1124000.0,23.283499999999997,,,
2026-01-07 13:55:00,2026-01-07,23.31,23.34,23.26,23.32,3440000.0,23.2875,,,
2026-01-07 14:00:00,2026-01-07,23.33,23.34,23.3,23.34,1685000.0,23.2915,,,
2026-01-07 14:05:00,2026-01-07,23.33,23.39,23.33,23.36,3999000.0,23.2955,,,
2026-01-07 14:10:00,2026-01-07,23.36,23.37,23.28,23.3,1771000.0,23.297,,,
2026-01-07 14:15:00,2026-01-07,23.29,23.32,23.28,23.3,1279000.0,23.298499999999997,,,
2026-01-07 14:20:00,2026-01-07,23.3,23.3,23.25,23.27,1450000.0,23.299,,,
2026-01-07 14:25:00,2026-01-07,23.28,23.32,23.27,23.32,1026999.9999999999,23.303,,,
2026-01-07 14:30:00,2026-01-07,23.32,23.33,23.29,23.31,1746000.0,23.305,,,
2026-01-07 14:35:00,2026-01-07,23.3,23.34,23.3,23.33,1779000.0,23.305500000000002,,,
2026-01-07 14:40:00,2026-01-07,23.33,23.38,23.33,23.38,2436000.0,23.308500000000002,,,
2026-01-07 14:45:00,2026-01-07,23.39,23.4,23.36,23.39,2478000.0,23.312,,,
2026-01-07 14:50:00,2026-01-07,23.39,23.42,23.39,23.41,3350000.0,23.318,,,
2026-01-07 14:55:00,2026-01-07,23.4,23.46,23.4,23.45,3486000.0,23.325499999999998,,,
2026-01-07 15:00:00,2026-01-07,23.45,23.47,23.45,23.47,2632000.0,23.333,,,
2026-01-07 15:05:00,2026-01-07,23.46,23.55,23.46,23.53,10199000.0,23.3475,,,
2026-01-07 15:10:00,2026-01-07,23.52,23.55,23.5,23.54,3364000.0,23.3615,,,
2026-01-07 15:15:00,2026-01-07,23.55,23.57,23.5,23.55,8192000.0,23.375,,,
2026-01-07 15:20:00,2026-01-07,23.54,23.55,23.48,23.48,4657000.0,23.384999999999998,,,
2026-01-07 15:25:00,2026-01-07,23.49,23.53,23.46,23.46,7310000.0,23.3915,,,
